1,9,QmtoCbG8y6ISPfdGA9Y4AQ83g2M=,ZIwYwj7ujeLyvTHzALia8iT9ea8=
1,8,QmtoCbG8y6ISPfdGA9Y4AQ83g2M=,ZIwYwj7ujeLyvTHzALia8iT9ea8=
2,8,QmtoCbG8y6ISPfdGA9Y4AQ83g2M=,ZIwYwj7ujeLyvTHzALia8iT9ea8=
1,10,pwzCT/3ORaAVKQo/KFPA84lA1ts=,ZIwYwj7ujeLyvTHzALia8iT9ea8=
2,11,HyLLo118H4RUtXOnSTUaJcnYVm8=,ZIwYwj7ujeLyvTHzALia8iT9ea8=
2,9,QmtoCbG8y6ISPfdGA9Y4AQ83g2M=,ZIwYwj7ujeLyvTHzALia8iT9ea8=
1,11,HyLLo118H4RUtXOnSTUaJcnYVm8=,ZIwYwj7ujeLyvTHzALia8iT9ea8=
0,8,HyLLo118H4RUtXOnSTUaJcnYVm8=,ZIwYwj7ujeLyvTHzALia8iT9ea8=
0,10,QmtoCbG8y6ISPfdGA9Y4AQ83g2M=,ZIwYwj7ujeLyvTHzALia8iT9ea8=
0,11,HyLLo118H4RUtXOnSTUaJcnYVm8=,ZIwYwj7ujeLyvTHzALia8iT9ea8=
3,9,aSQsTCsA6d12++Wfis1FMy96iHw=,ZIwYwj7ujeLyvTHzALia8iT9ea8=
0,9,QmtoCbG8y6ISPfdGA9Y4AQ83g2M=,ZIwYwj7ujeLyvTHzALia8iT9ea8=
3,10,HyLLo118H4RUtXOnSTUaJcnYVm8=,ZIwYwj7ujeLyvTHzALia8iT9ea8=
3,8,aSQsTCsA6d12++Wfis1FMy96iHw=,ZIwYwj7ujeLyvTHzALia8iT9ea8=
4,8,aSQsTCsA6d12++Wfis1FMy96iHw=,78g9neE2BwbZTESo1QqTfMBopMQ=
5,8,HyLLo118H4RUtXOnSTUaJcnYVm8=,78g9neE2BwbZTESo1QqTfMBopMQ=
5,10,pwzCT/3ORaAVKQo/KFPA84lA1ts=,78g9neE2BwbZTESo1QqTfMBopMQ=
4,10,HyLLo118H4RUtXOnSTUaJcnYVm8=,78g9neE2BwbZTESo1QqTfMBopMQ=
6,8,HyLLo118H4RUtXOnSTUaJcnYVm8=,78g9neE2BwbZTESo1QqTfMBopMQ=
6,9,HyLLo118H4RUtXOnSTUaJcnYVm8=,78g9neE2BwbZTESo1QqTfMBopMQ=
4,9,HyLLo118H4RUtXOnSTUaJcnYVm8=,78g9neE2BwbZTESo1QqTfMBopMQ=
5,9,HyLLo118H4RUtXOnSTUaJcnYVm8=,78g9neE2BwbZTESo1QqTfMBopMQ=
7,10,HyLLo118H4RUtXOnSTUaJcnYVm8=,78g9neE2BwbZTESo1QqTfMBopMQ=
7,8,HyLLo118H4RUtXOnSTUaJcnYVm8=,78g9neE2BwbZTESo1QqTfMBopMQ=
7,9,HyLLo118H4RUtXOnSTUaJcnYVm8=,78g9neE2BwbZTESo1QqTfMBopMQ=
10,11,HyLLo118H4RUtXOnSTUaJcnYVm8=,KYk0aB3ItGNnysM8lqIbTJR3FYs=
9,11,HyLLo118H4RUtXOnSTUaJcnYVm8=,KYk0aB3ItGNnysM8lqIbTJR3FYs=
2,10,QmtoCbG8y6ISPfdGA9Y4AQ83g2M=,ZIwYwj7ujeLyvTHzALia8iT9ea8=
11,9,HyLLo118H4RUtXOnSTUaJcnYVm8=,KYk0aB3ItGNnysM8lqIbTJR3FYs=
9,9,HyLLo118H4RUtXOnSTUaJcnYVm8=,KYk0aB3ItGNnysM8lqIbTJR3FYs=
11,10,HyLLo118H4RUtXOnSTUaJcnYVm8=,KYk0aB3ItGNnysM8lqIbTJR3FYs=
10,10,HyLLo118H4RUtXOnSTUaJcnYVm8=,KYk0aB3ItGNnysM8lqIbTJR3FYs=
10,8,HyLLo118H4RUtXOnSTUaJcnYVm8=,KYk0aB3ItGNnysM8lqIbTJR3FYs=
9,8,HyLLo118H4RUtXOnSTUaJcnYVm8=,KYk0aB3ItGNnysM8lqIbTJR3FYs=
8,8,HyLLo118H4RUtXOnSTUaJcnYVm8=,KYk0aB3ItGNnysM8lqIbTJR3FYs=
7,11,HyLLo118H4RUtXOnSTUaJcnYVm8=,78g9neE2BwbZTESo1QqTfMBopMQ=
5,11,HyLLo118H4RUtXOnSTUaJcnYVm8=,78g9neE2BwbZTESo1QqTfMBopMQ=
11,8,HyLLo118H4RUtXOnSTUaJcnYVm8=,KYk0aB3ItGNnysM8lqIbTJR3FYs=
11,11,HyLLo118H4RUtXOnSTUaJcnYVm8=,KYk0aB3ItGNnysM8lqIbTJR3FYs=
4,11,HyLLo118H4RUtXOnSTUaJcnYVm8=,78g9neE2BwbZTESo1QqTfMBopMQ=
6,11,HyLLo118H4RUtXOnSTUaJcnYVm8=,78g9neE2BwbZTESo1QqTfMBopMQ=
7,15,HyLLo118H4RUtXOnSTUaJcnYVm8=,RKDaODBaFpki9NeOa/2pHAKHn14=
5,15,HyLLo118H4RUtXOnSTUaJcnYVm8=,RKDaODBaFpki9NeOa/2pHAKHn14=
6,15,HyLLo118H4RUtXOnSTUaJcnYVm8=,RKDaODBaFpki9NeOa/2pHAKHn14=
7,14,HyLLo118H4RUtXOnSTUaJcnYVm8=,RKDaODBaFpki9NeOa/2pHAKHn14=
4,15,HyLLo118H4RUtXOnSTUaJcnYVm8=,RKDaODBaFpki9NeOa/2pHAKHn14=
6,14,HyLLo118H4RUtXOnSTUaJcnYVm8=,RKDaODBaFpki9NeOa/2pHAKHn14=
4,14,HyLLo118H4RUtXOnSTUaJcnYVm8=,RKDaODBaFpki9NeOa/2pHAKHn14=
5,14,HyLLo118H4RUtXOnSTUaJcnYVm8=,RKDaODBaFpki9NeOa/2pHAKHn14=
6,13,HyLLo118H4RUtXOnSTUaJcnYVm8=,RKDaODBaFpki9NeOa/2pHAKHn14=
7,13,HyLLo118H4RUtXOnSTUaJcnYVm8=,RKDaODBaFpki9NeOa/2pHAKHn14=
5,13,HyLLo118H4RUtXOnSTUaJcnYVm8=,RKDaODBaFpki9NeOa/2pHAKHn14=
4,13,HyLLo118H4RUtXOnSTUaJcnYVm8=,RKDaODBaFpki9NeOa/2pHAKHn14=
7,12,HyLLo118H4RUtXOnSTUaJcnYVm8=,RKDaODBaFpki9NeOa/2pHAKHn14=
6,12,HyLLo118H4RUtXOnSTUaJcnYVm8=,RKDaODBaFpki9NeOa/2pHAKHn14=
5,12,HyLLo118H4RUtXOnSTUaJcnYVm8=,RKDaODBaFpki9NeOa/2pHAKHn14=
4,12,HyLLo118H4RUtXOnSTUaJcnYVm8=,RKDaODBaFpki9NeOa/2pHAKHn14=
8,11,HyLLo118H4RUtXOnSTUaJcnYVm8=,KYk0aB3ItGNnysM8lqIbTJR3FYs=
3,11,HyLLo118H4RUtXOnSTUaJcnYVm8=,ZIwYwj7ujeLyvTHzALia8iT9ea8=
9,10,HyLLo118H4RUtXOnSTUaJcnYVm8=,KYk0aB3ItGNnysM8lqIbTJR3FYs=
10,9,HyLLo118H4RUtXOnSTUaJcnYVm8=,KYk0aB3ItGNnysM8lqIbTJR3FYs=
8,9,HyLLo118H4RUtXOnSTUaJcnYVm8=,KYk0aB3ItGNnysM8lqIbTJR3FYs=
8,10,HyLLo118H4RUtXOnSTUaJcnYVm8=,KYk0aB3ItGNnysM8lqIbTJR3FYs=
6,10,aSQsTCsA6d12++Wfis1FMy96iHw=,78g9neE2BwbZTESo1QqTfMBopMQ=
11,13,HyLLo118H4RUtXOnSTUaJcnYVm8=,PF8OmhYl9YbzycQC/A70X2eKDHs=
2,1,HyLLo118H4RUtXOnSTUaJcnYVm8=,mmiXHMKmoKFvEo1tMfXRkqrQTPE=
9,15,HyLLo118H4RUtXOnSTUaJcnYVm8=,PF8OmhYl9YbzycQC/A70X2eKDHs=
10,13,HyLLo118H4RUtXOnSTUaJcnYVm8=,PF8OmhYl9YbzycQC/A70X2eKDHs=
2,2,HyLLo118H4RUtXOnSTUaJcnYVm8=,mmiXHMKmoKFvEo1tMfXRkqrQTPE=
1,1,HyLLo118H4RUtXOnSTUaJcnYVm8=,mmiXHMKmoKFvEo1tMfXRkqrQTPE=
1,3,HyLLo118H4RUtXOnSTUaJcnYVm8=,mmiXHMKmoKFvEo1tMfXRkqrQTPE=
1,2,HyLLo118H4RUtXOnSTUaJcnYVm8=,mmiXHMKmoKFvEo1tMfXRkqrQTPE=
2,3,HyLLo118H4RUtXOnSTUaJcnYVm8=,mmiXHMKmoKFvEo1tMfXRkqrQTPE=
0,2,HyLLo118H4RUtXOnSTUaJcnYVm8=,mmiXHMKmoKFvEo1tMfXRkqrQTPE=
0,1,HyLLo118H4RUtXOnSTUaJcnYVm8=,mmiXHMKmoKFvEo1tMfXRkqrQTPE=
3,2,HyLLo118H4RUtXOnSTUaJcnYVm8=,mmiXHMKmoKFvEo1tMfXRkqrQTPE=
3,3,HyLLo118H4RUtXOnSTUaJcnYVm8=,mmiXHMKmoKFvEo1tMfXRkqrQTPE=
3,1,HyLLo118H4RUtXOnSTUaJcnYVm8=,mmiXHMKmoKFvEo1tMfXRkqrQTPE=
3,0,HyLLo118H4RUtXOnSTUaJcnYVm8=,mmiXHMKmoKFvEo1tMfXRkqrQTPE=
9,14,HyLLo118H4RUtXOnSTUaJcnYVm8=,PF8OmhYl9YbzycQC/A70X2eKDHs=
9,13,HyLLo118H4RUtXOnSTUaJcnYVm8=,PF8OmhYl9YbzycQC/A70X2eKDHs=
0,0,HyLLo118H4RUtXOnSTUaJcnYVm8=,mmiXHMKmoKFvEo1tMfXRkqrQTPE=
10,14,HyLLo118H4RUtXOnSTUaJcnYVm8=,PF8OmhYl9YbzycQC/A70X2eKDHs=
0,3,HyLLo118H4RUtXOnSTUaJcnYVm8=,mmiXHMKmoKFvEo1tMfXRkqrQTPE=
11,15,HyLLo118H4RUtXOnSTUaJcnYVm8=,PF8OmhYl9YbzycQC/A70X2eKDHs=
11,12,HyLLo118H4RUtXOnSTUaJcnYVm8=,PF8OmhYl9YbzycQC/A70X2eKDHs=
9,12,HyLLo118H4RUtXOnSTUaJcnYVm8=,PF8OmhYl9YbzycQC/A70X2eKDHs=
10,15,HyLLo118H4RUtXOnSTUaJcnYVm8=,PF8OmhYl9YbzycQC/A70X2eKDHs=
11,14,HyLLo118H4RUtXOnSTUaJcnYVm8=,PF8OmhYl9YbzycQC/A70X2eKDHs=
10,12,HyLLo118H4RUtXOnSTUaJcnYVm8=,PF8OmhYl9YbzycQC/A70X2eKDHs=
2,0,HyLLo118H4RUtXOnSTUaJcnYVm8=,mmiXHMKmoKFvEo1tMfXRkqrQTPE=
8,15,HyLLo118H4RUtXOnSTUaJcnYVm8=,PF8OmhYl9YbzycQC/A70X2eKDHs=
8,14,HyLLo118H4RUtXOnSTUaJcnYVm8=,PF8OmhYl9YbzycQC/A70X2eKDHs=
8,13,HyLLo118H4RUtXOnSTUaJcnYVm8=,PF8OmhYl9YbzycQC/A70X2eKDHs=
1,0,HyLLo118H4RUtXOnSTUaJcnYVm8=,mmiXHMKmoKFvEo1tMfXRkqrQTPE=
8,12,HyLLo118H4RUtXOnSTUaJcnYVm8=,PF8OmhYl9YbzycQC/A70X2eKDHs=
3,5,QmtoCbG8y6ISPfdGA9Y4AQ83g2M=,YQrhKhujEaM5otws00o4PR07UJI=
1,5,QmtoCbG8y6ISPfdGA9Y4AQ83g2M=,YQrhKhujEaM5otws00o4PR07UJI=
5,6,QmtoCbG8y6ISPfdGA9Y4AQ83g2M=,rF2Tdx9N+eIflCARx4AqVEIqpx8=
2,5,QmtoCbG8y6ISPfdGA9Y4AQ83g2M=,YQrhKhujEaM5otws00o4PR07UJI=
2,6,QmtoCbG8y6ISPfdGA9Y4AQ83g2M=,YQrhKhujEaM5otws00o4PR07UJI=
1,6,QmtoCbG8y6ISPfdGA9Y4AQ83g2M=,YQrhKhujEaM5otws00o4PR07UJI=
6,5,QmtoCbG8y6ISPfdGA9Y4AQ83g2M=,rF2Tdx9N+eIflCARx4AqVEIqpx8=
6,6,QmtoCbG8y6ISPfdGA9Y4AQ83g2M=,rF2Tdx9N+eIflCARx4AqVEIqpx8=
5,5,QmtoCbG8y6ISPfdGA9Y4AQ83g2M=,rF2Tdx9N+eIflCARx4AqVEIqpx8=
3,6,QmtoCbG8y6ISPfdGA9Y4AQ83g2M=,YQrhKhujEaM5otws00o4PR07UJI=
4,6,QmtoCbG8y6ISPfdGA9Y4AQ83g2M=,rF2Tdx9N+eIflCARx4AqVEIqpx8=
2,7,QmtoCbG8y6ISPfdGA9Y4AQ83g2M=,YQrhKhujEaM5otws00o4PR07UJI=
4,5,QmtoCbG8y6ISPfdGA9Y4AQ83g2M=,rF2Tdx9N+eIflCARx4AqVEIqpx8=
1,7,QmtoCbG8y6ISPfdGA9Y4AQ83g2M=,YQrhKhujEaM5otws00o4PR07UJI=
3,7,QmtoCbG8y6ISPfdGA9Y4AQ83g2M=,YQrhKhujEaM5otws00o4PR07UJI=
4,7,aSQsTCsA6d12++Wfis1FMy96iHw=,rF2Tdx9N+eIflCARx4AqVEIqpx8=
5,7,aSQsTCsA6d12++Wfis1FMy96iHw=,rF2Tdx9N+eIflCARx4AqVEIqpx8=
6,7,QmtoCbG8y6ISPfdGA9Y4AQ83g2M=,rF2Tdx9N+eIflCARx4AqVEIqpx8=
10,1,HyLLo118H4RUtXOnSTUaJcnYVm8=,Jy6YRE9RwxJiotHY4aq/psKEGtA=
9,1,HyLLo118H4RUtXOnSTUaJcnYVm8=,Jy6YRE9RwxJiotHY4aq/psKEGtA=
9,2,HyLLo118H4RUtXOnSTUaJcnYVm8=,Jy6YRE9RwxJiotHY4aq/psKEGtA=
10,2,HyLLo118H4RUtXOnSTUaJcnYVm8=,Jy6YRE9RwxJiotHY4aq/psKEGtA=
10,5,HyLLo118H4RUtXOnSTUaJcnYVm8=,hmyuFmJJLI3hPmH3mfWohAl143Q=
10,4,HyLLo118H4RUtXOnSTUaJcnYVm8=,hmyuFmJJLI3hPmH3mfWohAl143Q=
7,6,HyLLo118H4RUtXOnSTUaJcnYVm8=,rF2Tdx9N+eIflCARx4AqVEIqpx8=
9,3,HyLLo118H4RUtXOnSTUaJcnYVm8=,Jy6YRE9RwxJiotHY4aq/psKEGtA=
9,4,HyLLo118H4RUtXOnSTUaJcnYVm8=,hmyuFmJJLI3hPmH3mfWohAl143Q=
9,5,HyLLo118H4RUtXOnSTUaJcnYVm8=,hmyuFmJJLI3hPmH3mfWohAl143Q=
10,6,HyLLo118H4RUtXOnSTUaJcnYVm8=,hmyuFmJJLI3hPmH3mfWohAl143Q=
7,5,HyLLo118H4RUtXOnSTUaJcnYVm8=,rF2Tdx9N+eIflCARx4AqVEIqpx8=
10,3,HyLLo118H4RUtXOnSTUaJcnYVm8=,Jy6YRE9RwxJiotHY4aq/psKEGtA=
8,5,HyLLo118H4RUtXOnSTUaJcnYVm8=,hmyuFmJJLI3hPmH3mfWohAl143Q=
8,6,HyLLo118H4RUtXOnSTUaJcnYVm8=,hmyuFmJJLI3hPmH3mfWohAl143Q=
9,6,HyLLo118H4RUtXOnSTUaJcnYVm8=,hmyuFmJJLI3hPmH3mfWohAl143Q=
5,1,HyLLo118H4RUtXOnSTUaJcnYVm8=,vPhj/EetQDgAE3cId4eWrcgfQ+c=
7,2,HyLLo118H4RUtXOnSTUaJcnYVm8=,vPhj/EetQDgAE3cId4eWrcgfQ+c=
6,4,HyLLo118H4RUtXOnSTUaJcnYVm8=,rF2Tdx9N+eIflCARx4AqVEIqpx8=
6,2,HyLLo118H4RUtXOnSTUaJcnYVm8=,vPhj/EetQDgAE3cId4eWrcgfQ+c=
5,4,HyLLo118H4RUtXOnSTUaJcnYVm8=,rF2Tdx9N+eIflCARx4AqVEIqpx8=
8,4,HyLLo118H4RUtXOnSTUaJcnYVm8=,hmyuFmJJLI3hPmH3mfWohAl143Q=
7,4,HyLLo118H4RUtXOnSTUaJcnYVm8=,rF2Tdx9N+eIflCARx4AqVEIqpx8=
6,1,HyLLo118H4RUtXOnSTUaJcnYVm8=,vPhj/EetQDgAE3cId4eWrcgfQ+c=
7,1,HyLLo118H4RUtXOnSTUaJcnYVm8=,vPhj/EetQDgAE3cId4eWrcgfQ+c=
5,2,HyLLo118H4RUtXOnSTUaJcnYVm8=,vPhj/EetQDgAE3cId4eWrcgfQ+c=
6,3,HyLLo118H4RUtXOnSTUaJcnYVm8=,vPhj/EetQDgAE3cId4eWrcgfQ+c=
5,3,HyLLo118H4RUtXOnSTUaJcnYVm8=,vPhj/EetQDgAE3cId4eWrcgfQ+c=
8,1,HyLLo118H4RUtXOnSTUaJcnYVm8=,Jy6YRE9RwxJiotHY4aq/psKEGtA=
7,3,HyLLo118H4RUtXOnSTUaJcnYVm8=,vPhj/EetQDgAE3cId4eWrcgfQ+c=
8,2,HyLLo118H4RUtXOnSTUaJcnYVm8=,Jy6YRE9RwxJiotHY4aq/psKEGtA=
8,3,HyLLo118H4RUtXOnSTUaJcnYVm8=,Jy6YRE9RwxJiotHY4aq/psKEGtA=
10,7,HyLLo118H4RUtXOnSTUaJcnYVm8=,hmyuFmJJLI3hPmH3mfWohAl143Q=
7,7,HyLLo118H4RUtXOnSTUaJcnYVm8=,rF2Tdx9N+eIflCARx4AqVEIqpx8=
8,7,HyLLo118H4RUtXOnSTUaJcnYVm8=,hmyuFmJJLI3hPmH3mfWohAl143Q=
9,7,HyLLo118H4RUtXOnSTUaJcnYVm8=,hmyuFmJJLI3hPmH3mfWohAl143Q=
13,13,HyLLo118H4RUtXOnSTUaJcnYVm8=,GC46SQQUUI9AqP/RD+yS+BEOur8=
14,11,HyLLo118H4RUtXOnSTUaJcnYVm8=,9/KgouIyNXoGSx1DfK7OF1jFsTY=
13,11,HyLLo118H4RUtXOnSTUaJcnYVm8=,9/KgouIyNXoGSx1DfK7OF1jFsTY=
14,13,HyLLo118H4RUtXOnSTUaJcnYVm8=,GC46SQQUUI9AqP/RD+yS+BEOur8=
14,12,HyLLo118H4RUtXOnSTUaJcnYVm8=,GC46SQQUUI9AqP/RD+yS+BEOur8=
14,9,HyLLo118H4RUtXOnSTUaJcnYVm8=,9/KgouIyNXoGSx1DfK7OF1jFsTY=
13,12,HyLLo118H4RUtXOnSTUaJcnYVm8=,GC46SQQUUI9AqP/RD+yS+BEOur8=
14,10,HyLLo118H4RUtXOnSTUaJcnYVm8=,9/KgouIyNXoGSx1DfK7OF1jFsTY=
14,14,HyLLo118H4RUtXOnSTUaJcnYVm8=,GC46SQQUUI9AqP/RD+yS+BEOur8=
13,14,HyLLo118H4RUtXOnSTUaJcnYVm8=,GC46SQQUUI9AqP/RD+yS+BEOur8=
13,10,HyLLo118H4RUtXOnSTUaJcnYVm8=,9/KgouIyNXoGSx1DfK7OF1jFsTY=
12,10,HyLLo118H4RUtXOnSTUaJcnYVm8=,9/KgouIyNXoGSx1DfK7OF1jFsTY=
13,9,HyLLo118H4RUtXOnSTUaJcnYVm8=,9/KgouIyNXoGSx1DfK7OF1jFsTY=
12,9,HyLLo118H4RUtXOnSTUaJcnYVm8=,9/KgouIyNXoGSx1DfK7OF1jFsTY=
0,6,HyLLo118H4RUtXOnSTUaJcnYVm8=,YQrhKhujEaM5otws00o4PR07UJI=
0,7,HyLLo118H4RUtXOnSTUaJcnYVm8=,YQrhKhujEaM5otws00o4PR07UJI=
0,5,HyLLo118H4RUtXOnSTUaJcnYVm8=,YQrhKhujEaM5otws00o4PR07UJI=
12,11,HyLLo118H4RUtXOnSTUaJcnYVm8=,9/KgouIyNXoGSx1DfK7OF1jFsTY=
12,14,HyLLo118H4RUtXOnSTUaJcnYVm8=,GC46SQQUUI9AqP/RD+yS+BEOur8=
12,13,HyLLo118H4RUtXOnSTUaJcnYVm8=,GC46SQQUUI9AqP/RD+yS+BEOur8=
12,12,HyLLo118H4RUtXOnSTUaJcnYVm8=,GC46SQQUUI9AqP/RD+yS+BEOur8=
6,0,HyLLo118H4RUtXOnSTUaJcnYVm8=,vPhj/EetQDgAE3cId4eWrcgfQ+c=
5,0,HyLLo118H4RUtXOnSTUaJcnYVm8=,vPhj/EetQDgAE3cId4eWrcgfQ+c=
7,0,HyLLo118H4RUtXOnSTUaJcnYVm8=,vPhj/EetQDgAE3cId4eWrcgfQ+c=
9,0,HyLLo118H4RUtXOnSTUaJcnYVm8=,Jy6YRE9RwxJiotHY4aq/psKEGtA=
8,0,HyLLo118H4RUtXOnSTUaJcnYVm8=,Jy6YRE9RwxJiotHY4aq/psKEGtA=
10,0,HyLLo118H4RUtXOnSTUaJcnYVm8=,Jy6YRE9RwxJiotHY4aq/psKEGtA=
14,7,HyLLo118H4RUtXOnSTUaJcnYVm8=,0/TTeeQExJqcCllEcksE55dTL5A=
11,5,HyLLo118H4RUtXOnSTUaJcnYVm8=,hmyuFmJJLI3hPmH3mfWohAl143Q=
14,5,HyLLo118H4RUtXOnSTUaJcnYVm8=,0/TTeeQExJqcCllEcksE55dTL5A=
12,5,HyLLo118H4RUtXOnSTUaJcnYVm8=,0/TTeeQExJqcCllEcksE55dTL5A=
13,6,HyLLo118H4RUtXOnSTUaJcnYVm8=,0/TTeeQExJqcCllEcksE55dTL5A=
14,6,HyLLo118H4RUtXOnSTUaJcnYVm8=,0/TTeeQExJqcCllEcksE55dTL5A=
13,5,HyLLo118H4RUtXOnSTUaJcnYVm8=,0/TTeeQExJqcCllEcksE55dTL5A=
14,4,HyLLo118H4RUtXOnSTUaJcnYVm8=,0/TTeeQExJqcCllEcksE55dTL5A=
13,4,HyLLo118H4RUtXOnSTUaJcnYVm8=,0/TTeeQExJqcCllEcksE55dTL5A=
12,4,HyLLo118H4RUtXOnSTUaJcnYVm8=,0/TTeeQExJqcCllEcksE55dTL5A=
14,8,HyLLo118H4RUtXOnSTUaJcnYVm8=,9/KgouIyNXoGSx1DfK7OF1jFsTY=
11,1,HyLLo118H4RUtXOnSTUaJcnYVm8=,Jy6YRE9RwxJiotHY4aq/psKEGtA=
11,6,HyLLo118H4RUtXOnSTUaJcnYVm8=,hmyuFmJJLI3hPmH3mfWohAl143Q=
12,6,HyLLo118H4RUtXOnSTUaJcnYVm8=,0/TTeeQExJqcCllEcksE55dTL5A=
13,8,HyLLo118H4RUtXOnSTUaJcnYVm8=,9/KgouIyNXoGSx1DfK7OF1jFsTY=
14,15,HyLLo118H4RUtXOnSTUaJcnYVm8=,GC46SQQUUI9AqP/RD+yS+BEOur8=
13,15,HyLLo118H4RUtXOnSTUaJcnYVm8=,GC46SQQUUI9AqP/RD+yS+BEOur8=
12,15,HyLLo118H4RUtXOnSTUaJcnYVm8=,GC46SQQUUI9AqP/RD+yS+BEOur8=
11,4,HyLLo118H4RUtXOnSTUaJcnYVm8=,hmyuFmJJLI3hPmH3mfWohAl143Q=
15,10,HyLLo118H4RUtXOnSTUaJcnYVm8=,9/KgouIyNXoGSx1DfK7OF1jFsTY=
15,9,HyLLo118H4RUtXOnSTUaJcnYVm8=,9/KgouIyNXoGSx1DfK7OF1jFsTY=
11,7,HyLLo118H4RUtXOnSTUaJcnYVm8=,hmyuFmJJLI3hPmH3mfWohAl143Q=
13,7,HyLLo118H4RUtXOnSTUaJcnYVm8=,0/TTeeQExJqcCllEcksE55dTL5A=
11,3,HyLLo118H4RUtXOnSTUaJcnYVm8=,Jy6YRE9RwxJiotHY4aq/psKEGtA=
11,2,HyLLo118H4RUtXOnSTUaJcnYVm8=,Jy6YRE9RwxJiotHY4aq/psKEGtA=
12,7,HyLLo118H4RUtXOnSTUaJcnYVm8=,0/TTeeQExJqcCllEcksE55dTL5A=
15,11,HyLLo118H4RUtXOnSTUaJcnYVm8=,9/KgouIyNXoGSx1DfK7OF1jFsTY=
12,8,HyLLo118H4RUtXOnSTUaJcnYVm8=,9/KgouIyNXoGSx1DfK7OF1jFsTY=
11,0,HyLLo118H4RUtXOnSTUaJcnYVm8=,Jy6YRE9RwxJiotHY4aq/psKEGtA=
15,12,HyLLo118H4RUtXOnSTUaJcnYVm8=,GC46SQQUUI9AqP/RD+yS+BEOur8=
15,13,HyLLo118H4RUtXOnSTUaJcnYVm8=,GC46SQQUUI9AqP/RD+yS+BEOur8=
15,15,HyLLo118H4RUtXOnSTUaJcnYVm8=,GC46SQQUUI9AqP/RD+yS+BEOur8=
15,7,HyLLo118H4RUtXOnSTUaJcnYVm8=,0/TTeeQExJqcCllEcksE55dTL5A=
15,6,HyLLo118H4RUtXOnSTUaJcnYVm8=,0/TTeeQExJqcCllEcksE55dTL5A=
15,5,HyLLo118H4RUtXOnSTUaJcnYVm8=,0/TTeeQExJqcCllEcksE55dTL5A=
15,8,HyLLo118H4RUtXOnSTUaJcnYVm8=,9/KgouIyNXoGSx1DfK7OF1jFsTY=
15,4,HyLLo118H4RUtXOnSTUaJcnYVm8=,0/TTeeQExJqcCllEcksE55dTL5A=
15,14,HyLLo118H4RUtXOnSTUaJcnYVm8=,GC46SQQUUI9AqP/RD+yS+BEOur8=
2,15,HyLLo118H4RUtXOnSTUaJcnYVm8=,2cjzuCnfnm/9c1ieeeQdYfHI3G4=
1,15,HyLLo118H4RUtXOnSTUaJcnYVm8=,2cjzuCnfnm/9c1ieeeQdYfHI3G4=
3,15,HyLLo118H4RUtXOnSTUaJcnYVm8=,2cjzuCnfnm/9c1ieeeQdYfHI3G4=
1,14,HyLLo118H4RUtXOnSTUaJcnYVm8=,2cjzuCnfnm/9c1ieeeQdYfHI3G4=
2,12,HyLLo118H4RUtXOnSTUaJcnYVm8=,2cjzuCnfnm/9c1ieeeQdYfHI3G4=
0,15,HyLLo118H4RUtXOnSTUaJcnYVm8=,2cjzuCnfnm/9c1ieeeQdYfHI3G4=
3,14,HyLLo118H4RUtXOnSTUaJcnYVm8=,2cjzuCnfnm/9c1ieeeQdYfHI3G4=
2,14,HyLLo118H4RUtXOnSTUaJcnYVm8=,2cjzuCnfnm/9c1ieeeQdYfHI3G4=
3,12,HyLLo118H4RUtXOnSTUaJcnYVm8=,2cjzuCnfnm/9c1ieeeQdYfHI3G4=
3,13,HyLLo118H4RUtXOnSTUaJcnYVm8=,2cjzuCnfnm/9c1ieeeQdYfHI3G4=
0,12,HyLLo118H4RUtXOnSTUaJcnYVm8=,2cjzuCnfnm/9c1ieeeQdYfHI3G4=
2,13,HyLLo118H4RUtXOnSTUaJcnYVm8=,2cjzuCnfnm/9c1ieeeQdYfHI3G4=
0,14,HyLLo118H4RUtXOnSTUaJcnYVm8=,2cjzuCnfnm/9c1ieeeQdYfHI3G4=
1,12,HyLLo118H4RUtXOnSTUaJcnYVm8=,2cjzuCnfnm/9c1ieeeQdYfHI3G4=
1,13,HyLLo118H4RUtXOnSTUaJcnYVm8=,2cjzuCnfnm/9c1ieeeQdYfHI3G4=
0,13,HyLLo118H4RUtXOnSTUaJcnYVm8=,2cjzuCnfnm/9c1ieeeQdYfHI3G4=
4,3,HyLLo118H4RUtXOnSTUaJcnYVm8=,vPhj/EetQDgAE3cId4eWrcgfQ+c=
4,2,HyLLo118H4RUtXOnSTUaJcnYVm8=,vPhj/EetQDgAE3cId4eWrcgfQ+c=
3,4,HyLLo118H4RUtXOnSTUaJcnYVm8=,YQrhKhujEaM5otws00o4PR07UJI=
4,1,HyLLo118H4RUtXOnSTUaJcnYVm8=,vPhj/EetQDgAE3cId4eWrcgfQ+c=
0,4,HyLLo118H4RUtXOnSTUaJcnYVm8=,YQrhKhujEaM5otws00o4PR07UJI=
2,4,HyLLo118H4RUtXOnSTUaJcnYVm8=,YQrhKhujEaM5otws00o4PR07UJI=
4,4,HyLLo118H4RUtXOnSTUaJcnYVm8=,rF2Tdx9N+eIflCARx4AqVEIqpx8=
1,4,HyLLo118H4RUtXOnSTUaJcnYVm8=,YQrhKhujEaM5otws00o4PR07UJI=
4,0,HyLLo118H4RUtXOnSTUaJcnYVm8=,vPhj/EetQDgAE3cId4eWrcgfQ+c=
7,17,QwZ0bn62i7l7YX4LVBlwyCYo3qw=,+WkPkUXJLO8WJaqX+oQnptqIjgU=
6,18,QwZ0bn62i7l7YX4LVBlwyCYo3qw=,+WkPkUXJLO8WJaqX+oQnptqIjgU=
5,18,QwZ0bn62i7l7YX4LVBlwyCYo3qw=,+WkPkUXJLO8WJaqX+oQnptqIjgU=
7,18,QwZ0bn62i7l7YX4LVBlwyCYo3qw=,+WkPkUXJLO8WJaqX+oQnptqIjgU=
5,19,QwZ0bn62i7l7YX4LVBlwyCYo3qw=,+WkPkUXJLO8WJaqX+oQnptqIjgU=
6,19,QwZ0bn62i7l7YX4LVBlwyCYo3qw=,+WkPkUXJLO8WJaqX+oQnptqIjgU=
7,19,QwZ0bn62i7l7YX4LVBlwyCYo3qw=,+WkPkUXJLO8WJaqX+oQnptqIjgU=
5,16,QwZ0bn62i7l7YX4LVBlwyCYo3qw=,+WkPkUXJLO8WJaqX+oQnptqIjgU=
5,17,QwZ0bn62i7l7YX4LVBlwyCYo3qw=,+WkPkUXJLO8WJaqX+oQnptqIjgU=
7,16,QwZ0bn62i7l7YX4LVBlwyCYo3qw=,+WkPkUXJLO8WJaqX+oQnptqIjgU=
6,17,QwZ0bn62i7l7YX4LVBlwyCYo3qw=,+WkPkUXJLO8WJaqX+oQnptqIjgU=
4,16,QwZ0bn62i7l7YX4LVBlwyCYo3qw=,+WkPkUXJLO8WJaqX+oQnptqIjgU=
4,17,QwZ0bn62i7l7YX4LVBlwyCYo3qw=,+WkPkUXJLO8WJaqX+oQnptqIjgU=
0,19,QwZ0bn62i7l7YX4LVBlwyCYo3qw=,OqP/ajpLQRu/AT0QUuMRbOAuf60=
1,18,QwZ0bn62i7l7YX4LVBlwyCYo3qw=,OqP/ajpLQRu/AT0QUuMRbOAuf60=
0,18,QwZ0bn62i7l7YX4LVBlwyCYo3qw=,OqP/ajpLQRu/AT0QUuMRbOAuf60=
3,19,QwZ0bn62i7l7YX4LVBlwyCYo3qw=,OqP/ajpLQRu/AT0QUuMRbOAuf60=
2,19,QwZ0bn62i7l7YX4LVBlwyCYo3qw=,OqP/ajpLQRu/AT0QUuMRbOAuf60=
3,17,QwZ0bn62i7l7YX4LVBlwyCYo3qw=,OqP/ajpLQRu/AT0QUuMRbOAuf60=
1,17,QwZ0bn62i7l7YX4LVBlwyCYo3qw=,OqP/ajpLQRu/AT0QUuMRbOAuf60=
3,18,QwZ0bn62i7l7YX4LVBlwyCYo3qw=,OqP/ajpLQRu/AT0QUuMRbOAuf60=
0,17,QwZ0bn62i7l7YX4LVBlwyCYo3qw=,OqP/ajpLQRu/AT0QUuMRbOAuf60=
2,18,QwZ0bn62i7l7YX4LVBlwyCYo3qw=,OqP/ajpLQRu/AT0QUuMRbOAuf60=
2,17,QwZ0bn62i7l7YX4LVBlwyCYo3qw=,OqP/ajpLQRu/AT0QUuMRbOAuf60=
1,19,QwZ0bn62i7l7YX4LVBlwyCYo3qw=,OqP/ajpLQRu/AT0QUuMRbOAuf60=
0,16,QwZ0bn62i7l7YX4LVBlwyCYo3qw=,OqP/ajpLQRu/AT0QUuMRbOAuf60=
2,16,QwZ0bn62i7l7YX4LVBlwyCYo3qw=,OqP/ajpLQRu/AT0QUuMRbOAuf60=
4,19,QwZ0bn62i7l7YX4LVBlwyCYo3qw=,+WkPkUXJLO8WJaqX+oQnptqIjgU=
4,18,QwZ0bn62i7l7YX4LVBlwyCYo3qw=,+WkPkUXJLO8WJaqX+oQnptqIjgU=
1,16,QwZ0bn62i7l7YX4LVBlwyCYo3qw=,OqP/ajpLQRu/AT0QUuMRbOAuf60=
6,16,QwZ0bn62i7l7YX4LVBlwyCYo3qw=,+WkPkUXJLO8WJaqX+oQnptqIjgU=
3,16,QwZ0bn62i7l7YX4LVBlwyCYo3qw=,OqP/ajpLQRu/AT0QUuMRbOAuf60=
22,12,V1XvyABKzkS/X4CqLXupixyfV10=,0o0m+1zAK4i6srefz+hlmPiyf1g=
23,15,V1XvyABKzkS/X4CqLXupixyfV10=,0o0m+1zAK4i6srefz+hlmPiyf1g=
23,13,V1XvyABKzkS/X4CqLXupixyfV10=,0o0m+1zAK4i6srefz+hlmPiyf1g=
22,13,V1XvyABKzkS/X4CqLXupixyfV10=,0o0m+1zAK4i6srefz+hlmPiyf1g=
22,15,V1XvyABKzkS/X4CqLXupixyfV10=,0o0m+1zAK4i6srefz+hlmPiyf1g=
21,13,V1XvyABKzkS/X4CqLXupixyfV10=,0o0m+1zAK4i6srefz+hlmPiyf1g=
21,15,V1XvyABKzkS/X4CqLXupixyfV10=,0o0m+1zAK4i6srefz+hlmPiyf1g=
21,12,V1XvyABKzkS/X4CqLXupixyfV10=,0o0m+1zAK4i6srefz+hlmPiyf1g=
21,14,V1XvyABKzkS/X4CqLXupixyfV10=,0o0m+1zAK4i6srefz+hlmPiyf1g=
23,12,V1XvyABKzkS/X4CqLXupixyfV10=,0o0m+1zAK4i6srefz+hlmPiyf1g=
22,14,V1XvyABKzkS/X4CqLXupixyfV10=,0o0m+1zAK4i6srefz+hlmPiyf1g=
23,14,V1XvyABKzkS/X4CqLXupixyfV10=,0o0m+1zAK4i6srefz+hlmPiyf1g=
19,12,V1XvyABKzkS/X4CqLXupixyfV10=,xdZLwClxTz+5p1Pazsk2yYvtT+s=
16,15,V1XvyABKzkS/X4CqLXupixyfV10=,xdZLwClxTz+5p1Pazsk2yYvtT+s=
18,12,V1XvyABKzkS/X4CqLXupixyfV10=,xdZLwClxTz+5p1Pazsk2yYvtT+s=
20,14,V1XvyABKzkS/X4CqLXupixyfV10=,0o0m+1zAK4i6srefz+hlmPiyf1g=
17,12,V1XvyABKzkS/X4CqLXupixyfV10=,xdZLwClxTz+5p1Pazsk2yYvtT+s=
17,13,V1XvyABKzkS/X4CqLXupixyfV10=,xdZLwClxTz+5p1Pazsk2yYvtT+s=
20,13,V1XvyABKzkS/X4CqLXupixyfV10=,0o0m+1zAK4i6srefz+hlmPiyf1g=
19,13,V1XvyABKzkS/X4CqLXupixyfV10=,xdZLwClxTz+5p1Pazsk2yYvtT+s=
16,12,V1XvyABKzkS/X4CqLXupixyfV10=,xdZLwClxTz+5p1Pazsk2yYvtT+s=
18,13,V1XvyABKzkS/X4CqLXupixyfV10=,xdZLwClxTz+5p1Pazsk2yYvtT+s=
20,12,V1XvyABKzkS/X4CqLXupixyfV10=,0o0m+1zAK4i6srefz+hlmPiyf1g=
16,13,V1XvyABKzkS/X4CqLXupixyfV10=,xdZLwClxTz+5p1Pazsk2yYvtT+s=
17,15,V1XvyABKzkS/X4CqLXupixyfV10=,xdZLwClxTz+5p1Pazsk2yYvtT+s=
18,15,V1XvyABKzkS/X4CqLXupixyfV10=,xdZLwClxTz+5p1Pazsk2yYvtT+s=
20,15,V1XvyABKzkS/X4CqLXupixyfV10=,0o0m+1zAK4i6srefz+hlmPiyf1g=
19,15,V1XvyABKzkS/X4CqLXupixyfV10=,xdZLwClxTz+5p1Pazsk2yYvtT+s=
18,14,V1XvyABKzkS/X4CqLXupixyfV10=,xdZLwClxTz+5p1Pazsk2yYvtT+s=
16,14,V1XvyABKzkS/X4CqLXupixyfV10=,xdZLwClxTz+5p1Pazsk2yYvtT+s=
17,14,V1XvyABKzkS/X4CqLXupixyfV10=,xdZLwClxTz+5p1Pazsk2yYvtT+s=
19,14,V1XvyABKzkS/X4CqLXupixyfV10=,xdZLwClxTz+5p1Pazsk2yYvtT+s=
5,21,YcFvSgllSn3WPlK/uEXyKoB+i+c=,z9mPk80UJ9U9K7Q/lYI2p1kaWrc=
7,22,YcFvSgllSn3WPlK/uEXyKoB+i+c=,z9mPk80UJ9U9K7Q/lYI2p1kaWrc=
6,22,YcFvSgllSn3WPlK/uEXyKoB+i+c=,z9mPk80UJ9U9K7Q/lYI2p1kaWrc=
5,22,YcFvSgllSn3WPlK/uEXyKoB+i+c=,z9mPk80UJ9U9K7Q/lYI2p1kaWrc=
4,22,YcFvSgllSn3WPlK/uEXyKoB+i+c=,z9mPk80UJ9U9K7Q/lYI2p1kaWrc=
7,21,YcFvSgllSn3WPlK/uEXyKoB+i+c=,z9mPk80UJ9U9K7Q/lYI2p1kaWrc=
6,21,YcFvSgllSn3WPlK/uEXyKoB+i+c=,z9mPk80UJ9U9K7Q/lYI2p1kaWrc=
4,21,YcFvSgllSn3WPlK/uEXyKoB+i+c=,z9mPk80UJ9U9K7Q/lYI2p1kaWrc=
6,20,YcFvSgllSn3WPlK/uEXyKoB+i+c=,z9mPk80UJ9U9K7Q/lYI2p1kaWrc=
5,20,YcFvSgllSn3WPlK/uEXyKoB+i+c=,z9mPk80UJ9U9K7Q/lYI2p1kaWrc=
6,23,YcFvSgllSn3WPlK/uEXyKoB+i+c=,z9mPk80UJ9U9K7Q/lYI2p1kaWrc=
5,23,YcFvSgllSn3WPlK/uEXyKoB+i+c=,z9mPk80UJ9U9K7Q/lYI2p1kaWrc=
7,23,YcFvSgllSn3WPlK/uEXyKoB+i+c=,z9mPk80UJ9U9K7Q/lYI2p1kaWrc=
4,23,YcFvSgllSn3WPlK/uEXyKoB+i+c=,z9mPk80UJ9U9K7Q/lYI2p1kaWrc=
4,20,YcFvSgllSn3WPlK/uEXyKoB+i+c=,z9mPk80UJ9U9K7Q/lYI2p1kaWrc=
7,20,YcFvSgllSn3WPlK/uEXyKoB+i+c=,z9mPk80UJ9U9K7Q/lYI2p1kaWrc=
9,17,QwZ0bn62i7l7YX4LVBlwyCYo3qw=,zJcOT/3hMew3yqisV8jbfXbJcTY=
10,17,QwZ0bn62i7l7YX4LVBlwyCYo3qw=,zJcOT/3hMew3yqisV8jbfXbJcTY=
10,18,QwZ0bn62i7l7YX4LVBlwyCYo3qw=,zJcOT/3hMew3yqisV8jbfXbJcTY=
9,18,QwZ0bn62i7l7YX4LVBlwyCYo3qw=,zJcOT/3hMew3yqisV8jbfXbJcTY=
10,16,QwZ0bn62i7l7YX4LVBlwyCYo3qw=,zJcOT/3hMew3yqisV8jbfXbJcTY=
9,16,QwZ0bn62i7l7YX4LVBlwyCYo3qw=,zJcOT/3hMew3yqisV8jbfXbJcTY=
10,19,QwZ0bn62i7l7YX4LVBlwyCYo3qw=,zJcOT/3hMew3yqisV8jbfXbJcTY=
11,17,QwZ0bn62i7l7YX4LVBlwyCYo3qw=,zJcOT/3hMew3yqisV8jbfXbJcTY=
11,18,QwZ0bn62i7l7YX4LVBlwyCYo3qw=,zJcOT/3hMew3yqisV8jbfXbJcTY=
11,16,QwZ0bn62i7l7YX4LVBlwyCYo3qw=,zJcOT/3hMew3yqisV8jbfXbJcTY=
9,19,QwZ0bn62i7l7YX4LVBlwyCYo3qw=,zJcOT/3hMew3yqisV8jbfXbJcTY=
11,19,QwZ0bn62i7l7YX4LVBlwyCYo3qw=,zJcOT/3hMew3yqisV8jbfXbJcTY=
8,16,QwZ0bn62i7l7YX4LVBlwyCYo3qw=,zJcOT/3hMew3yqisV8jbfXbJcTY=
8,19,QwZ0bn62i7l7YX4LVBlwyCYo3qw=,zJcOT/3hMew3yqisV8jbfXbJcTY=
8,17,QwZ0bn62i7l7YX4LVBlwyCYo3qw=,zJcOT/3hMew3yqisV8jbfXbJcTY=
8,18,QwZ0bn62i7l7YX4LVBlwyCYo3qw=,zJcOT/3hMew3yqisV8jbfXbJcTY=
14,3,mHGUyru1VuGWOJFki9NRnVNJWHY=,UfT+4U8A7DfGpALgmTSVVrQIz5A=
13,3,mHGUyru1VuGWOJFki9NRnVNJWHY=,UfT+4U8A7DfGpALgmTSVVrQIz5A=
12,3,mHGUyru1VuGWOJFki9NRnVNJWHY=,UfT+4U8A7DfGpALgmTSVVrQIz5A=
14,2,mHGUyru1VuGWOJFki9NRnVNJWHY=,UfT+4U8A7DfGpALgmTSVVrQIz5A=
13,2,mHGUyru1VuGWOJFki9NRnVNJWHY=,UfT+4U8A7DfGpALgmTSVVrQIz5A=
12,2,mHGUyru1VuGWOJFki9NRnVNJWHY=,UfT+4U8A7DfGpALgmTSVVrQIz5A=
14,1,mHGUyru1VuGWOJFki9NRnVNJWHY=,UfT+4U8A7DfGpALgmTSVVrQIz5A=
13,1,mHGUyru1VuGWOJFki9NRnVNJWHY=,UfT+4U8A7DfGpALgmTSVVrQIz5A=
12,1,mHGUyru1VuGWOJFki9NRnVNJWHY=,UfT+4U8A7DfGpALgmTSVVrQIz5A=
14,0,mHGUyru1VuGWOJFki9NRnVNJWHY=,UfT+4U8A7DfGpALgmTSVVrQIz5A=
13,0,mHGUyru1VuGWOJFki9NRnVNJWHY=,UfT+4U8A7DfGpALgmTSVVrQIz5A=
12,0,mHGUyru1VuGWOJFki9NRnVNJWHY=,UfT+4U8A7DfGpALgmTSVVrQIz5A=
15,3,mHGUyru1VuGWOJFki9NRnVNJWHY=,UfT+4U8A7DfGpALgmTSVVrQIz5A=
15,2,mHGUyru1VuGWOJFki9NRnVNJWHY=,UfT+4U8A7DfGpALgmTSVVrQIz5A=
15,1,mHGUyru1VuGWOJFki9NRnVNJWHY=,UfT+4U8A7DfGpALgmTSVVrQIz5A=
15,0,mHGUyru1VuGWOJFki9NRnVNJWHY=,UfT+4U8A7DfGpALgmTSVVrQIz5A=
16,9,F6lZrTJ8pX3a7pBBIwY/0x0GCFU=,7MQqjKitmsohLnq40oEJl+ophH4=
16,8,F6lZrTJ8pX3a7pBBIwY/0x0GCFU=,7MQqjKitmsohLnq40oEJl+ophH4=
17,8,F6lZrTJ8pX3a7pBBIwY/0x0GCFU=,7MQqjKitmsohLnq40oEJl+ophH4=
18,10,F6lZrTJ8pX3a7pBBIwY/0x0GCFU=,7MQqjKitmsohLnq40oEJl+ophH4=
19,10,F6lZrTJ8pX3a7pBBIwY/0x0GCFU=,7MQqjKitmsohLnq40oEJl+ophH4=
18,9,F6lZrTJ8pX3a7pBBIwY/0x0GCFU=,7MQqjKitmsohLnq40oEJl+ophH4=
19,9,F6lZrTJ8pX3a7pBBIwY/0x0GCFU=,7MQqjKitmsohLnq40oEJl+ophH4=
17,9,F6lZrTJ8pX3a7pBBIwY/0x0GCFU=,7MQqjKitmsohLnq40oEJl+ophH4=
16,10,F6lZrTJ8pX3a7pBBIwY/0x0GCFU=,7MQqjKitmsohLnq40oEJl+ophH4=
17,10,F6lZrTJ8pX3a7pBBIwY/0x0GCFU=,7MQqjKitmsohLnq40oEJl+ophH4=
18,8,F6lZrTJ8pX3a7pBBIwY/0x0GCFU=,7MQqjKitmsohLnq40oEJl+ophH4=
19,8,F6lZrTJ8pX3a7pBBIwY/0x0GCFU=,7MQqjKitmsohLnq40oEJl+ophH4=
19,11,F6lZrTJ8pX3a7pBBIwY/0x0GCFU=,7MQqjKitmsohLnq40oEJl+ophH4=
18,11,F6lZrTJ8pX3a7pBBIwY/0x0GCFU=,7MQqjKitmsohLnq40oEJl+ophH4=
17,11,F6lZrTJ8pX3a7pBBIwY/0x0GCFU=,7MQqjKitmsohLnq40oEJl+ophH4=
16,11,F6lZrTJ8pX3a7pBBIwY/0x0GCFU=,7MQqjKitmsohLnq40oEJl+ophH4=
1,21,QwZ0bn62i7l7YX4LVBlwyCYo3qw=,JODpY1AfbkDu3eGMnvy5OiRA204=
2,21,QwZ0bn62i7l7YX4LVBlwyCYo3qw=,JODpY1AfbkDu3eGMnvy5OiRA204=
3,21,QwZ0bn62i7l7YX4LVBlwyCYo3qw=,JODpY1AfbkDu3eGMnvy5OiRA204=
1,22,QwZ0bn62i7l7YX4LVBlwyCYo3qw=,JODpY1AfbkDu3eGMnvy5OiRA204=
2,22,QwZ0bn62i7l7YX4LVBlwyCYo3qw=,JODpY1AfbkDu3eGMnvy5OiRA204=
3,22,QwZ0bn62i7l7YX4LVBlwyCYo3qw=,JODpY1AfbkDu3eGMnvy5OiRA204=
1,20,QwZ0bn62i7l7YX4LVBlwyCYo3qw=,JODpY1AfbkDu3eGMnvy5OiRA204=
0,21,QwZ0bn62i7l7YX4LVBlwyCYo3qw=,JODpY1AfbkDu3eGMnvy5OiRA204=
0,22,QwZ0bn62i7l7YX4LVBlwyCYo3qw=,JODpY1AfbkDu3eGMnvy5OiRA204=
2,23,QwZ0bn62i7l7YX4LVBlwyCYo3qw=,JODpY1AfbkDu3eGMnvy5OiRA204=
1,23,QwZ0bn62i7l7YX4LVBlwyCYo3qw=,JODpY1AfbkDu3eGMnvy5OiRA204=
3,23,QwZ0bn62i7l7YX4LVBlwyCYo3qw=,JODpY1AfbkDu3eGMnvy5OiRA204=
0,20,QwZ0bn62i7l7YX4LVBlwyCYo3qw=,JODpY1AfbkDu3eGMnvy5OiRA204=
0,23,QwZ0bn62i7l7YX4LVBlwyCYo3qw=,JODpY1AfbkDu3eGMnvy5OiRA204=
2,20,QwZ0bn62i7l7YX4LVBlwyCYo3qw=,JODpY1AfbkDu3eGMnvy5OiRA204=
3,20,QwZ0bn62i7l7YX4LVBlwyCYo3qw=,JODpY1AfbkDu3eGMnvy5OiRA204=
