15,96,LdPYZAFtX7eRd+aBztUEKnlpt2Q=,SpaN6O91vOVmflAD7Ck3l840rEc=
13,111,LdPYZAFtX7eRd+aBztUEKnlpt2Q=,SpaN6O91vOVmflAD7Ck3l840rEc=
12,111,LdPYZAFtX7eRd+aBztUEKnlpt2Q=,SpaN6O91vOVmflAD7Ck3l840rEc=
14,111,LdPYZAFtX7eRd+aBztUEKnlpt2Q=,SpaN6O91vOVmflAD7Ck3l840rEc=
10,111,LdPYZAFtX7eRd+aBztUEKnlpt2Q=,SpaN6O91vOVmflAD7Ck3l840rEc=
11,111,LdPYZAFtX7eRd+aBztUEKnlpt2Q=,SpaN6O91vOVmflAD7Ck3l840rEc=
7,111,LdPYZAFtX7eRd+aBztUEKnlpt2Q=,SpaN6O91vOVmflAD7Ck3l840rEc=
8,111,LdPYZAFtX7eRd+aBztUEKnlpt2Q=,SpaN6O91vOVmflAD7Ck3l840rEc=
9,111,LdPYZAFtX7eRd+aBztUEKnlpt2Q=,SpaN6O91vOVmflAD7Ck3l840rEc=
6,111,LdPYZAFtX7eRd+aBztUEKnlpt2Q=,SpaN6O91vOVmflAD7Ck3l840rEc=
4,111,LdPYZAFtX7eRd+aBztUEKnlpt2Q=,SpaN6O91vOVmflAD7Ck3l840rEc=
5,111,LdPYZAFtX7eRd+aBztUEKnlpt2Q=,SpaN6O91vOVmflAD7Ck3l840rEc=
1,111,LdPYZAFtX7eRd+aBztUEKnlpt2Q=,SpaN6O91vOVmflAD7Ck3l840rEc=
14,96,LdPYZAFtX7eRd+aBztUEKnlpt2Q=,SpaN6O91vOVmflAD7Ck3l840rEc=
15,110,LdPYZAFtX7eRd+aBztUEKnlpt2Q=,SpaN6O91vOVmflAD7Ck3l840rEc=
3,111,LdPYZAFtX7eRd+aBztUEKnlpt2Q=,SpaN6O91vOVmflAD7Ck3l840rEc=
13,110,LdPYZAFtX7eRd+aBztUEKnlpt2Q=,SpaN6O91vOVmflAD7Ck3l840rEc=
11,110,LdPYZAFtX7eRd+aBztUEKnlpt2Q=,SpaN6O91vOVmflAD7Ck3l840rEc=
9,110,LdPYZAFtX7eRd+aBztUEKnlpt2Q=,SpaN6O91vOVmflAD7Ck3l840rEc=
10,110,LdPYZAFtX7eRd+aBztUEKnlpt2Q=,SpaN6O91vOVmflAD7Ck3l840rEc=
14,110,LdPYZAFtX7eRd+aBztUEKnlpt2Q=,SpaN6O91vOVmflAD7Ck3l840rEc=
12,110,LdPYZAFtX7eRd+aBztUEKnlpt2Q=,SpaN6O91vOVmflAD7Ck3l840rEc=
8,110,LdPYZAFtX7eRd+aBztUEKnlpt2Q=,SpaN6O91vOVmflAD7Ck3l840rEc=
7,110,LdPYZAFtX7eRd+aBztUEKnlpt2Q=,SpaN6O91vOVmflAD7Ck3l840rEc=
5,110,LdPYZAFtX7eRd+aBztUEKnlpt2Q=,SpaN6O91vOVmflAD7Ck3l840rEc=
6,110,LdPYZAFtX7eRd+aBztUEKnlpt2Q=,SpaN6O91vOVmflAD7Ck3l840rEc=
3,110,LdPYZAFtX7eRd+aBztUEKnlpt2Q=,SpaN6O91vOVmflAD7Ck3l840rEc=
2,110,LdPYZAFtX7eRd+aBztUEKnlpt2Q=,SpaN6O91vOVmflAD7Ck3l840rEc=
13,96,LdPYZAFtX7eRd+aBztUEKnlpt2Q=,SpaN6O91vOVmflAD7Ck3l840rEc=
4,110,LdPYZAFtX7eRd+aBztUEKnlpt2Q=,SpaN6O91vOVmflAD7Ck3l840rEc=
1,110,LdPYZAFtX7eRd+aBztUEKnlpt2Q=,SpaN6O91vOVmflAD7Ck3l840rEc=
15,109,LdPYZAFtX7eRd+aBztUEKnlpt2Q=,SpaN6O91vOVmflAD7Ck3l840rEc=
13,109,LdPYZAFtX7eRd+aBztUEKnlpt2Q=,SpaN6O91vOVmflAD7Ck3l840rEc=
14,109,LdPYZAFtX7eRd+aBztUEKnlpt2Q=,SpaN6O91vOVmflAD7Ck3l840rEc=
12,109,LdPYZAFtX7eRd+aBztUEKnlpt2Q=,SpaN6O91vOVmflAD7Ck3l840rEc=
10,109,LdPYZAFtX7eRd+aBztUEKnlpt2Q=,SpaN6O91vOVmflAD7Ck3l840rEc=
11,109,LdPYZAFtX7eRd+aBztUEKnlpt2Q=,SpaN6O91vOVmflAD7Ck3l840rEc=
9,109,LdPYZAFtX7eRd+aBztUEKnlpt2Q=,SpaN6O91vOVmflAD7Ck3l840rEc=
7,109,LdPYZAFtX7eRd+aBztUEKnlpt2Q=,SpaN6O91vOVmflAD7Ck3l840rEc=
5,109,LdPYZAFtX7eRd+aBztUEKnlpt2Q=,SpaN6O91vOVmflAD7Ck3l840rEc=
6,109,LdPYZAFtX7eRd+aBztUEKnlpt2Q=,SpaN6O91vOVmflAD7Ck3l840rEc=
3,109,LdPYZAFtX7eRd+aBztUEKnlpt2Q=,SpaN6O91vOVmflAD7Ck3l840rEc=
12,96,LdPYZAFtX7eRd+aBztUEKnlpt2Q=,SpaN6O91vOVmflAD7Ck3l840rEc=
4,109,LdPYZAFtX7eRd+aBztUEKnlpt2Q=,SpaN6O91vOVmflAD7Ck3l840rEc=
0,97,LdPYZAFtX7eRd+aBztUEKnlpt2Q=,SpaN6O91vOVmflAD7Ck3l840rEc=
1,109,LdPYZAFtX7eRd+aBztUEKnlpt2Q=,SpaN6O91vOVmflAD7Ck3l840rEc=
15,108,LdPYZAFtX7eRd+aBztUEKnlpt2Q=,SpaN6O91vOVmflAD7Ck3l840rEc=
2,109,LdPYZAFtX7eRd+aBztUEKnlpt2Q=,SpaN6O91vOVmflAD7Ck3l840rEc=
14,108,LdPYZAFtX7eRd+aBztUEKnlpt2Q=,SpaN6O91vOVmflAD7Ck3l840rEc=
1,97,LdPYZAFtX7eRd+aBztUEKnlpt2Q=,SpaN6O91vOVmflAD7Ck3l840rEc=
8,109,LdPYZAFtX7eRd+aBztUEKnlpt2Q=,SpaN6O91vOVmflAD7Ck3l840rEc=
13,108,LdPYZAFtX7eRd+aBztUEKnlpt2Q=,SpaN6O91vOVmflAD7Ck3l840rEc=
10,108,LdPYZAFtX7eRd+aBztUEKnlpt2Q=,SpaN6O91vOVmflAD7Ck3l840rEc=
12,108,LdPYZAFtX7eRd+aBztUEKnlpt2Q=,SpaN6O91vOVmflAD7Ck3l840rEc=
2,97,LdPYZAFtX7eRd+aBztUEKnlpt2Q=,SpaN6O91vOVmflAD7Ck3l840rEc=
11,108,LdPYZAFtX7eRd+aBztUEKnlpt2Q=,SpaN6O91vOVmflAD7Ck3l840rEc=
8,108,LdPYZAFtX7eRd+aBztUEKnlpt2Q=,SpaN6O91vOVmflAD7Ck3l840rEc=
9,108,LdPYZAFtX7eRd+aBztUEKnlpt2Q=,SpaN6O91vOVmflAD7Ck3l840rEc=
7,108,LdPYZAFtX7eRd+aBztUEKnlpt2Q=,SpaN6O91vOVmflAD7Ck3l840rEc=
3,97,LdPYZAFtX7eRd+aBztUEKnlpt2Q=,SpaN6O91vOVmflAD7Ck3l840rEc=
5,108,LdPYZAFtX7eRd+aBztUEKnlpt2Q=,SpaN6O91vOVmflAD7Ck3l840rEc=
0,111,LdPYZAFtX7eRd+aBztUEKnlpt2Q=,SpaN6O91vOVmflAD7Ck3l840rEc=
4,108,LdPYZAFtX7eRd+aBztUEKnlpt2Q=,SpaN6O91vOVmflAD7Ck3l840rEc=
6,108,LdPYZAFtX7eRd+aBztUEKnlpt2Q=,SpaN6O91vOVmflAD7Ck3l840rEc=
4,97,LdPYZAFtX7eRd+aBztUEKnlpt2Q=,SpaN6O91vOVmflAD7Ck3l840rEc=
11,96,LdPYZAFtX7eRd+aBztUEKnlpt2Q=,SpaN6O91vOVmflAD7Ck3l840rEc=
1,108,LdPYZAFtX7eRd+aBztUEKnlpt2Q=,SpaN6O91vOVmflAD7Ck3l840rEc=
3,108,LdPYZAFtX7eRd+aBztUEKnlpt2Q=,SpaN6O91vOVmflAD7Ck3l840rEc=
5,97,LdPYZAFtX7eRd+aBztUEKnlpt2Q=,SpaN6O91vOVmflAD7Ck3l840rEc=
2,108,LdPYZAFtX7eRd+aBztUEKnlpt2Q=,SpaN6O91vOVmflAD7Ck3l840rEc=
14,107,LdPYZAFtX7eRd+aBztUEKnlpt2Q=,SpaN6O91vOVmflAD7Ck3l840rEc=
15,107,LdPYZAFtX7eRd+aBztUEKnlpt2Q=,SpaN6O91vOVmflAD7Ck3l840rEc=
13,107,LdPYZAFtX7eRd+aBztUEKnlpt2Q=,SpaN6O91vOVmflAD7Ck3l840rEc=
6,97,LdPYZAFtX7eRd+aBztUEKnlpt2Q=,SpaN6O91vOVmflAD7Ck3l840rEc=
11,107,LdPYZAFtX7eRd+aBztUEKnlpt2Q=,SpaN6O91vOVmflAD7Ck3l840rEc=
12,107,LdPYZAFtX7eRd+aBztUEKnlpt2Q=,SpaN6O91vOVmflAD7Ck3l840rEc=
8,107,LdPYZAFtX7eRd+aBztUEKnlpt2Q=,SpaN6O91vOVmflAD7Ck3l840rEc=
7,97,LdPYZAFtX7eRd+aBztUEKnlpt2Q=,SpaN6O91vOVmflAD7Ck3l840rEc=
9,107,LdPYZAFtX7eRd+aBztUEKnlpt2Q=,SpaN6O91vOVmflAD7Ck3l840rEc=
7,107,LdPYZAFtX7eRd+aBztUEKnlpt2Q=,SpaN6O91vOVmflAD7Ck3l840rEc=
10,107,LdPYZAFtX7eRd+aBztUEKnlpt2Q=,SpaN6O91vOVmflAD7Ck3l840rEc=
6,107,LdPYZAFtX7eRd+aBztUEKnlpt2Q=,SpaN6O91vOVmflAD7Ck3l840rEc=
8,97,LdPYZAFtX7eRd+aBztUEKnlpt2Q=,SpaN6O91vOVmflAD7Ck3l840rEc=
5,107,LdPYZAFtX7eRd+aBztUEKnlpt2Q=,SpaN6O91vOVmflAD7Ck3l840rEc=
3,107,LdPYZAFtX7eRd+aBztUEKnlpt2Q=,SpaN6O91vOVmflAD7Ck3l840rEc=
10,96,LdPYZAFtX7eRd+aBztUEKnlpt2Q=,SpaN6O91vOVmflAD7Ck3l840rEc=
9,97,LdPYZAFtX7eRd+aBztUEKnlpt2Q=,SpaN6O91vOVmflAD7Ck3l840rEc=
1,107,LdPYZAFtX7eRd+aBztUEKnlpt2Q=,SpaN6O91vOVmflAD7Ck3l840rEc=
4,107,LdPYZAFtX7eRd+aBztUEKnlpt2Q=,SpaN6O91vOVmflAD7Ck3l840rEc=
2,107,LdPYZAFtX7eRd+aBztUEKnlpt2Q=,SpaN6O91vOVmflAD7Ck3l840rEc=
15,106,LdPYZAFtX7eRd+aBztUEKnlpt2Q=,SpaN6O91vOVmflAD7Ck3l840rEc=
13,106,LdPYZAFtX7eRd+aBztUEKnlpt2Q=,SpaN6O91vOVmflAD7Ck3l840rEc=
12,106,LdPYZAFtX7eRd+aBztUEKnlpt2Q=,SpaN6O91vOVmflAD7Ck3l840rEc=
11,97,LdPYZAFtX7eRd+aBztUEKnlpt2Q=,SpaN6O91vOVmflAD7Ck3l840rEc=
10,97,LdPYZAFtX7eRd+aBztUEKnlpt2Q=,SpaN6O91vOVmflAD7Ck3l840rEc=
14,106,LdPYZAFtX7eRd+aBztUEKnlpt2Q=,SpaN6O91vOVmflAD7Ck3l840rEc=
11,106,LdPYZAFtX7eRd+aBztUEKnlpt2Q=,SpaN6O91vOVmflAD7Ck3l840rEc=
10,106,LdPYZAFtX7eRd+aBztUEKnlpt2Q=,SpaN6O91vOVmflAD7Ck3l840rEc=
12,97,LdPYZAFtX7eRd+aBztUEKnlpt2Q=,SpaN6O91vOVmflAD7Ck3l840rEc=
0,110,LdPYZAFtX7eRd+aBztUEKnlpt2Q=,SpaN6O91vOVmflAD7Ck3l840rEc=
8,106,LdPYZAFtX7eRd+aBztUEKnlpt2Q=,SpaN6O91vOVmflAD7Ck3l840rEc=
9,106,LdPYZAFtX7eRd+aBztUEKnlpt2Q=,SpaN6O91vOVmflAD7Ck3l840rEc=
13,97,LdPYZAFtX7eRd+aBztUEKnlpt2Q=,SpaN6O91vOVmflAD7Ck3l840rEc=
9,96,LdPYZAFtX7eRd+aBztUEKnlpt2Q=,SpaN6O91vOVmflAD7Ck3l840rEc=
7,106,LdPYZAFtX7eRd+aBztUEKnlpt2Q=,SpaN6O91vOVmflAD7Ck3l840rEc=
6,106,LdPYZAFtX7eRd+aBztUEKnlpt2Q=,SpaN6O91vOVmflAD7Ck3l840rEc=
4,106,LdPYZAFtX7eRd+aBztUEKnlpt2Q=,SpaN6O91vOVmflAD7Ck3l840rEc=
14,97,LdPYZAFtX7eRd+aBztUEKnlpt2Q=,SpaN6O91vOVmflAD7Ck3l840rEc=
3,106,LdPYZAFtX7eRd+aBztUEKnlpt2Q=,SpaN6O91vOVmflAD7Ck3l840rEc=
1,106,LdPYZAFtX7eRd+aBztUEKnlpt2Q=,SpaN6O91vOVmflAD7Ck3l840rEc=
2,106,LdPYZAFtX7eRd+aBztUEKnlpt2Q=,SpaN6O91vOVmflAD7Ck3l840rEc=
5,106,LdPYZAFtX7eRd+aBztUEKnlpt2Q=,SpaN6O91vOVmflAD7Ck3l840rEc=
15,105,LdPYZAFtX7eRd+aBztUEKnlpt2Q=,SpaN6O91vOVmflAD7Ck3l840rEc=
13,105,LdPYZAFtX7eRd+aBztUEKnlpt2Q=,SpaN6O91vOVmflAD7Ck3l840rEc=
12,105,LdPYZAFtX7eRd+aBztUEKnlpt2Q=,SpaN6O91vOVmflAD7Ck3l840rEc=
14,105,LdPYZAFtX7eRd+aBztUEKnlpt2Q=,SpaN6O91vOVmflAD7Ck3l840rEc=
10,105,LdPYZAFtX7eRd+aBztUEKnlpt2Q=,SpaN6O91vOVmflAD7Ck3l840rEc=
11,105,LdPYZAFtX7eRd+aBztUEKnlpt2Q=,SpaN6O91vOVmflAD7Ck3l840rEc=
8,105,LdPYZAFtX7eRd+aBztUEKnlpt2Q=,SpaN6O91vOVmflAD7Ck3l840rEc=
9,105,LdPYZAFtX7eRd+aBztUEKnlpt2Q=,SpaN6O91vOVmflAD7Ck3l840rEc=
8,96,LdPYZAFtX7eRd+aBztUEKnlpt2Q=,SpaN6O91vOVmflAD7Ck3l840rEc=
7,105,LdPYZAFtX7eRd+aBztUEKnlpt2Q=,SpaN6O91vOVmflAD7Ck3l840rEc=
0,108,LdPYZAFtX7eRd+aBztUEKnlpt2Q=,SpaN6O91vOVmflAD7Ck3l840rEc=
4,105,LdPYZAFtX7eRd+aBztUEKnlpt2Q=,SpaN6O91vOVmflAD7Ck3l840rEc=
3,105,LdPYZAFtX7eRd+aBztUEKnlpt2Q=,SpaN6O91vOVmflAD7Ck3l840rEc=
2,105,LdPYZAFtX7eRd+aBztUEKnlpt2Q=,SpaN6O91vOVmflAD7Ck3l840rEc=
6,105,LdPYZAFtX7eRd+aBztUEKnlpt2Q=,SpaN6O91vOVmflAD7Ck3l840rEc=
5,105,LdPYZAFtX7eRd+aBztUEKnlpt2Q=,SpaN6O91vOVmflAD7Ck3l840rEc=
15,104,LdPYZAFtX7eRd+aBztUEKnlpt2Q=,SpaN6O91vOVmflAD7Ck3l840rEc=
1,105,LdPYZAFtX7eRd+aBztUEKnlpt2Q=,SpaN6O91vOVmflAD7Ck3l840rEc=
14,104,LdPYZAFtX7eRd+aBztUEKnlpt2Q=,SpaN6O91vOVmflAD7Ck3l840rEc=
13,104,LdPYZAFtX7eRd+aBztUEKnlpt2Q=,SpaN6O91vOVmflAD7Ck3l840rEc=
12,104,LdPYZAFtX7eRd+aBztUEKnlpt2Q=,SpaN6O91vOVmflAD7Ck3l840rEc=
10,104,LdPYZAFtX7eRd+aBztUEKnlpt2Q=,SpaN6O91vOVmflAD7Ck3l840rEc=
11,104,LdPYZAFtX7eRd+aBztUEKnlpt2Q=,SpaN6O91vOVmflAD7Ck3l840rEc=
8,104,LdPYZAFtX7eRd+aBztUEKnlpt2Q=,SpaN6O91vOVmflAD7Ck3l840rEc=
9,104,LdPYZAFtX7eRd+aBztUEKnlpt2Q=,SpaN6O91vOVmflAD7Ck3l840rEc=
7,96,LdPYZAFtX7eRd+aBztUEKnlpt2Q=,SpaN6O91vOVmflAD7Ck3l840rEc=
7,104,LdPYZAFtX7eRd+aBztUEKnlpt2Q=,SpaN6O91vOVmflAD7Ck3l840rEc=
6,104,LdPYZAFtX7eRd+aBztUEKnlpt2Q=,SpaN6O91vOVmflAD7Ck3l840rEc=
0,109,LdPYZAFtX7eRd+aBztUEKnlpt2Q=,SpaN6O91vOVmflAD7Ck3l840rEc=
4,104,LdPYZAFtX7eRd+aBztUEKnlpt2Q=,SpaN6O91vOVmflAD7Ck3l840rEc=
5,104,LdPYZAFtX7eRd+aBztUEKnlpt2Q=,SpaN6O91vOVmflAD7Ck3l840rEc=
3,104,LdPYZAFtX7eRd+aBztUEKnlpt2Q=,SpaN6O91vOVmflAD7Ck3l840rEc=
1,104,LdPYZAFtX7eRd+aBztUEKnlpt2Q=,SpaN6O91vOVmflAD7Ck3l840rEc=
0,107,LdPYZAFtX7eRd+aBztUEKnlpt2Q=,SpaN6O91vOVmflAD7Ck3l840rEc=
2,104,LdPYZAFtX7eRd+aBztUEKnlpt2Q=,SpaN6O91vOVmflAD7Ck3l840rEc=
15,103,LdPYZAFtX7eRd+aBztUEKnlpt2Q=,SpaN6O91vOVmflAD7Ck3l840rEc=
14,103,LdPYZAFtX7eRd+aBztUEKnlpt2Q=,SpaN6O91vOVmflAD7Ck3l840rEc=
11,103,LdPYZAFtX7eRd+aBztUEKnlpt2Q=,SpaN6O91vOVmflAD7Ck3l840rEc=
13,103,LdPYZAFtX7eRd+aBztUEKnlpt2Q=,SpaN6O91vOVmflAD7Ck3l840rEc=
9,103,LdPYZAFtX7eRd+aBztUEKnlpt2Q=,SpaN6O91vOVmflAD7Ck3l840rEc=
10,103,LdPYZAFtX7eRd+aBztUEKnlpt2Q=,SpaN6O91vOVmflAD7Ck3l840rEc=
12,103,LdPYZAFtX7eRd+aBztUEKnlpt2Q=,SpaN6O91vOVmflAD7Ck3l840rEc=
6,96,LdPYZAFtX7eRd+aBztUEKnlpt2Q=,SpaN6O91vOVmflAD7Ck3l840rEc=
8,103,LdPYZAFtX7eRd+aBztUEKnlpt2Q=,SpaN6O91vOVmflAD7Ck3l840rEc=
7,103,LdPYZAFtX7eRd+aBztUEKnlpt2Q=,SpaN6O91vOVmflAD7Ck3l840rEc=
4,103,LdPYZAFtX7eRd+aBztUEKnlpt2Q=,SpaN6O91vOVmflAD7Ck3l840rEc=
5,103,LdPYZAFtX7eRd+aBztUEKnlpt2Q=,SpaN6O91vOVmflAD7Ck3l840rEc=
6,103,LdPYZAFtX7eRd+aBztUEKnlpt2Q=,SpaN6O91vOVmflAD7Ck3l840rEc=
0,96,LdPYZAFtX7eRd+aBztUEKnlpt2Q=,SpaN6O91vOVmflAD7Ck3l840rEc=
2,103,LdPYZAFtX7eRd+aBztUEKnlpt2Q=,SpaN6O91vOVmflAD7Ck3l840rEc=
3,103,LdPYZAFtX7eRd+aBztUEKnlpt2Q=,SpaN6O91vOVmflAD7Ck3l840rEc=
15,102,LdPYZAFtX7eRd+aBztUEKnlpt2Q=,SpaN6O91vOVmflAD7Ck3l840rEc=
15,97,LdPYZAFtX7eRd+aBztUEKnlpt2Q=,SpaN6O91vOVmflAD7Ck3l840rEc=
1,103,LdPYZAFtX7eRd+aBztUEKnlpt2Q=,SpaN6O91vOVmflAD7Ck3l840rEc=
14,102,LdPYZAFtX7eRd+aBztUEKnlpt2Q=,SpaN6O91vOVmflAD7Ck3l840rEc=
13,102,LdPYZAFtX7eRd+aBztUEKnlpt2Q=,SpaN6O91vOVmflAD7Ck3l840rEc=
12,102,LdPYZAFtX7eRd+aBztUEKnlpt2Q=,SpaN6O91vOVmflAD7Ck3l840rEc=
0,106,LdPYZAFtX7eRd+aBztUEKnlpt2Q=,SpaN6O91vOVmflAD7Ck3l840rEc=
10,102,LdPYZAFtX7eRd+aBztUEKnlpt2Q=,SpaN6O91vOVmflAD7Ck3l840rEc=
11,102,LdPYZAFtX7eRd+aBztUEKnlpt2Q=,SpaN6O91vOVmflAD7Ck3l840rEc=
8,102,LdPYZAFtX7eRd+aBztUEKnlpt2Q=,SpaN6O91vOVmflAD7Ck3l840rEc=
5,96,LdPYZAFtX7eRd+aBztUEKnlpt2Q=,SpaN6O91vOVmflAD7Ck3l840rEc=
9,102,LdPYZAFtX7eRd+aBztUEKnlpt2Q=,SpaN6O91vOVmflAD7Ck3l840rEc=
6,102,LdPYZAFtX7eRd+aBztUEKnlpt2Q=,SpaN6O91vOVmflAD7Ck3l840rEc=
7,102,LdPYZAFtX7eRd+aBztUEKnlpt2Q=,SpaN6O91vOVmflAD7Ck3l840rEc=
5,102,LdPYZAFtX7eRd+aBztUEKnlpt2Q=,SpaN6O91vOVmflAD7Ck3l840rEc=
4,102,LdPYZAFtX7eRd+aBztUEKnlpt2Q=,SpaN6O91vOVmflAD7Ck3l840rEc=
3,102,LdPYZAFtX7eRd+aBztUEKnlpt2Q=,SpaN6O91vOVmflAD7Ck3l840rEc=
2,102,LdPYZAFtX7eRd+aBztUEKnlpt2Q=,SpaN6O91vOVmflAD7Ck3l840rEc=
1,102,LdPYZAFtX7eRd+aBztUEKnlpt2Q=,SpaN6O91vOVmflAD7Ck3l840rEc=
15,101,LdPYZAFtX7eRd+aBztUEKnlpt2Q=,SpaN6O91vOVmflAD7Ck3l840rEc=
14,101,LdPYZAFtX7eRd+aBztUEKnlpt2Q=,SpaN6O91vOVmflAD7Ck3l840rEc=
12,101,LdPYZAFtX7eRd+aBztUEKnlpt2Q=,SpaN6O91vOVmflAD7Ck3l840rEc=
13,101,LdPYZAFtX7eRd+aBztUEKnlpt2Q=,SpaN6O91vOVmflAD7Ck3l840rEc=
4,96,LdPYZAFtX7eRd+aBztUEKnlpt2Q=,SpaN6O91vOVmflAD7Ck3l840rEc=
11,101,LdPYZAFtX7eRd+aBztUEKnlpt2Q=,SpaN6O91vOVmflAD7Ck3l840rEc=
10,101,LdPYZAFtX7eRd+aBztUEKnlpt2Q=,SpaN6O91vOVmflAD7Ck3l840rEc=
9,101,LdPYZAFtX7eRd+aBztUEKnlpt2Q=,SpaN6O91vOVmflAD7Ck3l840rEc=
6,101,LdPYZAFtX7eRd+aBztUEKnlpt2Q=,SpaN6O91vOVmflAD7Ck3l840rEc=
8,101,LdPYZAFtX7eRd+aBztUEKnlpt2Q=,SpaN6O91vOVmflAD7Ck3l840rEc=
7,101,LdPYZAFtX7eRd+aBztUEKnlpt2Q=,SpaN6O91vOVmflAD7Ck3l840rEc=
5,101,LdPYZAFtX7eRd+aBztUEKnlpt2Q=,SpaN6O91vOVmflAD7Ck3l840rEc=
4,101,LdPYZAFtX7eRd+aBztUEKnlpt2Q=,SpaN6O91vOVmflAD7Ck3l840rEc=
2,101,LdPYZAFtX7eRd+aBztUEKnlpt2Q=,SpaN6O91vOVmflAD7Ck3l840rEc=
3,101,LdPYZAFtX7eRd+aBztUEKnlpt2Q=,SpaN6O91vOVmflAD7Ck3l840rEc=
1,101,LdPYZAFtX7eRd+aBztUEKnlpt2Q=,SpaN6O91vOVmflAD7Ck3l840rEc=
15,100,LdPYZAFtX7eRd+aBztUEKnlpt2Q=,SpaN6O91vOVmflAD7Ck3l840rEc=
14,100,LdPYZAFtX7eRd+aBztUEKnlpt2Q=,SpaN6O91vOVmflAD7Ck3l840rEc=
13,100,LdPYZAFtX7eRd+aBztUEKnlpt2Q=,SpaN6O91vOVmflAD7Ck3l840rEc=
0,104,LdPYZAFtX7eRd+aBztUEKnlpt2Q=,SpaN6O91vOVmflAD7Ck3l840rEc=
12,100,LdPYZAFtX7eRd+aBztUEKnlpt2Q=,SpaN6O91vOVmflAD7Ck3l840rEc=
11,100,LdPYZAFtX7eRd+aBztUEKnlpt2Q=,SpaN6O91vOVmflAD7Ck3l840rEc=
3,96,LdPYZAFtX7eRd+aBztUEKnlpt2Q=,SpaN6O91vOVmflAD7Ck3l840rEc=
0,105,LdPYZAFtX7eRd+aBztUEKnlpt2Q=,SpaN6O91vOVmflAD7Ck3l840rEc=
9,100,LdPYZAFtX7eRd+aBztUEKnlpt2Q=,SpaN6O91vOVmflAD7Ck3l840rEc=
10,100,LdPYZAFtX7eRd+aBztUEKnlpt2Q=,SpaN6O91vOVmflAD7Ck3l840rEc=
8,100,LdPYZAFtX7eRd+aBztUEKnlpt2Q=,SpaN6O91vOVmflAD7Ck3l840rEc=
7,100,LdPYZAFtX7eRd+aBztUEKnlpt2Q=,SpaN6O91vOVmflAD7Ck3l840rEc=
6,100,LdPYZAFtX7eRd+aBztUEKnlpt2Q=,SpaN6O91vOVmflAD7Ck3l840rEc=
5,100,LdPYZAFtX7eRd+aBztUEKnlpt2Q=,SpaN6O91vOVmflAD7Ck3l840rEc=
2,100,LdPYZAFtX7eRd+aBztUEKnlpt2Q=,SpaN6O91vOVmflAD7Ck3l840rEc=
4,100,LdPYZAFtX7eRd+aBztUEKnlpt2Q=,SpaN6O91vOVmflAD7Ck3l840rEc=
3,100,LdPYZAFtX7eRd+aBztUEKnlpt2Q=,SpaN6O91vOVmflAD7Ck3l840rEc=
0,98,LdPYZAFtX7eRd+aBztUEKnlpt2Q=,SpaN6O91vOVmflAD7Ck3l840rEc=
15,99,LdPYZAFtX7eRd+aBztUEKnlpt2Q=,SpaN6O91vOVmflAD7Ck3l840rEc=
14,99,LdPYZAFtX7eRd+aBztUEKnlpt2Q=,SpaN6O91vOVmflAD7Ck3l840rEc=
1,100,LdPYZAFtX7eRd+aBztUEKnlpt2Q=,SpaN6O91vOVmflAD7Ck3l840rEc=
1,98,LdPYZAFtX7eRd+aBztUEKnlpt2Q=,SpaN6O91vOVmflAD7Ck3l840rEc=
2,96,LdPYZAFtX7eRd+aBztUEKnlpt2Q=,SpaN6O91vOVmflAD7Ck3l840rEc=
12,99,LdPYZAFtX7eRd+aBztUEKnlpt2Q=,SpaN6O91vOVmflAD7Ck3l840rEc=
2,98,LdPYZAFtX7eRd+aBztUEKnlpt2Q=,SpaN6O91vOVmflAD7Ck3l840rEc=
0,102,LdPYZAFtX7eRd+aBztUEKnlpt2Q=,SpaN6O91vOVmflAD7Ck3l840rEc=
3,98,LdPYZAFtX7eRd+aBztUEKnlpt2Q=,SpaN6O91vOVmflAD7Ck3l840rEc=
11,99,LdPYZAFtX7eRd+aBztUEKnlpt2Q=,SpaN6O91vOVmflAD7Ck3l840rEc=
13,99,LdPYZAFtX7eRd+aBztUEKnlpt2Q=,SpaN6O91vOVmflAD7Ck3l840rEc=
10,99,LdPYZAFtX7eRd+aBztUEKnlpt2Q=,SpaN6O91vOVmflAD7Ck3l840rEc=
9,99,LdPYZAFtX7eRd+aBztUEKnlpt2Q=,SpaN6O91vOVmflAD7Ck3l840rEc=
8,99,LdPYZAFtX7eRd+aBztUEKnlpt2Q=,SpaN6O91vOVmflAD7Ck3l840rEc=
4,98,LdPYZAFtX7eRd+aBztUEKnlpt2Q=,SpaN6O91vOVmflAD7Ck3l840rEc=
0,103,LdPYZAFtX7eRd+aBztUEKnlpt2Q=,SpaN6O91vOVmflAD7Ck3l840rEc=
6,99,LdPYZAFtX7eRd+aBztUEKnlpt2Q=,SpaN6O91vOVmflAD7Ck3l840rEc=
7,99,LdPYZAFtX7eRd+aBztUEKnlpt2Q=,SpaN6O91vOVmflAD7Ck3l840rEc=
4,99,LdPYZAFtX7eRd+aBztUEKnlpt2Q=,SpaN6O91vOVmflAD7Ck3l840rEc=
5,99,LdPYZAFtX7eRd+aBztUEKnlpt2Q=,SpaN6O91vOVmflAD7Ck3l840rEc=
15,98,LdPYZAFtX7eRd+aBztUEKnlpt2Q=,SpaN6O91vOVmflAD7Ck3l840rEc=
3,99,LdPYZAFtX7eRd+aBztUEKnlpt2Q=,SpaN6O91vOVmflAD7Ck3l840rEc=
2,99,LdPYZAFtX7eRd+aBztUEKnlpt2Q=,SpaN6O91vOVmflAD7Ck3l840rEc=
1,99,LdPYZAFtX7eRd+aBztUEKnlpt2Q=,SpaN6O91vOVmflAD7Ck3l840rEc=
5,98,LdPYZAFtX7eRd+aBztUEKnlpt2Q=,SpaN6O91vOVmflAD7Ck3l840rEc=
0,101,LdPYZAFtX7eRd+aBztUEKnlpt2Q=,SpaN6O91vOVmflAD7Ck3l840rEc=
14,98,LdPYZAFtX7eRd+aBztUEKnlpt2Q=,SpaN6O91vOVmflAD7Ck3l840rEc=
13,98,LdPYZAFtX7eRd+aBztUEKnlpt2Q=,SpaN6O91vOVmflAD7Ck3l840rEc=
6,98,LdPYZAFtX7eRd+aBztUEKnlpt2Q=,SpaN6O91vOVmflAD7Ck3l840rEc=
12,98,LdPYZAFtX7eRd+aBztUEKnlpt2Q=,SpaN6O91vOVmflAD7Ck3l840rEc=
1,96,LdPYZAFtX7eRd+aBztUEKnlpt2Q=,SpaN6O91vOVmflAD7Ck3l840rEc=
11,98,LdPYZAFtX7eRd+aBztUEKnlpt2Q=,SpaN6O91vOVmflAD7Ck3l840rEc=
10,98,LdPYZAFtX7eRd+aBztUEKnlpt2Q=,SpaN6O91vOVmflAD7Ck3l840rEc=
7,98,LdPYZAFtX7eRd+aBztUEKnlpt2Q=,SpaN6O91vOVmflAD7Ck3l840rEc=
8,98,LdPYZAFtX7eRd+aBztUEKnlpt2Q=,SpaN6O91vOVmflAD7Ck3l840rEc=
2,111,LdPYZAFtX7eRd+aBztUEKnlpt2Q=,SpaN6O91vOVmflAD7Ck3l840rEc=
9,98,LdPYZAFtX7eRd+aBztUEKnlpt2Q=,SpaN6O91vOVmflAD7Ck3l840rEc=
0,100,LdPYZAFtX7eRd+aBztUEKnlpt2Q=,SpaN6O91vOVmflAD7Ck3l840rEc=
0,99,LdPYZAFtX7eRd+aBztUEKnlpt2Q=,SpaN6O91vOVmflAD7Ck3l840rEc=
15,111,LdPYZAFtX7eRd+aBztUEKnlpt2Q=,SpaN6O91vOVmflAD7Ck3l840rEc=
16,96,LdPYZAFtX7eRd+aBztUEKnlpt2Q=,SpaN6O91vOVmflAD7Ck3l840rEc=
16,97,LdPYZAFtX7eRd+aBztUEKnlpt2Q=,SpaN6O91vOVmflAD7Ck3l840rEc=
17,97,LdPYZAFtX7eRd+aBztUEKnlpt2Q=,SpaN6O91vOVmflAD7Ck3l840rEc=
18,97,LdPYZAFtX7eRd+aBztUEKnlpt2Q=,SpaN6O91vOVmflAD7Ck3l840rEc=
19,97,LdPYZAFtX7eRd+aBztUEKnlpt2Q=,SpaN6O91vOVmflAD7Ck3l840rEc=
20,97,LdPYZAFtX7eRd+aBztUEKnlpt2Q=,SpaN6O91vOVmflAD7Ck3l840rEc=
21,97,LdPYZAFtX7eRd+aBztUEKnlpt2Q=,SpaN6O91vOVmflAD7Ck3l840rEc=
22,97,LdPYZAFtX7eRd+aBztUEKnlpt2Q=,SpaN6O91vOVmflAD7Ck3l840rEc=
23,97,LdPYZAFtX7eRd+aBztUEKnlpt2Q=,SpaN6O91vOVmflAD7Ck3l840rEc=
24,97,LdPYZAFtX7eRd+aBztUEKnlpt2Q=,SpaN6O91vOVmflAD7Ck3l840rEc=
31,111,LdPYZAFtX7eRd+aBztUEKnlpt2Q=,SpaN6O91vOVmflAD7Ck3l840rEc=
28,111,LdPYZAFtX7eRd+aBztUEKnlpt2Q=,SpaN6O91vOVmflAD7Ck3l840rEc=
29,111,LdPYZAFtX7eRd+aBztUEKnlpt2Q=,SpaN6O91vOVmflAD7Ck3l840rEc=
27,111,LdPYZAFtX7eRd+aBztUEKnlpt2Q=,SpaN6O91vOVmflAD7Ck3l840rEc=
26,111,LdPYZAFtX7eRd+aBztUEKnlpt2Q=,SpaN6O91vOVmflAD7Ck3l840rEc=
24,111,LdPYZAFtX7eRd+aBztUEKnlpt2Q=,SpaN6O91vOVmflAD7Ck3l840rEc=
25,111,LdPYZAFtX7eRd+aBztUEKnlpt2Q=,SpaN6O91vOVmflAD7Ck3l840rEc=
23,111,LdPYZAFtX7eRd+aBztUEKnlpt2Q=,SpaN6O91vOVmflAD7Ck3l840rEc=
22,111,LdPYZAFtX7eRd+aBztUEKnlpt2Q=,SpaN6O91vOVmflAD7Ck3l840rEc=
21,111,LdPYZAFtX7eRd+aBztUEKnlpt2Q=,SpaN6O91vOVmflAD7Ck3l840rEc=
20,111,LdPYZAFtX7eRd+aBztUEKnlpt2Q=,SpaN6O91vOVmflAD7Ck3l840rEc=
19,111,LdPYZAFtX7eRd+aBztUEKnlpt2Q=,SpaN6O91vOVmflAD7Ck3l840rEc=
18,111,LdPYZAFtX7eRd+aBztUEKnlpt2Q=,SpaN6O91vOVmflAD7Ck3l840rEc=
17,111,LdPYZAFtX7eRd+aBztUEKnlpt2Q=,SpaN6O91vOVmflAD7Ck3l840rEc=
25,97,LdPYZAFtX7eRd+aBztUEKnlpt2Q=,SpaN6O91vOVmflAD7Ck3l840rEc=
31,110,LdPYZAFtX7eRd+aBztUEKnlpt2Q=,SpaN6O91vOVmflAD7Ck3l840rEc=
16,111,LdPYZAFtX7eRd+aBztUEKnlpt2Q=,SpaN6O91vOVmflAD7Ck3l840rEc=
31,96,LdPYZAFtX7eRd+aBztUEKnlpt2Q=,SpaN6O91vOVmflAD7Ck3l840rEc=
30,110,LdPYZAFtX7eRd+aBztUEKnlpt2Q=,SpaN6O91vOVmflAD7Ck3l840rEc=
29,110,LdPYZAFtX7eRd+aBztUEKnlpt2Q=,SpaN6O91vOVmflAD7Ck3l840rEc=
28,110,LdPYZAFtX7eRd+aBztUEKnlpt2Q=,SpaN6O91vOVmflAD7Ck3l840rEc=
27,110,LdPYZAFtX7eRd+aBztUEKnlpt2Q=,SpaN6O91vOVmflAD7Ck3l840rEc=
26,110,LdPYZAFtX7eRd+aBztUEKnlpt2Q=,SpaN6O91vOVmflAD7Ck3l840rEc=
23,110,LdPYZAFtX7eRd+aBztUEKnlpt2Q=,SpaN6O91vOVmflAD7Ck3l840rEc=
22,110,LdPYZAFtX7eRd+aBztUEKnlpt2Q=,SpaN6O91vOVmflAD7Ck3l840rEc=
21,110,LdPYZAFtX7eRd+aBztUEKnlpt2Q=,SpaN6O91vOVmflAD7Ck3l840rEc=
20,110,LdPYZAFtX7eRd+aBztUEKnlpt2Q=,SpaN6O91vOVmflAD7Ck3l840rEc=
25,110,LdPYZAFtX7eRd+aBztUEKnlpt2Q=,SpaN6O91vOVmflAD7Ck3l840rEc=
18,110,LdPYZAFtX7eRd+aBztUEKnlpt2Q=,SpaN6O91vOVmflAD7Ck3l840rEc=
19,110,LdPYZAFtX7eRd+aBztUEKnlpt2Q=,SpaN6O91vOVmflAD7Ck3l840rEc=
24,110,LdPYZAFtX7eRd+aBztUEKnlpt2Q=,SpaN6O91vOVmflAD7Ck3l840rEc=
17,110,LdPYZAFtX7eRd+aBztUEKnlpt2Q=,SpaN6O91vOVmflAD7Ck3l840rEc=
16,110,LdPYZAFtX7eRd+aBztUEKnlpt2Q=,SpaN6O91vOVmflAD7Ck3l840rEc=
31,109,LdPYZAFtX7eRd+aBztUEKnlpt2Q=,SpaN6O91vOVmflAD7Ck3l840rEc=
30,96,LdPYZAFtX7eRd+aBztUEKnlpt2Q=,SpaN6O91vOVmflAD7Ck3l840rEc=
30,109,LdPYZAFtX7eRd+aBztUEKnlpt2Q=,SpaN6O91vOVmflAD7Ck3l840rEc=
29,109,LdPYZAFtX7eRd+aBztUEKnlpt2Q=,SpaN6O91vOVmflAD7Ck3l840rEc=
28,109,LdPYZAFtX7eRd+aBztUEKnlpt2Q=,SpaN6O91vOVmflAD7Ck3l840rEc=
27,109,LdPYZAFtX7eRd+aBztUEKnlpt2Q=,SpaN6O91vOVmflAD7Ck3l840rEc=
26,109,LdPYZAFtX7eRd+aBztUEKnlpt2Q=,SpaN6O91vOVmflAD7Ck3l840rEc=
25,109,LdPYZAFtX7eRd+aBztUEKnlpt2Q=,SpaN6O91vOVmflAD7Ck3l840rEc=
24,109,LdPYZAFtX7eRd+aBztUEKnlpt2Q=,SpaN6O91vOVmflAD7Ck3l840rEc=
23,109,LdPYZAFtX7eRd+aBztUEKnlpt2Q=,SpaN6O91vOVmflAD7Ck3l840rEc=
22,109,LdPYZAFtX7eRd+aBztUEKnlpt2Q=,SpaN6O91vOVmflAD7Ck3l840rEc=
20,109,LdPYZAFtX7eRd+aBztUEKnlpt2Q=,SpaN6O91vOVmflAD7Ck3l840rEc=
21,109,LdPYZAFtX7eRd+aBztUEKnlpt2Q=,SpaN6O91vOVmflAD7Ck3l840rEc=
19,109,LdPYZAFtX7eRd+aBztUEKnlpt2Q=,SpaN6O91vOVmflAD7Ck3l840rEc=
18,109,LdPYZAFtX7eRd+aBztUEKnlpt2Q=,SpaN6O91vOVmflAD7Ck3l840rEc=
17,109,LdPYZAFtX7eRd+aBztUEKnlpt2Q=,SpaN6O91vOVmflAD7Ck3l840rEc=
16,109,LdPYZAFtX7eRd+aBztUEKnlpt2Q=,SpaN6O91vOVmflAD7Ck3l840rEc=
31,108,LdPYZAFtX7eRd+aBztUEKnlpt2Q=,SpaN6O91vOVmflAD7Ck3l840rEc=
29,96,LdPYZAFtX7eRd+aBztUEKnlpt2Q=,SpaN6O91vOVmflAD7Ck3l840rEc=
30,108,LdPYZAFtX7eRd+aBztUEKnlpt2Q=,SpaN6O91vOVmflAD7Ck3l840rEc=
29,108,LdPYZAFtX7eRd+aBztUEKnlpt2Q=,SpaN6O91vOVmflAD7Ck3l840rEc=
28,108,LdPYZAFtX7eRd+aBztUEKnlpt2Q=,SpaN6O91vOVmflAD7Ck3l840rEc=
27,108,LdPYZAFtX7eRd+aBztUEKnlpt2Q=,SpaN6O91vOVmflAD7Ck3l840rEc=
26,108,LdPYZAFtX7eRd+aBztUEKnlpt2Q=,SpaN6O91vOVmflAD7Ck3l840rEc=
24,108,LdPYZAFtX7eRd+aBztUEKnlpt2Q=,SpaN6O91vOVmflAD7Ck3l840rEc=
23,108,LdPYZAFtX7eRd+aBztUEKnlpt2Q=,SpaN6O91vOVmflAD7Ck3l840rEc=
22,108,LdPYZAFtX7eRd+aBztUEKnlpt2Q=,SpaN6O91vOVmflAD7Ck3l840rEc=
25,108,LdPYZAFtX7eRd+aBztUEKnlpt2Q=,SpaN6O91vOVmflAD7Ck3l840rEc=
21,108,LdPYZAFtX7eRd+aBztUEKnlpt2Q=,SpaN6O91vOVmflAD7Ck3l840rEc=
20,108,LdPYZAFtX7eRd+aBztUEKnlpt2Q=,SpaN6O91vOVmflAD7Ck3l840rEc=
18,108,LdPYZAFtX7eRd+aBztUEKnlpt2Q=,SpaN6O91vOVmflAD7Ck3l840rEc=
17,108,LdPYZAFtX7eRd+aBztUEKnlpt2Q=,SpaN6O91vOVmflAD7Ck3l840rEc=
19,108,LdPYZAFtX7eRd+aBztUEKnlpt2Q=,SpaN6O91vOVmflAD7Ck3l840rEc=
16,108,LdPYZAFtX7eRd+aBztUEKnlpt2Q=,SpaN6O91vOVmflAD7Ck3l840rEc=
31,107,LdPYZAFtX7eRd+aBztUEKnlpt2Q=,SpaN6O91vOVmflAD7Ck3l840rEc=
28,96,LdPYZAFtX7eRd+aBztUEKnlpt2Q=,SpaN6O91vOVmflAD7Ck3l840rEc=
30,107,LdPYZAFtX7eRd+aBztUEKnlpt2Q=,SpaN6O91vOVmflAD7Ck3l840rEc=
29,107,LdPYZAFtX7eRd+aBztUEKnlpt2Q=,SpaN6O91vOVmflAD7Ck3l840rEc=
28,107,LdPYZAFtX7eRd+aBztUEKnlpt2Q=,SpaN6O91vOVmflAD7Ck3l840rEc=
27,107,LdPYZAFtX7eRd+aBztUEKnlpt2Q=,SpaN6O91vOVmflAD7Ck3l840rEc=
26,107,LdPYZAFtX7eRd+aBztUEKnlpt2Q=,SpaN6O91vOVmflAD7Ck3l840rEc=
25,107,LdPYZAFtX7eRd+aBztUEKnlpt2Q=,SpaN6O91vOVmflAD7Ck3l840rEc=
24,107,LdPYZAFtX7eRd+aBztUEKnlpt2Q=,SpaN6O91vOVmflAD7Ck3l840rEc=
23,107,LdPYZAFtX7eRd+aBztUEKnlpt2Q=,SpaN6O91vOVmflAD7Ck3l840rEc=
22,107,LdPYZAFtX7eRd+aBztUEKnlpt2Q=,SpaN6O91vOVmflAD7Ck3l840rEc=
21,107,LdPYZAFtX7eRd+aBztUEKnlpt2Q=,SpaN6O91vOVmflAD7Ck3l840rEc=
20,107,LdPYZAFtX7eRd+aBztUEKnlpt2Q=,SpaN6O91vOVmflAD7Ck3l840rEc=
19,107,LdPYZAFtX7eRd+aBztUEKnlpt2Q=,SpaN6O91vOVmflAD7Ck3l840rEc=
18,107,LdPYZAFtX7eRd+aBztUEKnlpt2Q=,SpaN6O91vOVmflAD7Ck3l840rEc=
17,107,LdPYZAFtX7eRd+aBztUEKnlpt2Q=,SpaN6O91vOVmflAD7Ck3l840rEc=
16,107,LdPYZAFtX7eRd+aBztUEKnlpt2Q=,SpaN6O91vOVmflAD7Ck3l840rEc=
31,106,LdPYZAFtX7eRd+aBztUEKnlpt2Q=,SpaN6O91vOVmflAD7Ck3l840rEc=
30,106,LdPYZAFtX7eRd+aBztUEKnlpt2Q=,SpaN6O91vOVmflAD7Ck3l840rEc=
29,106,LdPYZAFtX7eRd+aBztUEKnlpt2Q=,SpaN6O91vOVmflAD7Ck3l840rEc=
28,106,LdPYZAFtX7eRd+aBztUEKnlpt2Q=,SpaN6O91vOVmflAD7Ck3l840rEc=
27,96,LdPYZAFtX7eRd+aBztUEKnlpt2Q=,SpaN6O91vOVmflAD7Ck3l840rEc=
27,106,LdPYZAFtX7eRd+aBztUEKnlpt2Q=,SpaN6O91vOVmflAD7Ck3l840rEc=
26,106,LdPYZAFtX7eRd+aBztUEKnlpt2Q=,SpaN6O91vOVmflAD7Ck3l840rEc=
25,106,LdPYZAFtX7eRd+aBztUEKnlpt2Q=,SpaN6O91vOVmflAD7Ck3l840rEc=
24,106,LdPYZAFtX7eRd+aBztUEKnlpt2Q=,SpaN6O91vOVmflAD7Ck3l840rEc=
23,106,LdPYZAFtX7eRd+aBztUEKnlpt2Q=,SpaN6O91vOVmflAD7Ck3l840rEc=
22,106,LdPYZAFtX7eRd+aBztUEKnlpt2Q=,SpaN6O91vOVmflAD7Ck3l840rEc=
20,106,LdPYZAFtX7eRd+aBztUEKnlpt2Q=,SpaN6O91vOVmflAD7Ck3l840rEc=
21,106,LdPYZAFtX7eRd+aBztUEKnlpt2Q=,SpaN6O91vOVmflAD7Ck3l840rEc=
19,106,LdPYZAFtX7eRd+aBztUEKnlpt2Q=,SpaN6O91vOVmflAD7Ck3l840rEc=
18,106,LdPYZAFtX7eRd+aBztUEKnlpt2Q=,SpaN6O91vOVmflAD7Ck3l840rEc=
16,106,LdPYZAFtX7eRd+aBztUEKnlpt2Q=,SpaN6O91vOVmflAD7Ck3l840rEc=
17,106,LdPYZAFtX7eRd+aBztUEKnlpt2Q=,SpaN6O91vOVmflAD7Ck3l840rEc=
31,105,LdPYZAFtX7eRd+aBztUEKnlpt2Q=,SpaN6O91vOVmflAD7Ck3l840rEc=
26,96,LdPYZAFtX7eRd+aBztUEKnlpt2Q=,SpaN6O91vOVmflAD7Ck3l840rEc=
30,105,LdPYZAFtX7eRd+aBztUEKnlpt2Q=,SpaN6O91vOVmflAD7Ck3l840rEc=
29,105,LdPYZAFtX7eRd+aBztUEKnlpt2Q=,SpaN6O91vOVmflAD7Ck3l840rEc=
28,105,LdPYZAFtX7eRd+aBztUEKnlpt2Q=,SpaN6O91vOVmflAD7Ck3l840rEc=
27,105,LdPYZAFtX7eRd+aBztUEKnlpt2Q=,SpaN6O91vOVmflAD7Ck3l840rEc=
26,105,LdPYZAFtX7eRd+aBztUEKnlpt2Q=,SpaN6O91vOVmflAD7Ck3l840rEc=
25,105,LdPYZAFtX7eRd+aBztUEKnlpt2Q=,SpaN6O91vOVmflAD7Ck3l840rEc=
24,105,LdPYZAFtX7eRd+aBztUEKnlpt2Q=,SpaN6O91vOVmflAD7Ck3l840rEc=
23,105,LdPYZAFtX7eRd+aBztUEKnlpt2Q=,SpaN6O91vOVmflAD7Ck3l840rEc=
22,105,LdPYZAFtX7eRd+aBztUEKnlpt2Q=,SpaN6O91vOVmflAD7Ck3l840rEc=
21,105,LdPYZAFtX7eRd+aBztUEKnlpt2Q=,SpaN6O91vOVmflAD7Ck3l840rEc=
20,105,LdPYZAFtX7eRd+aBztUEKnlpt2Q=,SpaN6O91vOVmflAD7Ck3l840rEc=
19,105,LdPYZAFtX7eRd+aBztUEKnlpt2Q=,SpaN6O91vOVmflAD7Ck3l840rEc=
18,105,LdPYZAFtX7eRd+aBztUEKnlpt2Q=,SpaN6O91vOVmflAD7Ck3l840rEc=
17,105,LdPYZAFtX7eRd+aBztUEKnlpt2Q=,SpaN6O91vOVmflAD7Ck3l840rEc=
16,105,LdPYZAFtX7eRd+aBztUEKnlpt2Q=,SpaN6O91vOVmflAD7Ck3l840rEc=
31,104,LdPYZAFtX7eRd+aBztUEKnlpt2Q=,SpaN6O91vOVmflAD7Ck3l840rEc=
25,96,LdPYZAFtX7eRd+aBztUEKnlpt2Q=,SpaN6O91vOVmflAD7Ck3l840rEc=
30,104,LdPYZAFtX7eRd+aBztUEKnlpt2Q=,SpaN6O91vOVmflAD7Ck3l840rEc=
29,104,LdPYZAFtX7eRd+aBztUEKnlpt2Q=,SpaN6O91vOVmflAD7Ck3l840rEc=
28,104,LdPYZAFtX7eRd+aBztUEKnlpt2Q=,SpaN6O91vOVmflAD7Ck3l840rEc=
26,104,LdPYZAFtX7eRd+aBztUEKnlpt2Q=,SpaN6O91vOVmflAD7Ck3l840rEc=
25,104,LdPYZAFtX7eRd+aBztUEKnlpt2Q=,SpaN6O91vOVmflAD7Ck3l840rEc=
24,104,LdPYZAFtX7eRd+aBztUEKnlpt2Q=,SpaN6O91vOVmflAD7Ck3l840rEc=
23,104,LdPYZAFtX7eRd+aBztUEKnlpt2Q=,SpaN6O91vOVmflAD7Ck3l840rEc=
22,104,LdPYZAFtX7eRd+aBztUEKnlpt2Q=,SpaN6O91vOVmflAD7Ck3l840rEc=
21,104,LdPYZAFtX7eRd+aBztUEKnlpt2Q=,SpaN6O91vOVmflAD7Ck3l840rEc=
27,104,LdPYZAFtX7eRd+aBztUEKnlpt2Q=,SpaN6O91vOVmflAD7Ck3l840rEc=
20,104,LdPYZAFtX7eRd+aBztUEKnlpt2Q=,SpaN6O91vOVmflAD7Ck3l840rEc=
19,104,LdPYZAFtX7eRd+aBztUEKnlpt2Q=,SpaN6O91vOVmflAD7Ck3l840rEc=
18,104,LdPYZAFtX7eRd+aBztUEKnlpt2Q=,SpaN6O91vOVmflAD7Ck3l840rEc=
17,104,LdPYZAFtX7eRd+aBztUEKnlpt2Q=,SpaN6O91vOVmflAD7Ck3l840rEc=
16,104,LdPYZAFtX7eRd+aBztUEKnlpt2Q=,SpaN6O91vOVmflAD7Ck3l840rEc=
31,103,LdPYZAFtX7eRd+aBztUEKnlpt2Q=,SpaN6O91vOVmflAD7Ck3l840rEc=
24,96,LdPYZAFtX7eRd+aBztUEKnlpt2Q=,SpaN6O91vOVmflAD7Ck3l840rEc=
30,103,LdPYZAFtX7eRd+aBztUEKnlpt2Q=,SpaN6O91vOVmflAD7Ck3l840rEc=
29,103,LdPYZAFtX7eRd+aBztUEKnlpt2Q=,SpaN6O91vOVmflAD7Ck3l840rEc=
28,103,LdPYZAFtX7eRd+aBztUEKnlpt2Q=,SpaN6O91vOVmflAD7Ck3l840rEc=
27,103,LdPYZAFtX7eRd+aBztUEKnlpt2Q=,SpaN6O91vOVmflAD7Ck3l840rEc=
26,103,LdPYZAFtX7eRd+aBztUEKnlpt2Q=,SpaN6O91vOVmflAD7Ck3l840rEc=
25,103,LdPYZAFtX7eRd+aBztUEKnlpt2Q=,SpaN6O91vOVmflAD7Ck3l840rEc=
24,103,LdPYZAFtX7eRd+aBztUEKnlpt2Q=,SpaN6O91vOVmflAD7Ck3l840rEc=
23,103,LdPYZAFtX7eRd+aBztUEKnlpt2Q=,SpaN6O91vOVmflAD7Ck3l840rEc=
22,103,LdPYZAFtX7eRd+aBztUEKnlpt2Q=,SpaN6O91vOVmflAD7Ck3l840rEc=
21,103,LdPYZAFtX7eRd+aBztUEKnlpt2Q=,SpaN6O91vOVmflAD7Ck3l840rEc=
20,103,LdPYZAFtX7eRd+aBztUEKnlpt2Q=,SpaN6O91vOVmflAD7Ck3l840rEc=
19,103,LdPYZAFtX7eRd+aBztUEKnlpt2Q=,SpaN6O91vOVmflAD7Ck3l840rEc=
18,103,LdPYZAFtX7eRd+aBztUEKnlpt2Q=,SpaN6O91vOVmflAD7Ck3l840rEc=
17,103,LdPYZAFtX7eRd+aBztUEKnlpt2Q=,SpaN6O91vOVmflAD7Ck3l840rEc=
16,103,LdPYZAFtX7eRd+aBztUEKnlpt2Q=,SpaN6O91vOVmflAD7Ck3l840rEc=
31,102,LdPYZAFtX7eRd+aBztUEKnlpt2Q=,SpaN6O91vOVmflAD7Ck3l840rEc=
23,96,LdPYZAFtX7eRd+aBztUEKnlpt2Q=,SpaN6O91vOVmflAD7Ck3l840rEc=
30,102,LdPYZAFtX7eRd+aBztUEKnlpt2Q=,SpaN6O91vOVmflAD7Ck3l840rEc=
29,102,LdPYZAFtX7eRd+aBztUEKnlpt2Q=,SpaN6O91vOVmflAD7Ck3l840rEc=
28,102,LdPYZAFtX7eRd+aBztUEKnlpt2Q=,SpaN6O91vOVmflAD7Ck3l840rEc=
27,102,LdPYZAFtX7eRd+aBztUEKnlpt2Q=,SpaN6O91vOVmflAD7Ck3l840rEc=
26,102,LdPYZAFtX7eRd+aBztUEKnlpt2Q=,SpaN6O91vOVmflAD7Ck3l840rEc=
25,102,LdPYZAFtX7eRd+aBztUEKnlpt2Q=,SpaN6O91vOVmflAD7Ck3l840rEc=
23,102,LdPYZAFtX7eRd+aBztUEKnlpt2Q=,SpaN6O91vOVmflAD7Ck3l840rEc=
24,102,LdPYZAFtX7eRd+aBztUEKnlpt2Q=,SpaN6O91vOVmflAD7Ck3l840rEc=
22,102,LdPYZAFtX7eRd+aBztUEKnlpt2Q=,SpaN6O91vOVmflAD7Ck3l840rEc=
21,102,LdPYZAFtX7eRd+aBztUEKnlpt2Q=,SpaN6O91vOVmflAD7Ck3l840rEc=
20,102,LdPYZAFtX7eRd+aBztUEKnlpt2Q=,SpaN6O91vOVmflAD7Ck3l840rEc=
19,102,LdPYZAFtX7eRd+aBztUEKnlpt2Q=,SpaN6O91vOVmflAD7Ck3l840rEc=
18,102,LdPYZAFtX7eRd+aBztUEKnlpt2Q=,SpaN6O91vOVmflAD7Ck3l840rEc=
17,102,LdPYZAFtX7eRd+aBztUEKnlpt2Q=,SpaN6O91vOVmflAD7Ck3l840rEc=
16,102,LdPYZAFtX7eRd+aBztUEKnlpt2Q=,SpaN6O91vOVmflAD7Ck3l840rEc=
31,101,LdPYZAFtX7eRd+aBztUEKnlpt2Q=,SpaN6O91vOVmflAD7Ck3l840rEc=
22,96,LdPYZAFtX7eRd+aBztUEKnlpt2Q=,SpaN6O91vOVmflAD7Ck3l840rEc=
30,101,LdPYZAFtX7eRd+aBztUEKnlpt2Q=,SpaN6O91vOVmflAD7Ck3l840rEc=
29,101,LdPYZAFtX7eRd+aBztUEKnlpt2Q=,SpaN6O91vOVmflAD7Ck3l840rEc=
27,101,LdPYZAFtX7eRd+aBztUEKnlpt2Q=,SpaN6O91vOVmflAD7Ck3l840rEc=
26,101,LdPYZAFtX7eRd+aBztUEKnlpt2Q=,SpaN6O91vOVmflAD7Ck3l840rEc=
25,101,LdPYZAFtX7eRd+aBztUEKnlpt2Q=,SpaN6O91vOVmflAD7Ck3l840rEc=
28,101,LdPYZAFtX7eRd+aBztUEKnlpt2Q=,SpaN6O91vOVmflAD7Ck3l840rEc=
24,101,LdPYZAFtX7eRd+aBztUEKnlpt2Q=,SpaN6O91vOVmflAD7Ck3l840rEc=
23,101,LdPYZAFtX7eRd+aBztUEKnlpt2Q=,SpaN6O91vOVmflAD7Ck3l840rEc=
22,101,LdPYZAFtX7eRd+aBztUEKnlpt2Q=,SpaN6O91vOVmflAD7Ck3l840rEc=
21,101,LdPYZAFtX7eRd+aBztUEKnlpt2Q=,SpaN6O91vOVmflAD7Ck3l840rEc=
20,101,LdPYZAFtX7eRd+aBztUEKnlpt2Q=,SpaN6O91vOVmflAD7Ck3l840rEc=
19,101,LdPYZAFtX7eRd+aBztUEKnlpt2Q=,SpaN6O91vOVmflAD7Ck3l840rEc=
18,101,LdPYZAFtX7eRd+aBztUEKnlpt2Q=,SpaN6O91vOVmflAD7Ck3l840rEc=
17,101,LdPYZAFtX7eRd+aBztUEKnlpt2Q=,SpaN6O91vOVmflAD7Ck3l840rEc=
16,101,LdPYZAFtX7eRd+aBztUEKnlpt2Q=,SpaN6O91vOVmflAD7Ck3l840rEc=
31,100,LdPYZAFtX7eRd+aBztUEKnlpt2Q=,SpaN6O91vOVmflAD7Ck3l840rEc=
21,96,LdPYZAFtX7eRd+aBztUEKnlpt2Q=,SpaN6O91vOVmflAD7Ck3l840rEc=
30,100,LdPYZAFtX7eRd+aBztUEKnlpt2Q=,SpaN6O91vOVmflAD7Ck3l840rEc=
29,100,LdPYZAFtX7eRd+aBztUEKnlpt2Q=,SpaN6O91vOVmflAD7Ck3l840rEc=
28,100,LdPYZAFtX7eRd+aBztUEKnlpt2Q=,SpaN6O91vOVmflAD7Ck3l840rEc=
27,100,LdPYZAFtX7eRd+aBztUEKnlpt2Q=,SpaN6O91vOVmflAD7Ck3l840rEc=
26,100,LdPYZAFtX7eRd+aBztUEKnlpt2Q=,SpaN6O91vOVmflAD7Ck3l840rEc=
25,100,LdPYZAFtX7eRd+aBztUEKnlpt2Q=,SpaN6O91vOVmflAD7Ck3l840rEc=
24,100,LdPYZAFtX7eRd+aBztUEKnlpt2Q=,SpaN6O91vOVmflAD7Ck3l840rEc=
23,100,LdPYZAFtX7eRd+aBztUEKnlpt2Q=,SpaN6O91vOVmflAD7Ck3l840rEc=
22,100,LdPYZAFtX7eRd+aBztUEKnlpt2Q=,SpaN6O91vOVmflAD7Ck3l840rEc=
21,100,LdPYZAFtX7eRd+aBztUEKnlpt2Q=,SpaN6O91vOVmflAD7Ck3l840rEc=
20,100,LdPYZAFtX7eRd+aBztUEKnlpt2Q=,SpaN6O91vOVmflAD7Ck3l840rEc=
19,100,LdPYZAFtX7eRd+aBztUEKnlpt2Q=,SpaN6O91vOVmflAD7Ck3l840rEc=
18,100,LdPYZAFtX7eRd+aBztUEKnlpt2Q=,SpaN6O91vOVmflAD7Ck3l840rEc=
17,100,LdPYZAFtX7eRd+aBztUEKnlpt2Q=,SpaN6O91vOVmflAD7Ck3l840rEc=
16,100,LdPYZAFtX7eRd+aBztUEKnlpt2Q=,SpaN6O91vOVmflAD7Ck3l840rEc=
31,99,LdPYZAFtX7eRd+aBztUEKnlpt2Q=,SpaN6O91vOVmflAD7Ck3l840rEc=
20,96,LdPYZAFtX7eRd+aBztUEKnlpt2Q=,SpaN6O91vOVmflAD7Ck3l840rEc=
30,99,LdPYZAFtX7eRd+aBztUEKnlpt2Q=,SpaN6O91vOVmflAD7Ck3l840rEc=
29,99,LdPYZAFtX7eRd+aBztUEKnlpt2Q=,SpaN6O91vOVmflAD7Ck3l840rEc=
25,99,LdPYZAFtX7eRd+aBztUEKnlpt2Q=,SpaN6O91vOVmflAD7Ck3l840rEc=
27,99,LdPYZAFtX7eRd+aBztUEKnlpt2Q=,SpaN6O91vOVmflAD7Ck3l840rEc=
26,99,LdPYZAFtX7eRd+aBztUEKnlpt2Q=,SpaN6O91vOVmflAD7Ck3l840rEc=
24,99,LdPYZAFtX7eRd+aBztUEKnlpt2Q=,SpaN6O91vOVmflAD7Ck3l840rEc=
23,99,LdPYZAFtX7eRd+aBztUEKnlpt2Q=,SpaN6O91vOVmflAD7Ck3l840rEc=
28,99,LdPYZAFtX7eRd+aBztUEKnlpt2Q=,SpaN6O91vOVmflAD7Ck3l840rEc=
22,99,LdPYZAFtX7eRd+aBztUEKnlpt2Q=,SpaN6O91vOVmflAD7Ck3l840rEc=
21,99,LdPYZAFtX7eRd+aBztUEKnlpt2Q=,SpaN6O91vOVmflAD7Ck3l840rEc=
20,99,LdPYZAFtX7eRd+aBztUEKnlpt2Q=,SpaN6O91vOVmflAD7Ck3l840rEc=
19,99,LdPYZAFtX7eRd+aBztUEKnlpt2Q=,SpaN6O91vOVmflAD7Ck3l840rEc=
18,99,LdPYZAFtX7eRd+aBztUEKnlpt2Q=,SpaN6O91vOVmflAD7Ck3l840rEc=
17,99,LdPYZAFtX7eRd+aBztUEKnlpt2Q=,SpaN6O91vOVmflAD7Ck3l840rEc=
16,99,LdPYZAFtX7eRd+aBztUEKnlpt2Q=,SpaN6O91vOVmflAD7Ck3l840rEc=
31,98,LdPYZAFtX7eRd+aBztUEKnlpt2Q=,SpaN6O91vOVmflAD7Ck3l840rEc=
19,96,LdPYZAFtX7eRd+aBztUEKnlpt2Q=,SpaN6O91vOVmflAD7Ck3l840rEc=
30,98,LdPYZAFtX7eRd+aBztUEKnlpt2Q=,SpaN6O91vOVmflAD7Ck3l840rEc=
29,98,LdPYZAFtX7eRd+aBztUEKnlpt2Q=,SpaN6O91vOVmflAD7Ck3l840rEc=
28,98,LdPYZAFtX7eRd+aBztUEKnlpt2Q=,SpaN6O91vOVmflAD7Ck3l840rEc=
25,98,LdPYZAFtX7eRd+aBztUEKnlpt2Q=,SpaN6O91vOVmflAD7Ck3l840rEc=
26,98,LdPYZAFtX7eRd+aBztUEKnlpt2Q=,SpaN6O91vOVmflAD7Ck3l840rEc=
24,98,LdPYZAFtX7eRd+aBztUEKnlpt2Q=,SpaN6O91vOVmflAD7Ck3l840rEc=
23,98,LdPYZAFtX7eRd+aBztUEKnlpt2Q=,SpaN6O91vOVmflAD7Ck3l840rEc=
27,98,LdPYZAFtX7eRd+aBztUEKnlpt2Q=,SpaN6O91vOVmflAD7Ck3l840rEc=
22,98,LdPYZAFtX7eRd+aBztUEKnlpt2Q=,SpaN6O91vOVmflAD7Ck3l840rEc=
21,98,LdPYZAFtX7eRd+aBztUEKnlpt2Q=,SpaN6O91vOVmflAD7Ck3l840rEc=
20,98,LdPYZAFtX7eRd+aBztUEKnlpt2Q=,SpaN6O91vOVmflAD7Ck3l840rEc=
30,111,LdPYZAFtX7eRd+aBztUEKnlpt2Q=,SpaN6O91vOVmflAD7Ck3l840rEc=
19,98,LdPYZAFtX7eRd+aBztUEKnlpt2Q=,SpaN6O91vOVmflAD7Ck3l840rEc=
18,98,LdPYZAFtX7eRd+aBztUEKnlpt2Q=,SpaN6O91vOVmflAD7Ck3l840rEc=
17,98,LdPYZAFtX7eRd+aBztUEKnlpt2Q=,SpaN6O91vOVmflAD7Ck3l840rEc=
16,98,LdPYZAFtX7eRd+aBztUEKnlpt2Q=,SpaN6O91vOVmflAD7Ck3l840rEc=
31,97,LdPYZAFtX7eRd+aBztUEKnlpt2Q=,SpaN6O91vOVmflAD7Ck3l840rEc=
18,96,LdPYZAFtX7eRd+aBztUEKnlpt2Q=,SpaN6O91vOVmflAD7Ck3l840rEc=
30,97,LdPYZAFtX7eRd+aBztUEKnlpt2Q=,SpaN6O91vOVmflAD7Ck3l840rEc=
17,96,LdPYZAFtX7eRd+aBztUEKnlpt2Q=,SpaN6O91vOVmflAD7Ck3l840rEc=
29,97,LdPYZAFtX7eRd+aBztUEKnlpt2Q=,SpaN6O91vOVmflAD7Ck3l840rEc=
28,97,LdPYZAFtX7eRd+aBztUEKnlpt2Q=,SpaN6O91vOVmflAD7Ck3l840rEc=
27,97,LdPYZAFtX7eRd+aBztUEKnlpt2Q=,SpaN6O91vOVmflAD7Ck3l840rEc=
26,97,LdPYZAFtX7eRd+aBztUEKnlpt2Q=,SpaN6O91vOVmflAD7Ck3l840rEc=
0,113,3wPANBJBh9MimdMdTUzUmTBYBMU=,SpaN6O91vOVmflAD7Ck3l840rEc=
1,113,3wPANBJBh9MimdMdTUzUmTBYBMU=,SpaN6O91vOVmflAD7Ck3l840rEc=
2,113,3wPANBJBh9MimdMdTUzUmTBYBMU=,SpaN6O91vOVmflAD7Ck3l840rEc=
3,113,3wPANBJBh9MimdMdTUzUmTBYBMU=,SpaN6O91vOVmflAD7Ck3l840rEc=
4,113,3wPANBJBh9MimdMdTUzUmTBYBMU=,SpaN6O91vOVmflAD7Ck3l840rEc=
5,113,3wPANBJBh9MimdMdTUzUmTBYBMU=,SpaN6O91vOVmflAD7Ck3l840rEc=
15,127,3wPANBJBh9MimdMdTUzUmTBYBMU=,SpaN6O91vOVmflAD7Ck3l840rEc=
13,127,3wPANBJBh9MimdMdTUzUmTBYBMU=,SpaN6O91vOVmflAD7Ck3l840rEc=
14,127,3wPANBJBh9MimdMdTUzUmTBYBMU=,SpaN6O91vOVmflAD7Ck3l840rEc=
10,127,3wPANBJBh9MimdMdTUzUmTBYBMU=,SpaN6O91vOVmflAD7Ck3l840rEc=
11,127,3wPANBJBh9MimdMdTUzUmTBYBMU=,SpaN6O91vOVmflAD7Ck3l840rEc=
9,127,3wPANBJBh9MimdMdTUzUmTBYBMU=,SpaN6O91vOVmflAD7Ck3l840rEc=
8,127,3wPANBJBh9MimdMdTUzUmTBYBMU=,SpaN6O91vOVmflAD7Ck3l840rEc=
6,127,3wPANBJBh9MimdMdTUzUmTBYBMU=,SpaN6O91vOVmflAD7Ck3l840rEc=
5,127,3wPANBJBh9MimdMdTUzUmTBYBMU=,SpaN6O91vOVmflAD7Ck3l840rEc=
4,127,3wPANBJBh9MimdMdTUzUmTBYBMU=,SpaN6O91vOVmflAD7Ck3l840rEc=
7,127,3wPANBJBh9MimdMdTUzUmTBYBMU=,SpaN6O91vOVmflAD7Ck3l840rEc=
3,127,3wPANBJBh9MimdMdTUzUmTBYBMU=,SpaN6O91vOVmflAD7Ck3l840rEc=
2,127,3wPANBJBh9MimdMdTUzUmTBYBMU=,SpaN6O91vOVmflAD7Ck3l840rEc=
1,127,3wPANBJBh9MimdMdTUzUmTBYBMU=,SpaN6O91vOVmflAD7Ck3l840rEc=
14,112,3wPANBJBh9MimdMdTUzUmTBYBMU=,SpaN6O91vOVmflAD7Ck3l840rEc=
15,126,3wPANBJBh9MimdMdTUzUmTBYBMU=,SpaN6O91vOVmflAD7Ck3l840rEc=
12,126,3wPANBJBh9MimdMdTUzUmTBYBMU=,SpaN6O91vOVmflAD7Ck3l840rEc=
13,126,3wPANBJBh9MimdMdTUzUmTBYBMU=,SpaN6O91vOVmflAD7Ck3l840rEc=
11,126,3wPANBJBh9MimdMdTUzUmTBYBMU=,SpaN6O91vOVmflAD7Ck3l840rEc=
10,126,3wPANBJBh9MimdMdTUzUmTBYBMU=,SpaN6O91vOVmflAD7Ck3l840rEc=
9,126,3wPANBJBh9MimdMdTUzUmTBYBMU=,SpaN6O91vOVmflAD7Ck3l840rEc=
14,126,3wPANBJBh9MimdMdTUzUmTBYBMU=,SpaN6O91vOVmflAD7Ck3l840rEc=
6,126,3wPANBJBh9MimdMdTUzUmTBYBMU=,SpaN6O91vOVmflAD7Ck3l840rEc=
8,126,3wPANBJBh9MimdMdTUzUmTBYBMU=,SpaN6O91vOVmflAD7Ck3l840rEc=
7,126,3wPANBJBh9MimdMdTUzUmTBYBMU=,SpaN6O91vOVmflAD7Ck3l840rEc=
4,126,3wPANBJBh9MimdMdTUzUmTBYBMU=,SpaN6O91vOVmflAD7Ck3l840rEc=
5,126,3wPANBJBh9MimdMdTUzUmTBYBMU=,SpaN6O91vOVmflAD7Ck3l840rEc=
3,126,3wPANBJBh9MimdMdTUzUmTBYBMU=,SpaN6O91vOVmflAD7Ck3l840rEc=
2,126,3wPANBJBh9MimdMdTUzUmTBYBMU=,SpaN6O91vOVmflAD7Ck3l840rEc=
13,112,3wPANBJBh9MimdMdTUzUmTBYBMU=,SpaN6O91vOVmflAD7Ck3l840rEc=
1,126,3wPANBJBh9MimdMdTUzUmTBYBMU=,SpaN6O91vOVmflAD7Ck3l840rEc=
15,125,3wPANBJBh9MimdMdTUzUmTBYBMU=,SpaN6O91vOVmflAD7Ck3l840rEc=
14,125,3wPANBJBh9MimdMdTUzUmTBYBMU=,SpaN6O91vOVmflAD7Ck3l840rEc=
13,125,3wPANBJBh9MimdMdTUzUmTBYBMU=,SpaN6O91vOVmflAD7Ck3l840rEc=
12,125,3wPANBJBh9MimdMdTUzUmTBYBMU=,SpaN6O91vOVmflAD7Ck3l840rEc=
11,125,3wPANBJBh9MimdMdTUzUmTBYBMU=,SpaN6O91vOVmflAD7Ck3l840rEc=
10,125,3wPANBJBh9MimdMdTUzUmTBYBMU=,SpaN6O91vOVmflAD7Ck3l840rEc=
9,125,3wPANBJBh9MimdMdTUzUmTBYBMU=,SpaN6O91vOVmflAD7Ck3l840rEc=
8,125,3wPANBJBh9MimdMdTUzUmTBYBMU=,SpaN6O91vOVmflAD7Ck3l840rEc=
7,125,3wPANBJBh9MimdMdTUzUmTBYBMU=,SpaN6O91vOVmflAD7Ck3l840rEc=
6,125,3wPANBJBh9MimdMdTUzUmTBYBMU=,SpaN6O91vOVmflAD7Ck3l840rEc=
5,125,3wPANBJBh9MimdMdTUzUmTBYBMU=,SpaN6O91vOVmflAD7Ck3l840rEc=
4,125,3wPANBJBh9MimdMdTUzUmTBYBMU=,SpaN6O91vOVmflAD7Ck3l840rEc=
3,125,3wPANBJBh9MimdMdTUzUmTBYBMU=,SpaN6O91vOVmflAD7Ck3l840rEc=
0,127,3wPANBJBh9MimdMdTUzUmTBYBMU=,SpaN6O91vOVmflAD7Ck3l840rEc=
2,125,3wPANBJBh9MimdMdTUzUmTBYBMU=,SpaN6O91vOVmflAD7Ck3l840rEc=
1,125,3wPANBJBh9MimdMdTUzUmTBYBMU=,SpaN6O91vOVmflAD7Ck3l840rEc=
15,124,3wPANBJBh9MimdMdTUzUmTBYBMU=,SpaN6O91vOVmflAD7Ck3l840rEc=
0,126,3wPANBJBh9MimdMdTUzUmTBYBMU=,SpaN6O91vOVmflAD7Ck3l840rEc=
14,124,3wPANBJBh9MimdMdTUzUmTBYBMU=,SpaN6O91vOVmflAD7Ck3l840rEc=
12,112,3wPANBJBh9MimdMdTUzUmTBYBMU=,SpaN6O91vOVmflAD7Ck3l840rEc=
13,124,3wPANBJBh9MimdMdTUzUmTBYBMU=,SpaN6O91vOVmflAD7Ck3l840rEc=
12,124,3wPANBJBh9MimdMdTUzUmTBYBMU=,SpaN6O91vOVmflAD7Ck3l840rEc=
11,124,3wPANBJBh9MimdMdTUzUmTBYBMU=,SpaN6O91vOVmflAD7Ck3l840rEc=
10,124,3wPANBJBh9MimdMdTUzUmTBYBMU=,SpaN6O91vOVmflAD7Ck3l840rEc=
8,124,3wPANBJBh9MimdMdTUzUmTBYBMU=,SpaN6O91vOVmflAD7Ck3l840rEc=
7,124,3wPANBJBh9MimdMdTUzUmTBYBMU=,SpaN6O91vOVmflAD7Ck3l840rEc=
9,124,3wPANBJBh9MimdMdTUzUmTBYBMU=,SpaN6O91vOVmflAD7Ck3l840rEc=
5,124,3wPANBJBh9MimdMdTUzUmTBYBMU=,SpaN6O91vOVmflAD7Ck3l840rEc=
6,124,3wPANBJBh9MimdMdTUzUmTBYBMU=,SpaN6O91vOVmflAD7Ck3l840rEc=
4,124,3wPANBJBh9MimdMdTUzUmTBYBMU=,SpaN6O91vOVmflAD7Ck3l840rEc=
11,112,3wPANBJBh9MimdMdTUzUmTBYBMU=,SpaN6O91vOVmflAD7Ck3l840rEc=
3,124,3wPANBJBh9MimdMdTUzUmTBYBMU=,SpaN6O91vOVmflAD7Ck3l840rEc=
2,124,3wPANBJBh9MimdMdTUzUmTBYBMU=,SpaN6O91vOVmflAD7Ck3l840rEc=
1,124,3wPANBJBh9MimdMdTUzUmTBYBMU=,SpaN6O91vOVmflAD7Ck3l840rEc=
15,123,3wPANBJBh9MimdMdTUzUmTBYBMU=,SpaN6O91vOVmflAD7Ck3l840rEc=
14,123,3wPANBJBh9MimdMdTUzUmTBYBMU=,SpaN6O91vOVmflAD7Ck3l840rEc=
0,125,3wPANBJBh9MimdMdTUzUmTBYBMU=,SpaN6O91vOVmflAD7Ck3l840rEc=
12,123,3wPANBJBh9MimdMdTUzUmTBYBMU=,SpaN6O91vOVmflAD7Ck3l840rEc=
13,123,3wPANBJBh9MimdMdTUzUmTBYBMU=,SpaN6O91vOVmflAD7Ck3l840rEc=
11,123,3wPANBJBh9MimdMdTUzUmTBYBMU=,SpaN6O91vOVmflAD7Ck3l840rEc=
10,123,3wPANBJBh9MimdMdTUzUmTBYBMU=,SpaN6O91vOVmflAD7Ck3l840rEc=
8,123,3wPANBJBh9MimdMdTUzUmTBYBMU=,SpaN6O91vOVmflAD7Ck3l840rEc=
9,123,3wPANBJBh9MimdMdTUzUmTBYBMU=,SpaN6O91vOVmflAD7Ck3l840rEc=
7,123,3wPANBJBh9MimdMdTUzUmTBYBMU=,SpaN6O91vOVmflAD7Ck3l840rEc=
5,123,3wPANBJBh9MimdMdTUzUmTBYBMU=,SpaN6O91vOVmflAD7Ck3l840rEc=
6,123,3wPANBJBh9MimdMdTUzUmTBYBMU=,SpaN6O91vOVmflAD7Ck3l840rEc=
10,112,3wPANBJBh9MimdMdTUzUmTBYBMU=,SpaN6O91vOVmflAD7Ck3l840rEc=
4,123,3wPANBJBh9MimdMdTUzUmTBYBMU=,SpaN6O91vOVmflAD7Ck3l840rEc=
3,123,3wPANBJBh9MimdMdTUzUmTBYBMU=,SpaN6O91vOVmflAD7Ck3l840rEc=
2,123,3wPANBJBh9MimdMdTUzUmTBYBMU=,SpaN6O91vOVmflAD7Ck3l840rEc=
1,123,3wPANBJBh9MimdMdTUzUmTBYBMU=,SpaN6O91vOVmflAD7Ck3l840rEc=
15,122,3wPANBJBh9MimdMdTUzUmTBYBMU=,SpaN6O91vOVmflAD7Ck3l840rEc=
14,122,3wPANBJBh9MimdMdTUzUmTBYBMU=,SpaN6O91vOVmflAD7Ck3l840rEc=
12,122,3wPANBJBh9MimdMdTUzUmTBYBMU=,SpaN6O91vOVmflAD7Ck3l840rEc=
11,122,3wPANBJBh9MimdMdTUzUmTBYBMU=,SpaN6O91vOVmflAD7Ck3l840rEc=
13,122,3wPANBJBh9MimdMdTUzUmTBYBMU=,SpaN6O91vOVmflAD7Ck3l840rEc=
0,124,3wPANBJBh9MimdMdTUzUmTBYBMU=,SpaN6O91vOVmflAD7Ck3l840rEc=
10,122,3wPANBJBh9MimdMdTUzUmTBYBMU=,SpaN6O91vOVmflAD7Ck3l840rEc=
9,122,3wPANBJBh9MimdMdTUzUmTBYBMU=,SpaN6O91vOVmflAD7Ck3l840rEc=
8,122,3wPANBJBh9MimdMdTUzUmTBYBMU=,SpaN6O91vOVmflAD7Ck3l840rEc=
7,122,3wPANBJBh9MimdMdTUzUmTBYBMU=,SpaN6O91vOVmflAD7Ck3l840rEc=
6,122,3wPANBJBh9MimdMdTUzUmTBYBMU=,SpaN6O91vOVmflAD7Ck3l840rEc=
5,122,3wPANBJBh9MimdMdTUzUmTBYBMU=,SpaN6O91vOVmflAD7Ck3l840rEc=
4,122,3wPANBJBh9MimdMdTUzUmTBYBMU=,SpaN6O91vOVmflAD7Ck3l840rEc=
3,122,3wPANBJBh9MimdMdTUzUmTBYBMU=,SpaN6O91vOVmflAD7Ck3l840rEc=
9,112,3wPANBJBh9MimdMdTUzUmTBYBMU=,SpaN6O91vOVmflAD7Ck3l840rEc=
2,122,3wPANBJBh9MimdMdTUzUmTBYBMU=,SpaN6O91vOVmflAD7Ck3l840rEc=
0,123,3wPANBJBh9MimdMdTUzUmTBYBMU=,SpaN6O91vOVmflAD7Ck3l840rEc=
1,122,3wPANBJBh9MimdMdTUzUmTBYBMU=,SpaN6O91vOVmflAD7Ck3l840rEc=
15,121,3wPANBJBh9MimdMdTUzUmTBYBMU=,SpaN6O91vOVmflAD7Ck3l840rEc=
14,121,3wPANBJBh9MimdMdTUzUmTBYBMU=,SpaN6O91vOVmflAD7Ck3l840rEc=
13,121,3wPANBJBh9MimdMdTUzUmTBYBMU=,SpaN6O91vOVmflAD7Ck3l840rEc=
11,121,3wPANBJBh9MimdMdTUzUmTBYBMU=,SpaN6O91vOVmflAD7Ck3l840rEc=
12,121,3wPANBJBh9MimdMdTUzUmTBYBMU=,SpaN6O91vOVmflAD7Ck3l840rEc=
10,121,3wPANBJBh9MimdMdTUzUmTBYBMU=,SpaN6O91vOVmflAD7Ck3l840rEc=
8,121,3wPANBJBh9MimdMdTUzUmTBYBMU=,SpaN6O91vOVmflAD7Ck3l840rEc=
9,121,3wPANBJBh9MimdMdTUzUmTBYBMU=,SpaN6O91vOVmflAD7Ck3l840rEc=
8,112,3wPANBJBh9MimdMdTUzUmTBYBMU=,SpaN6O91vOVmflAD7Ck3l840rEc=
7,121,3wPANBJBh9MimdMdTUzUmTBYBMU=,SpaN6O91vOVmflAD7Ck3l840rEc=
6,121,3wPANBJBh9MimdMdTUzUmTBYBMU=,SpaN6O91vOVmflAD7Ck3l840rEc=
5,121,3wPANBJBh9MimdMdTUzUmTBYBMU=,SpaN6O91vOVmflAD7Ck3l840rEc=
2,121,3wPANBJBh9MimdMdTUzUmTBYBMU=,SpaN6O91vOVmflAD7Ck3l840rEc=
3,121,3wPANBJBh9MimdMdTUzUmTBYBMU=,SpaN6O91vOVmflAD7Ck3l840rEc=
1,121,3wPANBJBh9MimdMdTUzUmTBYBMU=,SpaN6O91vOVmflAD7Ck3l840rEc=
15,120,3wPANBJBh9MimdMdTUzUmTBYBMU=,SpaN6O91vOVmflAD7Ck3l840rEc=
13,120,3wPANBJBh9MimdMdTUzUmTBYBMU=,SpaN6O91vOVmflAD7Ck3l840rEc=
14,120,3wPANBJBh9MimdMdTUzUmTBYBMU=,SpaN6O91vOVmflAD7Ck3l840rEc=
12,120,3wPANBJBh9MimdMdTUzUmTBYBMU=,SpaN6O91vOVmflAD7Ck3l840rEc=
11,120,3wPANBJBh9MimdMdTUzUmTBYBMU=,SpaN6O91vOVmflAD7Ck3l840rEc=
10,120,3wPANBJBh9MimdMdTUzUmTBYBMU=,SpaN6O91vOVmflAD7Ck3l840rEc=
9,120,3wPANBJBh9MimdMdTUzUmTBYBMU=,SpaN6O91vOVmflAD7Ck3l840rEc=
7,112,3wPANBJBh9MimdMdTUzUmTBYBMU=,SpaN6O91vOVmflAD7Ck3l840rEc=
6,120,3wPANBJBh9MimdMdTUzUmTBYBMU=,SpaN6O91vOVmflAD7Ck3l840rEc=
7,120,3wPANBJBh9MimdMdTUzUmTBYBMU=,SpaN6O91vOVmflAD7Ck3l840rEc=
5,120,3wPANBJBh9MimdMdTUzUmTBYBMU=,SpaN6O91vOVmflAD7Ck3l840rEc=
8,120,3wPANBJBh9MimdMdTUzUmTBYBMU=,SpaN6O91vOVmflAD7Ck3l840rEc=
4,120,3wPANBJBh9MimdMdTUzUmTBYBMU=,SpaN6O91vOVmflAD7Ck3l840rEc=
3,120,3wPANBJBh9MimdMdTUzUmTBYBMU=,SpaN6O91vOVmflAD7Ck3l840rEc=
2,120,3wPANBJBh9MimdMdTUzUmTBYBMU=,SpaN6O91vOVmflAD7Ck3l840rEc=
0,122,3wPANBJBh9MimdMdTUzUmTBYBMU=,SpaN6O91vOVmflAD7Ck3l840rEc=
1,120,3wPANBJBh9MimdMdTUzUmTBYBMU=,SpaN6O91vOVmflAD7Ck3l840rEc=
14,119,3wPANBJBh9MimdMdTUzUmTBYBMU=,SpaN6O91vOVmflAD7Ck3l840rEc=
15,119,3wPANBJBh9MimdMdTUzUmTBYBMU=,SpaN6O91vOVmflAD7Ck3l840rEc=
13,119,3wPANBJBh9MimdMdTUzUmTBYBMU=,SpaN6O91vOVmflAD7Ck3l840rEc=
0,121,3wPANBJBh9MimdMdTUzUmTBYBMU=,SpaN6O91vOVmflAD7Ck3l840rEc=
10,119,3wPANBJBh9MimdMdTUzUmTBYBMU=,SpaN6O91vOVmflAD7Ck3l840rEc=
12,119,3wPANBJBh9MimdMdTUzUmTBYBMU=,SpaN6O91vOVmflAD7Ck3l840rEc=
9,119,3wPANBJBh9MimdMdTUzUmTBYBMU=,SpaN6O91vOVmflAD7Ck3l840rEc=
6,112,3wPANBJBh9MimdMdTUzUmTBYBMU=,SpaN6O91vOVmflAD7Ck3l840rEc=
11,119,3wPANBJBh9MimdMdTUzUmTBYBMU=,SpaN6O91vOVmflAD7Ck3l840rEc=
8,119,3wPANBJBh9MimdMdTUzUmTBYBMU=,SpaN6O91vOVmflAD7Ck3l840rEc=
7,119,3wPANBJBh9MimdMdTUzUmTBYBMU=,SpaN6O91vOVmflAD7Ck3l840rEc=
6,119,3wPANBJBh9MimdMdTUzUmTBYBMU=,SpaN6O91vOVmflAD7Ck3l840rEc=
5,119,3wPANBJBh9MimdMdTUzUmTBYBMU=,SpaN6O91vOVmflAD7Ck3l840rEc=
3,119,3wPANBJBh9MimdMdTUzUmTBYBMU=,SpaN6O91vOVmflAD7Ck3l840rEc=
0,120,3wPANBJBh9MimdMdTUzUmTBYBMU=,SpaN6O91vOVmflAD7Ck3l840rEc=
4,119,3wPANBJBh9MimdMdTUzUmTBYBMU=,SpaN6O91vOVmflAD7Ck3l840rEc=
1,119,3wPANBJBh9MimdMdTUzUmTBYBMU=,SpaN6O91vOVmflAD7Ck3l840rEc=
2,119,3wPANBJBh9MimdMdTUzUmTBYBMU=,SpaN6O91vOVmflAD7Ck3l840rEc=
15,118,3wPANBJBh9MimdMdTUzUmTBYBMU=,SpaN6O91vOVmflAD7Ck3l840rEc=
14,118,3wPANBJBh9MimdMdTUzUmTBYBMU=,SpaN6O91vOVmflAD7Ck3l840rEc=
11,118,3wPANBJBh9MimdMdTUzUmTBYBMU=,SpaN6O91vOVmflAD7Ck3l840rEc=
13,118,3wPANBJBh9MimdMdTUzUmTBYBMU=,SpaN6O91vOVmflAD7Ck3l840rEc=
12,118,3wPANBJBh9MimdMdTUzUmTBYBMU=,SpaN6O91vOVmflAD7Ck3l840rEc=
5,112,3wPANBJBh9MimdMdTUzUmTBYBMU=,SpaN6O91vOVmflAD7Ck3l840rEc=
10,118,3wPANBJBh9MimdMdTUzUmTBYBMU=,SpaN6O91vOVmflAD7Ck3l840rEc=
9,118,3wPANBJBh9MimdMdTUzUmTBYBMU=,SpaN6O91vOVmflAD7Ck3l840rEc=
8,118,3wPANBJBh9MimdMdTUzUmTBYBMU=,SpaN6O91vOVmflAD7Ck3l840rEc=
7,118,3wPANBJBh9MimdMdTUzUmTBYBMU=,SpaN6O91vOVmflAD7Ck3l840rEc=
6,118,3wPANBJBh9MimdMdTUzUmTBYBMU=,SpaN6O91vOVmflAD7Ck3l840rEc=
5,118,3wPANBJBh9MimdMdTUzUmTBYBMU=,SpaN6O91vOVmflAD7Ck3l840rEc=
3,118,3wPANBJBh9MimdMdTUzUmTBYBMU=,SpaN6O91vOVmflAD7Ck3l840rEc=
4,118,3wPANBJBh9MimdMdTUzUmTBYBMU=,SpaN6O91vOVmflAD7Ck3l840rEc=
2,118,3wPANBJBh9MimdMdTUzUmTBYBMU=,SpaN6O91vOVmflAD7Ck3l840rEc=
1,118,3wPANBJBh9MimdMdTUzUmTBYBMU=,SpaN6O91vOVmflAD7Ck3l840rEc=
15,117,3wPANBJBh9MimdMdTUzUmTBYBMU=,SpaN6O91vOVmflAD7Ck3l840rEc=
14,117,3wPANBJBh9MimdMdTUzUmTBYBMU=,SpaN6O91vOVmflAD7Ck3l840rEc=
13,117,3wPANBJBh9MimdMdTUzUmTBYBMU=,SpaN6O91vOVmflAD7Ck3l840rEc=
12,117,3wPANBJBh9MimdMdTUzUmTBYBMU=,SpaN6O91vOVmflAD7Ck3l840rEc=
11,117,3wPANBJBh9MimdMdTUzUmTBYBMU=,SpaN6O91vOVmflAD7Ck3l840rEc=
0,119,3wPANBJBh9MimdMdTUzUmTBYBMU=,SpaN6O91vOVmflAD7Ck3l840rEc=
4,112,3wPANBJBh9MimdMdTUzUmTBYBMU=,SpaN6O91vOVmflAD7Ck3l840rEc=
10,117,3wPANBJBh9MimdMdTUzUmTBYBMU=,SpaN6O91vOVmflAD7Ck3l840rEc=
9,117,3wPANBJBh9MimdMdTUzUmTBYBMU=,SpaN6O91vOVmflAD7Ck3l840rEc=
8,117,3wPANBJBh9MimdMdTUzUmTBYBMU=,SpaN6O91vOVmflAD7Ck3l840rEc=
7,117,3wPANBJBh9MimdMdTUzUmTBYBMU=,SpaN6O91vOVmflAD7Ck3l840rEc=
6,117,3wPANBJBh9MimdMdTUzUmTBYBMU=,SpaN6O91vOVmflAD7Ck3l840rEc=
5,117,3wPANBJBh9MimdMdTUzUmTBYBMU=,SpaN6O91vOVmflAD7Ck3l840rEc=
4,117,3wPANBJBh9MimdMdTUzUmTBYBMU=,SpaN6O91vOVmflAD7Ck3l840rEc=
3,117,3wPANBJBh9MimdMdTUzUmTBYBMU=,SpaN6O91vOVmflAD7Ck3l840rEc=
2,117,3wPANBJBh9MimdMdTUzUmTBYBMU=,SpaN6O91vOVmflAD7Ck3l840rEc=
0,118,3wPANBJBh9MimdMdTUzUmTBYBMU=,SpaN6O91vOVmflAD7Ck3l840rEc=
15,116,3wPANBJBh9MimdMdTUzUmTBYBMU=,SpaN6O91vOVmflAD7Ck3l840rEc=
1,117,3wPANBJBh9MimdMdTUzUmTBYBMU=,SpaN6O91vOVmflAD7Ck3l840rEc=
13,116,3wPANBJBh9MimdMdTUzUmTBYBMU=,SpaN6O91vOVmflAD7Ck3l840rEc=
14,116,3wPANBJBh9MimdMdTUzUmTBYBMU=,SpaN6O91vOVmflAD7Ck3l840rEc=
12,116,3wPANBJBh9MimdMdTUzUmTBYBMU=,SpaN6O91vOVmflAD7Ck3l840rEc=
3,112,3wPANBJBh9MimdMdTUzUmTBYBMU=,SpaN6O91vOVmflAD7Ck3l840rEc=
11,116,3wPANBJBh9MimdMdTUzUmTBYBMU=,SpaN6O91vOVmflAD7Ck3l840rEc=
9,116,3wPANBJBh9MimdMdTUzUmTBYBMU=,SpaN6O91vOVmflAD7Ck3l840rEc=
10,116,3wPANBJBh9MimdMdTUzUmTBYBMU=,SpaN6O91vOVmflAD7Ck3l840rEc=
8,116,3wPANBJBh9MimdMdTUzUmTBYBMU=,SpaN6O91vOVmflAD7Ck3l840rEc=
6,116,3wPANBJBh9MimdMdTUzUmTBYBMU=,SpaN6O91vOVmflAD7Ck3l840rEc=
7,116,3wPANBJBh9MimdMdTUzUmTBYBMU=,SpaN6O91vOVmflAD7Ck3l840rEc=
5,116,3wPANBJBh9MimdMdTUzUmTBYBMU=,SpaN6O91vOVmflAD7Ck3l840rEc=
3,116,3wPANBJBh9MimdMdTUzUmTBYBMU=,SpaN6O91vOVmflAD7Ck3l840rEc=
4,116,3wPANBJBh9MimdMdTUzUmTBYBMU=,SpaN6O91vOVmflAD7Ck3l840rEc=
1,116,3wPANBJBh9MimdMdTUzUmTBYBMU=,SpaN6O91vOVmflAD7Ck3l840rEc=
2,116,3wPANBJBh9MimdMdTUzUmTBYBMU=,SpaN6O91vOVmflAD7Ck3l840rEc=
15,115,3wPANBJBh9MimdMdTUzUmTBYBMU=,SpaN6O91vOVmflAD7Ck3l840rEc=
14,115,3wPANBJBh9MimdMdTUzUmTBYBMU=,SpaN6O91vOVmflAD7Ck3l840rEc=
13,115,3wPANBJBh9MimdMdTUzUmTBYBMU=,SpaN6O91vOVmflAD7Ck3l840rEc=
2,112,3wPANBJBh9MimdMdTUzUmTBYBMU=,SpaN6O91vOVmflAD7Ck3l840rEc=
12,115,3wPANBJBh9MimdMdTUzUmTBYBMU=,SpaN6O91vOVmflAD7Ck3l840rEc=
11,115,3wPANBJBh9MimdMdTUzUmTBYBMU=,SpaN6O91vOVmflAD7Ck3l840rEc=
10,115,3wPANBJBh9MimdMdTUzUmTBYBMU=,SpaN6O91vOVmflAD7Ck3l840rEc=
9,115,3wPANBJBh9MimdMdTUzUmTBYBMU=,SpaN6O91vOVmflAD7Ck3l840rEc=
8,115,3wPANBJBh9MimdMdTUzUmTBYBMU=,SpaN6O91vOVmflAD7Ck3l840rEc=
7,115,3wPANBJBh9MimdMdTUzUmTBYBMU=,SpaN6O91vOVmflAD7Ck3l840rEc=
0,117,3wPANBJBh9MimdMdTUzUmTBYBMU=,SpaN6O91vOVmflAD7Ck3l840rEc=
6,115,3wPANBJBh9MimdMdTUzUmTBYBMU=,SpaN6O91vOVmflAD7Ck3l840rEc=
5,115,3wPANBJBh9MimdMdTUzUmTBYBMU=,SpaN6O91vOVmflAD7Ck3l840rEc=
4,115,3wPANBJBh9MimdMdTUzUmTBYBMU=,SpaN6O91vOVmflAD7Ck3l840rEc=
0,116,3wPANBJBh9MimdMdTUzUmTBYBMU=,SpaN6O91vOVmflAD7Ck3l840rEc=
2,115,3wPANBJBh9MimdMdTUzUmTBYBMU=,SpaN6O91vOVmflAD7Ck3l840rEc=
3,115,3wPANBJBh9MimdMdTUzUmTBYBMU=,SpaN6O91vOVmflAD7Ck3l840rEc=
1,115,3wPANBJBh9MimdMdTUzUmTBYBMU=,SpaN6O91vOVmflAD7Ck3l840rEc=
14,114,3wPANBJBh9MimdMdTUzUmTBYBMU=,SpaN6O91vOVmflAD7Ck3l840rEc=
15,114,3wPANBJBh9MimdMdTUzUmTBYBMU=,SpaN6O91vOVmflAD7Ck3l840rEc=
1,112,3wPANBJBh9MimdMdTUzUmTBYBMU=,SpaN6O91vOVmflAD7Ck3l840rEc=
12,114,3wPANBJBh9MimdMdTUzUmTBYBMU=,SpaN6O91vOVmflAD7Ck3l840rEc=
11,114,3wPANBJBh9MimdMdTUzUmTBYBMU=,SpaN6O91vOVmflAD7Ck3l840rEc=
13,114,3wPANBJBh9MimdMdTUzUmTBYBMU=,SpaN6O91vOVmflAD7Ck3l840rEc=
7,114,3wPANBJBh9MimdMdTUzUmTBYBMU=,SpaN6O91vOVmflAD7Ck3l840rEc=
9,114,3wPANBJBh9MimdMdTUzUmTBYBMU=,SpaN6O91vOVmflAD7Ck3l840rEc=
10,114,3wPANBJBh9MimdMdTUzUmTBYBMU=,SpaN6O91vOVmflAD7Ck3l840rEc=
6,114,3wPANBJBh9MimdMdTUzUmTBYBMU=,SpaN6O91vOVmflAD7Ck3l840rEc=
8,114,3wPANBJBh9MimdMdTUzUmTBYBMU=,SpaN6O91vOVmflAD7Ck3l840rEc=
5,114,3wPANBJBh9MimdMdTUzUmTBYBMU=,SpaN6O91vOVmflAD7Ck3l840rEc=
4,114,3wPANBJBh9MimdMdTUzUmTBYBMU=,SpaN6O91vOVmflAD7Ck3l840rEc=
2,114,3wPANBJBh9MimdMdTUzUmTBYBMU=,SpaN6O91vOVmflAD7Ck3l840rEc=
1,114,3wPANBJBh9MimdMdTUzUmTBYBMU=,SpaN6O91vOVmflAD7Ck3l840rEc=
3,114,3wPANBJBh9MimdMdTUzUmTBYBMU=,SpaN6O91vOVmflAD7Ck3l840rEc=
0,115,3wPANBJBh9MimdMdTUzUmTBYBMU=,SpaN6O91vOVmflAD7Ck3l840rEc=
14,113,3wPANBJBh9MimdMdTUzUmTBYBMU=,SpaN6O91vOVmflAD7Ck3l840rEc=
13,113,3wPANBJBh9MimdMdTUzUmTBYBMU=,SpaN6O91vOVmflAD7Ck3l840rEc=
11,113,3wPANBJBh9MimdMdTUzUmTBYBMU=,SpaN6O91vOVmflAD7Ck3l840rEc=
12,113,3wPANBJBh9MimdMdTUzUmTBYBMU=,SpaN6O91vOVmflAD7Ck3l840rEc=
15,113,3wPANBJBh9MimdMdTUzUmTBYBMU=,SpaN6O91vOVmflAD7Ck3l840rEc=
10,113,3wPANBJBh9MimdMdTUzUmTBYBMU=,SpaN6O91vOVmflAD7Ck3l840rEc=
8,113,3wPANBJBh9MimdMdTUzUmTBYBMU=,SpaN6O91vOVmflAD7Ck3l840rEc=
9,113,3wPANBJBh9MimdMdTUzUmTBYBMU=,SpaN6O91vOVmflAD7Ck3l840rEc=
7,113,3wPANBJBh9MimdMdTUzUmTBYBMU=,SpaN6O91vOVmflAD7Ck3l840rEc=
0,112,3wPANBJBh9MimdMdTUzUmTBYBMU=,SpaN6O91vOVmflAD7Ck3l840rEc=
6,113,3wPANBJBh9MimdMdTUzUmTBYBMU=,SpaN6O91vOVmflAD7Ck3l840rEc=
0,114,3wPANBJBh9MimdMdTUzUmTBYBMU=,SpaN6O91vOVmflAD7Ck3l840rEc=
12,127,3wPANBJBh9MimdMdTUzUmTBYBMU=,SpaN6O91vOVmflAD7Ck3l840rEc=
4,121,3wPANBJBh9MimdMdTUzUmTBYBMU=,SpaN6O91vOVmflAD7Ck3l840rEc=
15,112,3wPANBJBh9MimdMdTUzUmTBYBMU=,SpaN6O91vOVmflAD7Ck3l840rEc=
17,112,3wPANBJBh9MimdMdTUzUmTBYBMU=,SpaN6O91vOVmflAD7Ck3l840rEc=
31,113,3wPANBJBh9MimdMdTUzUmTBYBMU=,SpaN6O91vOVmflAD7Ck3l840rEc=
16,114,3wPANBJBh9MimdMdTUzUmTBYBMU=,SpaN6O91vOVmflAD7Ck3l840rEc=
17,114,3wPANBJBh9MimdMdTUzUmTBYBMU=,SpaN6O91vOVmflAD7Ck3l840rEc=
18,114,3wPANBJBh9MimdMdTUzUmTBYBMU=,SpaN6O91vOVmflAD7Ck3l840rEc=
19,114,3wPANBJBh9MimdMdTUzUmTBYBMU=,SpaN6O91vOVmflAD7Ck3l840rEc=
20,114,3wPANBJBh9MimdMdTUzUmTBYBMU=,SpaN6O91vOVmflAD7Ck3l840rEc=
21,114,3wPANBJBh9MimdMdTUzUmTBYBMU=,SpaN6O91vOVmflAD7Ck3l840rEc=
22,114,3wPANBJBh9MimdMdTUzUmTBYBMU=,SpaN6O91vOVmflAD7Ck3l840rEc=
23,114,3wPANBJBh9MimdMdTUzUmTBYBMU=,SpaN6O91vOVmflAD7Ck3l840rEc=
24,114,3wPANBJBh9MimdMdTUzUmTBYBMU=,SpaN6O91vOVmflAD7Ck3l840rEc=
31,127,3wPANBJBh9MimdMdTUzUmTBYBMU=,SpaN6O91vOVmflAD7Ck3l840rEc=
25,114,3wPANBJBh9MimdMdTUzUmTBYBMU=,SpaN6O91vOVmflAD7Ck3l840rEc=
30,113,3wPANBJBh9MimdMdTUzUmTBYBMU=,SpaN6O91vOVmflAD7Ck3l840rEc=
27,113,3wPANBJBh9MimdMdTUzUmTBYBMU=,SpaN6O91vOVmflAD7Ck3l840rEc=
28,113,3wPANBJBh9MimdMdTUzUmTBYBMU=,SpaN6O91vOVmflAD7Ck3l840rEc=
26,113,3wPANBJBh9MimdMdTUzUmTBYBMU=,SpaN6O91vOVmflAD7Ck3l840rEc=
24,113,3wPANBJBh9MimdMdTUzUmTBYBMU=,SpaN6O91vOVmflAD7Ck3l840rEc=
25,113,3wPANBJBh9MimdMdTUzUmTBYBMU=,SpaN6O91vOVmflAD7Ck3l840rEc=
21,113,3wPANBJBh9MimdMdTUzUmTBYBMU=,SpaN6O91vOVmflAD7Ck3l840rEc=
22,113,3wPANBJBh9MimdMdTUzUmTBYBMU=,SpaN6O91vOVmflAD7Ck3l840rEc=
19,113,3wPANBJBh9MimdMdTUzUmTBYBMU=,SpaN6O91vOVmflAD7Ck3l840rEc=
16,113,3wPANBJBh9MimdMdTUzUmTBYBMU=,SpaN6O91vOVmflAD7Ck3l840rEc=
17,113,3wPANBJBh9MimdMdTUzUmTBYBMU=,SpaN6O91vOVmflAD7Ck3l840rEc=
20,113,3wPANBJBh9MimdMdTUzUmTBYBMU=,SpaN6O91vOVmflAD7Ck3l840rEc=
18,113,3wPANBJBh9MimdMdTUzUmTBYBMU=,SpaN6O91vOVmflAD7Ck3l840rEc=
29,127,3wPANBJBh9MimdMdTUzUmTBYBMU=,SpaN6O91vOVmflAD7Ck3l840rEc=
16,112,3wPANBJBh9MimdMdTUzUmTBYBMU=,SpaN6O91vOVmflAD7Ck3l840rEc=
28,127,3wPANBJBh9MimdMdTUzUmTBYBMU=,SpaN6O91vOVmflAD7Ck3l840rEc=
27,127,3wPANBJBh9MimdMdTUzUmTBYBMU=,SpaN6O91vOVmflAD7Ck3l840rEc=
25,127,3wPANBJBh9MimdMdTUzUmTBYBMU=,SpaN6O91vOVmflAD7Ck3l840rEc=
26,127,3wPANBJBh9MimdMdTUzUmTBYBMU=,SpaN6O91vOVmflAD7Ck3l840rEc=
30,127,3wPANBJBh9MimdMdTUzUmTBYBMU=,SpaN6O91vOVmflAD7Ck3l840rEc=
22,127,3wPANBJBh9MimdMdTUzUmTBYBMU=,SpaN6O91vOVmflAD7Ck3l840rEc=
21,127,3wPANBJBh9MimdMdTUzUmTBYBMU=,SpaN6O91vOVmflAD7Ck3l840rEc=
23,127,3wPANBJBh9MimdMdTUzUmTBYBMU=,SpaN6O91vOVmflAD7Ck3l840rEc=
18,127,3wPANBJBh9MimdMdTUzUmTBYBMU=,SpaN6O91vOVmflAD7Ck3l840rEc=
20,127,3wPANBJBh9MimdMdTUzUmTBYBMU=,SpaN6O91vOVmflAD7Ck3l840rEc=
19,127,3wPANBJBh9MimdMdTUzUmTBYBMU=,SpaN6O91vOVmflAD7Ck3l840rEc=
24,127,3wPANBJBh9MimdMdTUzUmTBYBMU=,SpaN6O91vOVmflAD7Ck3l840rEc=
17,127,3wPANBJBh9MimdMdTUzUmTBYBMU=,SpaN6O91vOVmflAD7Ck3l840rEc=
31,126,3wPANBJBh9MimdMdTUzUmTBYBMU=,SpaN6O91vOVmflAD7Ck3l840rEc=
30,126,3wPANBJBh9MimdMdTUzUmTBYBMU=,SpaN6O91vOVmflAD7Ck3l840rEc=
16,127,3wPANBJBh9MimdMdTUzUmTBYBMU=,SpaN6O91vOVmflAD7Ck3l840rEc=
29,126,3wPANBJBh9MimdMdTUzUmTBYBMU=,SpaN6O91vOVmflAD7Ck3l840rEc=
28,126,3wPANBJBh9MimdMdTUzUmTBYBMU=,SpaN6O91vOVmflAD7Ck3l840rEc=
27,126,3wPANBJBh9MimdMdTUzUmTBYBMU=,SpaN6O91vOVmflAD7Ck3l840rEc=
26,126,3wPANBJBh9MimdMdTUzUmTBYBMU=,SpaN6O91vOVmflAD7Ck3l840rEc=
31,112,3wPANBJBh9MimdMdTUzUmTBYBMU=,SpaN6O91vOVmflAD7Ck3l840rEc=
25,126,3wPANBJBh9MimdMdTUzUmTBYBMU=,SpaN6O91vOVmflAD7Ck3l840rEc=
24,126,3wPANBJBh9MimdMdTUzUmTBYBMU=,SpaN6O91vOVmflAD7Ck3l840rEc=
23,126,3wPANBJBh9MimdMdTUzUmTBYBMU=,SpaN6O91vOVmflAD7Ck3l840rEc=
20,126,3wPANBJBh9MimdMdTUzUmTBYBMU=,SpaN6O91vOVmflAD7Ck3l840rEc=
22,126,3wPANBJBh9MimdMdTUzUmTBYBMU=,SpaN6O91vOVmflAD7Ck3l840rEc=
18,126,3wPANBJBh9MimdMdTUzUmTBYBMU=,SpaN6O91vOVmflAD7Ck3l840rEc=
19,126,3wPANBJBh9MimdMdTUzUmTBYBMU=,SpaN6O91vOVmflAD7Ck3l840rEc=
17,126,3wPANBJBh9MimdMdTUzUmTBYBMU=,SpaN6O91vOVmflAD7Ck3l840rEc=
21,126,3wPANBJBh9MimdMdTUzUmTBYBMU=,SpaN6O91vOVmflAD7Ck3l840rEc=
16,126,3wPANBJBh9MimdMdTUzUmTBYBMU=,SpaN6O91vOVmflAD7Ck3l840rEc=
31,125,3wPANBJBh9MimdMdTUzUmTBYBMU=,SpaN6O91vOVmflAD7Ck3l840rEc=
30,125,3wPANBJBh9MimdMdTUzUmTBYBMU=,SpaN6O91vOVmflAD7Ck3l840rEc=
29,125,3wPANBJBh9MimdMdTUzUmTBYBMU=,SpaN6O91vOVmflAD7Ck3l840rEc=
30,112,3wPANBJBh9MimdMdTUzUmTBYBMU=,SpaN6O91vOVmflAD7Ck3l840rEc=
27,125,3wPANBJBh9MimdMdTUzUmTBYBMU=,SpaN6O91vOVmflAD7Ck3l840rEc=
28,125,3wPANBJBh9MimdMdTUzUmTBYBMU=,SpaN6O91vOVmflAD7Ck3l840rEc=
25,125,3wPANBJBh9MimdMdTUzUmTBYBMU=,SpaN6O91vOVmflAD7Ck3l840rEc=
26,125,3wPANBJBh9MimdMdTUzUmTBYBMU=,SpaN6O91vOVmflAD7Ck3l840rEc=
22,125,3wPANBJBh9MimdMdTUzUmTBYBMU=,SpaN6O91vOVmflAD7Ck3l840rEc=
24,125,3wPANBJBh9MimdMdTUzUmTBYBMU=,SpaN6O91vOVmflAD7Ck3l840rEc=
23,125,3wPANBJBh9MimdMdTUzUmTBYBMU=,SpaN6O91vOVmflAD7Ck3l840rEc=
20,125,3wPANBJBh9MimdMdTUzUmTBYBMU=,SpaN6O91vOVmflAD7Ck3l840rEc=
19,125,3wPANBJBh9MimdMdTUzUmTBYBMU=,SpaN6O91vOVmflAD7Ck3l840rEc=
21,125,3wPANBJBh9MimdMdTUzUmTBYBMU=,SpaN6O91vOVmflAD7Ck3l840rEc=
18,125,3wPANBJBh9MimdMdTUzUmTBYBMU=,SpaN6O91vOVmflAD7Ck3l840rEc=
17,125,3wPANBJBh9MimdMdTUzUmTBYBMU=,SpaN6O91vOVmflAD7Ck3l840rEc=
31,124,3wPANBJBh9MimdMdTUzUmTBYBMU=,SpaN6O91vOVmflAD7Ck3l840rEc=
29,124,3wPANBJBh9MimdMdTUzUmTBYBMU=,SpaN6O91vOVmflAD7Ck3l840rEc=
29,112,3wPANBJBh9MimdMdTUzUmTBYBMU=,SpaN6O91vOVmflAD7Ck3l840rEc=
16,125,3wPANBJBh9MimdMdTUzUmTBYBMU=,SpaN6O91vOVmflAD7Ck3l840rEc=
27,124,3wPANBJBh9MimdMdTUzUmTBYBMU=,SpaN6O91vOVmflAD7Ck3l840rEc=
28,124,3wPANBJBh9MimdMdTUzUmTBYBMU=,SpaN6O91vOVmflAD7Ck3l840rEc=
30,124,3wPANBJBh9MimdMdTUzUmTBYBMU=,SpaN6O91vOVmflAD7Ck3l840rEc=
26,124,3wPANBJBh9MimdMdTUzUmTBYBMU=,SpaN6O91vOVmflAD7Ck3l840rEc=
25,124,3wPANBJBh9MimdMdTUzUmTBYBMU=,SpaN6O91vOVmflAD7Ck3l840rEc=
24,124,3wPANBJBh9MimdMdTUzUmTBYBMU=,SpaN6O91vOVmflAD7Ck3l840rEc=
23,124,3wPANBJBh9MimdMdTUzUmTBYBMU=,SpaN6O91vOVmflAD7Ck3l840rEc=
21,124,3wPANBJBh9MimdMdTUzUmTBYBMU=,SpaN6O91vOVmflAD7Ck3l840rEc=
19,124,3wPANBJBh9MimdMdTUzUmTBYBMU=,SpaN6O91vOVmflAD7Ck3l840rEc=
18,124,3wPANBJBh9MimdMdTUzUmTBYBMU=,SpaN6O91vOVmflAD7Ck3l840rEc=
22,124,3wPANBJBh9MimdMdTUzUmTBYBMU=,SpaN6O91vOVmflAD7Ck3l840rEc=
20,124,3wPANBJBh9MimdMdTUzUmTBYBMU=,SpaN6O91vOVmflAD7Ck3l840rEc=
17,124,3wPANBJBh9MimdMdTUzUmTBYBMU=,SpaN6O91vOVmflAD7Ck3l840rEc=
16,124,3wPANBJBh9MimdMdTUzUmTBYBMU=,SpaN6O91vOVmflAD7Ck3l840rEc=
30,123,3wPANBJBh9MimdMdTUzUmTBYBMU=,SpaN6O91vOVmflAD7Ck3l840rEc=
31,123,3wPANBJBh9MimdMdTUzUmTBYBMU=,SpaN6O91vOVmflAD7Ck3l840rEc=
28,112,3wPANBJBh9MimdMdTUzUmTBYBMU=,SpaN6O91vOVmflAD7Ck3l840rEc=
25,123,3wPANBJBh9MimdMdTUzUmTBYBMU=,SpaN6O91vOVmflAD7Ck3l840rEc=
26,123,3wPANBJBh9MimdMdTUzUmTBYBMU=,SpaN6O91vOVmflAD7Ck3l840rEc=
28,123,3wPANBJBh9MimdMdTUzUmTBYBMU=,SpaN6O91vOVmflAD7Ck3l840rEc=
24,123,3wPANBJBh9MimdMdTUzUmTBYBMU=,SpaN6O91vOVmflAD7Ck3l840rEc=
29,123,3wPANBJBh9MimdMdTUzUmTBYBMU=,SpaN6O91vOVmflAD7Ck3l840rEc=
27,123,3wPANBJBh9MimdMdTUzUmTBYBMU=,SpaN6O91vOVmflAD7Ck3l840rEc=
23,123,3wPANBJBh9MimdMdTUzUmTBYBMU=,SpaN6O91vOVmflAD7Ck3l840rEc=
22,123,3wPANBJBh9MimdMdTUzUmTBYBMU=,SpaN6O91vOVmflAD7Ck3l840rEc=
19,123,3wPANBJBh9MimdMdTUzUmTBYBMU=,SpaN6O91vOVmflAD7Ck3l840rEc=
21,123,3wPANBJBh9MimdMdTUzUmTBYBMU=,SpaN6O91vOVmflAD7Ck3l840rEc=
20,123,3wPANBJBh9MimdMdTUzUmTBYBMU=,SpaN6O91vOVmflAD7Ck3l840rEc=
31,122,3wPANBJBh9MimdMdTUzUmTBYBMU=,SpaN6O91vOVmflAD7Ck3l840rEc=
16,123,3wPANBJBh9MimdMdTUzUmTBYBMU=,SpaN6O91vOVmflAD7Ck3l840rEc=
18,123,3wPANBJBh9MimdMdTUzUmTBYBMU=,SpaN6O91vOVmflAD7Ck3l840rEc=
30,122,3wPANBJBh9MimdMdTUzUmTBYBMU=,SpaN6O91vOVmflAD7Ck3l840rEc=
27,112,3wPANBJBh9MimdMdTUzUmTBYBMU=,SpaN6O91vOVmflAD7Ck3l840rEc=
29,122,3wPANBJBh9MimdMdTUzUmTBYBMU=,SpaN6O91vOVmflAD7Ck3l840rEc=
17,123,3wPANBJBh9MimdMdTUzUmTBYBMU=,SpaN6O91vOVmflAD7Ck3l840rEc=
27,122,3wPANBJBh9MimdMdTUzUmTBYBMU=,SpaN6O91vOVmflAD7Ck3l840rEc=
25,122,3wPANBJBh9MimdMdTUzUmTBYBMU=,SpaN6O91vOVmflAD7Ck3l840rEc=
24,122,3wPANBJBh9MimdMdTUzUmTBYBMU=,SpaN6O91vOVmflAD7Ck3l840rEc=
21,122,3wPANBJBh9MimdMdTUzUmTBYBMU=,SpaN6O91vOVmflAD7Ck3l840rEc=
23,122,3wPANBJBh9MimdMdTUzUmTBYBMU=,SpaN6O91vOVmflAD7Ck3l840rEc=
26,122,3wPANBJBh9MimdMdTUzUmTBYBMU=,SpaN6O91vOVmflAD7Ck3l840rEc=
20,122,3wPANBJBh9MimdMdTUzUmTBYBMU=,SpaN6O91vOVmflAD7Ck3l840rEc=
22,122,3wPANBJBh9MimdMdTUzUmTBYBMU=,SpaN6O91vOVmflAD7Ck3l840rEc=
17,122,3wPANBJBh9MimdMdTUzUmTBYBMU=,SpaN6O91vOVmflAD7Ck3l840rEc=
19,122,3wPANBJBh9MimdMdTUzUmTBYBMU=,SpaN6O91vOVmflAD7Ck3l840rEc=
18,122,3wPANBJBh9MimdMdTUzUmTBYBMU=,SpaN6O91vOVmflAD7Ck3l840rEc=
16,122,3wPANBJBh9MimdMdTUzUmTBYBMU=,SpaN6O91vOVmflAD7Ck3l840rEc=
29,121,3wPANBJBh9MimdMdTUzUmTBYBMU=,SpaN6O91vOVmflAD7Ck3l840rEc=
26,112,3wPANBJBh9MimdMdTUzUmTBYBMU=,SpaN6O91vOVmflAD7Ck3l840rEc=
28,121,3wPANBJBh9MimdMdTUzUmTBYBMU=,SpaN6O91vOVmflAD7Ck3l840rEc=
27,121,3wPANBJBh9MimdMdTUzUmTBYBMU=,SpaN6O91vOVmflAD7Ck3l840rEc=
31,121,3wPANBJBh9MimdMdTUzUmTBYBMU=,SpaN6O91vOVmflAD7Ck3l840rEc=
30,121,3wPANBJBh9MimdMdTUzUmTBYBMU=,SpaN6O91vOVmflAD7Ck3l840rEc=
25,121,3wPANBJBh9MimdMdTUzUmTBYBMU=,SpaN6O91vOVmflAD7Ck3l840rEc=
26,121,3wPANBJBh9MimdMdTUzUmTBYBMU=,SpaN6O91vOVmflAD7Ck3l840rEc=
24,121,3wPANBJBh9MimdMdTUzUmTBYBMU=,SpaN6O91vOVmflAD7Ck3l840rEc=
23,121,3wPANBJBh9MimdMdTUzUmTBYBMU=,SpaN6O91vOVmflAD7Ck3l840rEc=
22,121,3wPANBJBh9MimdMdTUzUmTBYBMU=,SpaN6O91vOVmflAD7Ck3l840rEc=
19,121,3wPANBJBh9MimdMdTUzUmTBYBMU=,SpaN6O91vOVmflAD7Ck3l840rEc=
21,121,3wPANBJBh9MimdMdTUzUmTBYBMU=,SpaN6O91vOVmflAD7Ck3l840rEc=
18,121,3wPANBJBh9MimdMdTUzUmTBYBMU=,SpaN6O91vOVmflAD7Ck3l840rEc=
17,121,3wPANBJBh9MimdMdTUzUmTBYBMU=,SpaN6O91vOVmflAD7Ck3l840rEc=
20,121,3wPANBJBh9MimdMdTUzUmTBYBMU=,SpaN6O91vOVmflAD7Ck3l840rEc=
16,121,3wPANBJBh9MimdMdTUzUmTBYBMU=,SpaN6O91vOVmflAD7Ck3l840rEc=
30,120,3wPANBJBh9MimdMdTUzUmTBYBMU=,SpaN6O91vOVmflAD7Ck3l840rEc=
29,120,3wPANBJBh9MimdMdTUzUmTBYBMU=,SpaN6O91vOVmflAD7Ck3l840rEc=
25,112,3wPANBJBh9MimdMdTUzUmTBYBMU=,SpaN6O91vOVmflAD7Ck3l840rEc=
27,120,3wPANBJBh9MimdMdTUzUmTBYBMU=,SpaN6O91vOVmflAD7Ck3l840rEc=
31,120,3wPANBJBh9MimdMdTUzUmTBYBMU=,SpaN6O91vOVmflAD7Ck3l840rEc=
26,120,3wPANBJBh9MimdMdTUzUmTBYBMU=,SpaN6O91vOVmflAD7Ck3l840rEc=
24,120,3wPANBJBh9MimdMdTUzUmTBYBMU=,SpaN6O91vOVmflAD7Ck3l840rEc=
28,120,3wPANBJBh9MimdMdTUzUmTBYBMU=,SpaN6O91vOVmflAD7Ck3l840rEc=
23,120,3wPANBJBh9MimdMdTUzUmTBYBMU=,SpaN6O91vOVmflAD7Ck3l840rEc=
25,120,3wPANBJBh9MimdMdTUzUmTBYBMU=,SpaN6O91vOVmflAD7Ck3l840rEc=
21,120,3wPANBJBh9MimdMdTUzUmTBYBMU=,SpaN6O91vOVmflAD7Ck3l840rEc=
22,120,3wPANBJBh9MimdMdTUzUmTBYBMU=,SpaN6O91vOVmflAD7Ck3l840rEc=
19,120,3wPANBJBh9MimdMdTUzUmTBYBMU=,SpaN6O91vOVmflAD7Ck3l840rEc=
20,120,3wPANBJBh9MimdMdTUzUmTBYBMU=,SpaN6O91vOVmflAD7Ck3l840rEc=
17,120,3wPANBJBh9MimdMdTUzUmTBYBMU=,SpaN6O91vOVmflAD7Ck3l840rEc=
31,119,3wPANBJBh9MimdMdTUzUmTBYBMU=,SpaN6O91vOVmflAD7Ck3l840rEc=
30,119,3wPANBJBh9MimdMdTUzUmTBYBMU=,SpaN6O91vOVmflAD7Ck3l840rEc=
24,112,3wPANBJBh9MimdMdTUzUmTBYBMU=,SpaN6O91vOVmflAD7Ck3l840rEc=
18,120,3wPANBJBh9MimdMdTUzUmTBYBMU=,SpaN6O91vOVmflAD7Ck3l840rEc=
29,119,3wPANBJBh9MimdMdTUzUmTBYBMU=,SpaN6O91vOVmflAD7Ck3l840rEc=
28,119,3wPANBJBh9MimdMdTUzUmTBYBMU=,SpaN6O91vOVmflAD7Ck3l840rEc=
16,120,3wPANBJBh9MimdMdTUzUmTBYBMU=,SpaN6O91vOVmflAD7Ck3l840rEc=
27,119,3wPANBJBh9MimdMdTUzUmTBYBMU=,SpaN6O91vOVmflAD7Ck3l840rEc=
25,119,3wPANBJBh9MimdMdTUzUmTBYBMU=,SpaN6O91vOVmflAD7Ck3l840rEc=
26,119,3wPANBJBh9MimdMdTUzUmTBYBMU=,SpaN6O91vOVmflAD7Ck3l840rEc=
23,119,3wPANBJBh9MimdMdTUzUmTBYBMU=,SpaN6O91vOVmflAD7Ck3l840rEc=
21,119,3wPANBJBh9MimdMdTUzUmTBYBMU=,SpaN6O91vOVmflAD7Ck3l840rEc=
24,119,3wPANBJBh9MimdMdTUzUmTBYBMU=,SpaN6O91vOVmflAD7Ck3l840rEc=
19,119,3wPANBJBh9MimdMdTUzUmTBYBMU=,SpaN6O91vOVmflAD7Ck3l840rEc=
20,119,3wPANBJBh9MimdMdTUzUmTBYBMU=,SpaN6O91vOVmflAD7Ck3l840rEc=
18,119,3wPANBJBh9MimdMdTUzUmTBYBMU=,SpaN6O91vOVmflAD7Ck3l840rEc=
22,119,3wPANBJBh9MimdMdTUzUmTBYBMU=,SpaN6O91vOVmflAD7Ck3l840rEc=
17,119,3wPANBJBh9MimdMdTUzUmTBYBMU=,SpaN6O91vOVmflAD7Ck3l840rEc=
16,119,3wPANBJBh9MimdMdTUzUmTBYBMU=,SpaN6O91vOVmflAD7Ck3l840rEc=
31,118,3wPANBJBh9MimdMdTUzUmTBYBMU=,SpaN6O91vOVmflAD7Ck3l840rEc=
23,112,3wPANBJBh9MimdMdTUzUmTBYBMU=,SpaN6O91vOVmflAD7Ck3l840rEc=
29,118,3wPANBJBh9MimdMdTUzUmTBYBMU=,SpaN6O91vOVmflAD7Ck3l840rEc=
30,118,3wPANBJBh9MimdMdTUzUmTBYBMU=,SpaN6O91vOVmflAD7Ck3l840rEc=
27,118,3wPANBJBh9MimdMdTUzUmTBYBMU=,SpaN6O91vOVmflAD7Ck3l840rEc=
26,118,3wPANBJBh9MimdMdTUzUmTBYBMU=,SpaN6O91vOVmflAD7Ck3l840rEc=
25,118,3wPANBJBh9MimdMdTUzUmTBYBMU=,SpaN6O91vOVmflAD7Ck3l840rEc=
28,118,3wPANBJBh9MimdMdTUzUmTBYBMU=,SpaN6O91vOVmflAD7Ck3l840rEc=
24,118,3wPANBJBh9MimdMdTUzUmTBYBMU=,SpaN6O91vOVmflAD7Ck3l840rEc=
23,118,3wPANBJBh9MimdMdTUzUmTBYBMU=,SpaN6O91vOVmflAD7Ck3l840rEc=
20,118,3wPANBJBh9MimdMdTUzUmTBYBMU=,SpaN6O91vOVmflAD7Ck3l840rEc=
21,118,3wPANBJBh9MimdMdTUzUmTBYBMU=,SpaN6O91vOVmflAD7Ck3l840rEc=
19,118,3wPANBJBh9MimdMdTUzUmTBYBMU=,SpaN6O91vOVmflAD7Ck3l840rEc=
18,118,3wPANBJBh9MimdMdTUzUmTBYBMU=,SpaN6O91vOVmflAD7Ck3l840rEc=
16,118,3wPANBJBh9MimdMdTUzUmTBYBMU=,SpaN6O91vOVmflAD7Ck3l840rEc=
22,118,3wPANBJBh9MimdMdTUzUmTBYBMU=,SpaN6O91vOVmflAD7Ck3l840rEc=
31,117,3wPANBJBh9MimdMdTUzUmTBYBMU=,SpaN6O91vOVmflAD7Ck3l840rEc=
17,118,3wPANBJBh9MimdMdTUzUmTBYBMU=,SpaN6O91vOVmflAD7Ck3l840rEc=
30,117,3wPANBJBh9MimdMdTUzUmTBYBMU=,SpaN6O91vOVmflAD7Ck3l840rEc=
29,117,3wPANBJBh9MimdMdTUzUmTBYBMU=,SpaN6O91vOVmflAD7Ck3l840rEc=
22,112,3wPANBJBh9MimdMdTUzUmTBYBMU=,SpaN6O91vOVmflAD7Ck3l840rEc=
28,117,3wPANBJBh9MimdMdTUzUmTBYBMU=,SpaN6O91vOVmflAD7Ck3l840rEc=
26,117,3wPANBJBh9MimdMdTUzUmTBYBMU=,SpaN6O91vOVmflAD7Ck3l840rEc=
24,117,3wPANBJBh9MimdMdTUzUmTBYBMU=,SpaN6O91vOVmflAD7Ck3l840rEc=
27,117,3wPANBJBh9MimdMdTUzUmTBYBMU=,SpaN6O91vOVmflAD7Ck3l840rEc=
23,117,3wPANBJBh9MimdMdTUzUmTBYBMU=,SpaN6O91vOVmflAD7Ck3l840rEc=
22,117,3wPANBJBh9MimdMdTUzUmTBYBMU=,SpaN6O91vOVmflAD7Ck3l840rEc=
21,117,3wPANBJBh9MimdMdTUzUmTBYBMU=,SpaN6O91vOVmflAD7Ck3l840rEc=
20,117,3wPANBJBh9MimdMdTUzUmTBYBMU=,SpaN6O91vOVmflAD7Ck3l840rEc=
25,117,3wPANBJBh9MimdMdTUzUmTBYBMU=,SpaN6O91vOVmflAD7Ck3l840rEc=
18,117,3wPANBJBh9MimdMdTUzUmTBYBMU=,SpaN6O91vOVmflAD7Ck3l840rEc=
17,117,3wPANBJBh9MimdMdTUzUmTBYBMU=,SpaN6O91vOVmflAD7Ck3l840rEc=
16,117,3wPANBJBh9MimdMdTUzUmTBYBMU=,SpaN6O91vOVmflAD7Ck3l840rEc=
31,116,3wPANBJBh9MimdMdTUzUmTBYBMU=,SpaN6O91vOVmflAD7Ck3l840rEc=
30,116,3wPANBJBh9MimdMdTUzUmTBYBMU=,SpaN6O91vOVmflAD7Ck3l840rEc=
19,117,3wPANBJBh9MimdMdTUzUmTBYBMU=,SpaN6O91vOVmflAD7Ck3l840rEc=
21,112,3wPANBJBh9MimdMdTUzUmTBYBMU=,SpaN6O91vOVmflAD7Ck3l840rEc=
28,116,3wPANBJBh9MimdMdTUzUmTBYBMU=,SpaN6O91vOVmflAD7Ck3l840rEc=
27,116,3wPANBJBh9MimdMdTUzUmTBYBMU=,SpaN6O91vOVmflAD7Ck3l840rEc=
29,116,3wPANBJBh9MimdMdTUzUmTBYBMU=,SpaN6O91vOVmflAD7Ck3l840rEc=
26,116,3wPANBJBh9MimdMdTUzUmTBYBMU=,SpaN6O91vOVmflAD7Ck3l840rEc=
25,116,3wPANBJBh9MimdMdTUzUmTBYBMU=,SpaN6O91vOVmflAD7Ck3l840rEc=
24,116,3wPANBJBh9MimdMdTUzUmTBYBMU=,SpaN6O91vOVmflAD7Ck3l840rEc=
23,116,3wPANBJBh9MimdMdTUzUmTBYBMU=,SpaN6O91vOVmflAD7Ck3l840rEc=
21,116,3wPANBJBh9MimdMdTUzUmTBYBMU=,SpaN6O91vOVmflAD7Ck3l840rEc=
22,116,3wPANBJBh9MimdMdTUzUmTBYBMU=,SpaN6O91vOVmflAD7Ck3l840rEc=
19,116,3wPANBJBh9MimdMdTUzUmTBYBMU=,SpaN6O91vOVmflAD7Ck3l840rEc=
18,116,3wPANBJBh9MimdMdTUzUmTBYBMU=,SpaN6O91vOVmflAD7Ck3l840rEc=
20,116,3wPANBJBh9MimdMdTUzUmTBYBMU=,SpaN6O91vOVmflAD7Ck3l840rEc=
31,115,3wPANBJBh9MimdMdTUzUmTBYBMU=,SpaN6O91vOVmflAD7Ck3l840rEc=
16,116,3wPANBJBh9MimdMdTUzUmTBYBMU=,SpaN6O91vOVmflAD7Ck3l840rEc=
30,115,3wPANBJBh9MimdMdTUzUmTBYBMU=,SpaN6O91vOVmflAD7Ck3l840rEc=
29,115,3wPANBJBh9MimdMdTUzUmTBYBMU=,SpaN6O91vOVmflAD7Ck3l840rEc=
20,112,3wPANBJBh9MimdMdTUzUmTBYBMU=,SpaN6O91vOVmflAD7Ck3l840rEc=
17,116,3wPANBJBh9MimdMdTUzUmTBYBMU=,SpaN6O91vOVmflAD7Ck3l840rEc=
27,115,3wPANBJBh9MimdMdTUzUmTBYBMU=,SpaN6O91vOVmflAD7Ck3l840rEc=
26,115,3wPANBJBh9MimdMdTUzUmTBYBMU=,SpaN6O91vOVmflAD7Ck3l840rEc=
25,115,3wPANBJBh9MimdMdTUzUmTBYBMU=,SpaN6O91vOVmflAD7Ck3l840rEc=
24,115,3wPANBJBh9MimdMdTUzUmTBYBMU=,SpaN6O91vOVmflAD7Ck3l840rEc=
23,115,3wPANBJBh9MimdMdTUzUmTBYBMU=,SpaN6O91vOVmflAD7Ck3l840rEc=
28,115,3wPANBJBh9MimdMdTUzUmTBYBMU=,SpaN6O91vOVmflAD7Ck3l840rEc=
21,115,3wPANBJBh9MimdMdTUzUmTBYBMU=,SpaN6O91vOVmflAD7Ck3l840rEc=
20,115,3wPANBJBh9MimdMdTUzUmTBYBMU=,SpaN6O91vOVmflAD7Ck3l840rEc=
19,115,3wPANBJBh9MimdMdTUzUmTBYBMU=,SpaN6O91vOVmflAD7Ck3l840rEc=
18,115,3wPANBJBh9MimdMdTUzUmTBYBMU=,SpaN6O91vOVmflAD7Ck3l840rEc=
22,115,3wPANBJBh9MimdMdTUzUmTBYBMU=,SpaN6O91vOVmflAD7Ck3l840rEc=
16,115,3wPANBJBh9MimdMdTUzUmTBYBMU=,SpaN6O91vOVmflAD7Ck3l840rEc=
31,114,3wPANBJBh9MimdMdTUzUmTBYBMU=,SpaN6O91vOVmflAD7Ck3l840rEc=
17,115,3wPANBJBh9MimdMdTUzUmTBYBMU=,SpaN6O91vOVmflAD7Ck3l840rEc=
30,114,3wPANBJBh9MimdMdTUzUmTBYBMU=,SpaN6O91vOVmflAD7Ck3l840rEc=
19,112,3wPANBJBh9MimdMdTUzUmTBYBMU=,SpaN6O91vOVmflAD7Ck3l840rEc=
29,114,3wPANBJBh9MimdMdTUzUmTBYBMU=,SpaN6O91vOVmflAD7Ck3l840rEc=
27,114,3wPANBJBh9MimdMdTUzUmTBYBMU=,SpaN6O91vOVmflAD7Ck3l840rEc=
28,114,3wPANBJBh9MimdMdTUzUmTBYBMU=,SpaN6O91vOVmflAD7Ck3l840rEc=
18,112,3wPANBJBh9MimdMdTUzUmTBYBMU=,SpaN6O91vOVmflAD7Ck3l840rEc=
26,114,3wPANBJBh9MimdMdTUzUmTBYBMU=,SpaN6O91vOVmflAD7Ck3l840rEc=
23,113,3wPANBJBh9MimdMdTUzUmTBYBMU=,SpaN6O91vOVmflAD7Ck3l840rEc=
29,113,3wPANBJBh9MimdMdTUzUmTBYBMU=,SpaN6O91vOVmflAD7Ck3l840rEc=
28,122,3wPANBJBh9MimdMdTUzUmTBYBMU=,SpaN6O91vOVmflAD7Ck3l840rEc=
