15,-32,A2oIj73/+VtK8mOkmVosNw+XbpM=,fHSXXFwtxCltbDC+tcvPenHzMpY=
0,-31,A2oIj73/+VtK8mOkmVosNw+XbpM=,fHSXXFwtxCltbDC+tcvPenHzMpY=
1,-31,A2oIj73/+VtK8mOkmVosNw+XbpM=,fHSXXFwtxCltbDC+tcvPenHzMpY=
2,-31,A2oIj73/+VtK8mOkmVosNw+XbpM=,fHSXXFwtxCltbDC+tcvPenHzMpY=
3,-31,A2oIj73/+VtK8mOkmVosNw+XbpM=,fHSXXFwtxCltbDC+tcvPenHzMpY=
4,-31,A2oIj73/+VtK8mOkmVosNw+XbpM=,fHSXXFwtxCltbDC+tcvPenHzMpY=
5,-31,A2oIj73/+VtK8mOkmVosNw+XbpM=,fHSXXFwtxCltbDC+tcvPenHzMpY=
6,-31,A2oIj73/+VtK8mOkmVosNw+XbpM=,fHSXXFwtxCltbDC+tcvPenHzMpY=
7,-31,A2oIj73/+VtK8mOkmVosNw+XbpM=,fHSXXFwtxCltbDC+tcvPenHzMpY=
9,-31,A2oIj73/+VtK8mOkmVosNw+XbpM=,fHSXXFwtxCltbDC+tcvPenHzMpY=
11,-31,A2oIj73/+VtK8mOkmVosNw+XbpM=,fHSXXFwtxCltbDC+tcvPenHzMpY=
10,-31,A2oIj73/+VtK8mOkmVosNw+XbpM=,fHSXXFwtxCltbDC+tcvPenHzMpY=
8,-31,A2oIj73/+VtK8mOkmVosNw+XbpM=,fHSXXFwtxCltbDC+tcvPenHzMpY=
12,-31,A2oIj73/+VtK8mOkmVosNw+XbpM=,fHSXXFwtxCltbDC+tcvPenHzMpY=
13,-31,A2oIj73/+VtK8mOkmVosNw+XbpM=,fHSXXFwtxCltbDC+tcvPenHzMpY=
14,-31,A2oIj73/+VtK8mOkmVosNw+XbpM=,fHSXXFwtxCltbDC+tcvPenHzMpY=
0,-32,A2oIj73/+VtK8mOkmVosNw+XbpM=,fHSXXFwtxCltbDC+tcvPenHzMpY=
15,-31,A2oIj73/+VtK8mOkmVosNw+XbpM=,fHSXXFwtxCltbDC+tcvPenHzMpY=
0,-30,A2oIj73/+VtK8mOkmVosNw+XbpM=,fHSXXFwtxCltbDC+tcvPenHzMpY=
1,-30,A2oIj73/+VtK8mOkmVosNw+XbpM=,fHSXXFwtxCltbDC+tcvPenHzMpY=
2,-30,A2oIj73/+VtK8mOkmVosNw+XbpM=,fHSXXFwtxCltbDC+tcvPenHzMpY=
3,-30,A2oIj73/+VtK8mOkmVosNw+XbpM=,fHSXXFwtxCltbDC+tcvPenHzMpY=
4,-30,A2oIj73/+VtK8mOkmVosNw+XbpM=,fHSXXFwtxCltbDC+tcvPenHzMpY=
5,-30,A2oIj73/+VtK8mOkmVosNw+XbpM=,fHSXXFwtxCltbDC+tcvPenHzMpY=
6,-30,A2oIj73/+VtK8mOkmVosNw+XbpM=,fHSXXFwtxCltbDC+tcvPenHzMpY=
7,-30,A2oIj73/+VtK8mOkmVosNw+XbpM=,fHSXXFwtxCltbDC+tcvPenHzMpY=
8,-30,A2oIj73/+VtK8mOkmVosNw+XbpM=,fHSXXFwtxCltbDC+tcvPenHzMpY=
9,-30,A2oIj73/+VtK8mOkmVosNw+XbpM=,fHSXXFwtxCltbDC+tcvPenHzMpY=
10,-30,A2oIj73/+VtK8mOkmVosNw+XbpM=,fHSXXFwtxCltbDC+tcvPenHzMpY=
11,-30,A2oIj73/+VtK8mOkmVosNw+XbpM=,fHSXXFwtxCltbDC+tcvPenHzMpY=
12,-30,A2oIj73/+VtK8mOkmVosNw+XbpM=,fHSXXFwtxCltbDC+tcvPenHzMpY=
13,-30,A2oIj73/+VtK8mOkmVosNw+XbpM=,fHSXXFwtxCltbDC+tcvPenHzMpY=
1,-32,A2oIj73/+VtK8mOkmVosNw+XbpM=,fHSXXFwtxCltbDC+tcvPenHzMpY=
14,-30,A2oIj73/+VtK8mOkmVosNw+XbpM=,fHSXXFwtxCltbDC+tcvPenHzMpY=
15,-30,A2oIj73/+VtK8mOkmVosNw+XbpM=,fHSXXFwtxCltbDC+tcvPenHzMpY=
0,-29,A2oIj73/+VtK8mOkmVosNw+XbpM=,fHSXXFwtxCltbDC+tcvPenHzMpY=
1,-29,A2oIj73/+VtK8mOkmVosNw+XbpM=,fHSXXFwtxCltbDC+tcvPenHzMpY=
2,-29,A2oIj73/+VtK8mOkmVosNw+XbpM=,fHSXXFwtxCltbDC+tcvPenHzMpY=
4,-29,A2oIj73/+VtK8mOkmVosNw+XbpM=,fHSXXFwtxCltbDC+tcvPenHzMpY=
3,-29,A2oIj73/+VtK8mOkmVosNw+XbpM=,fHSXXFwtxCltbDC+tcvPenHzMpY=
5,-29,A2oIj73/+VtK8mOkmVosNw+XbpM=,fHSXXFwtxCltbDC+tcvPenHzMpY=
6,-29,A2oIj73/+VtK8mOkmVosNw+XbpM=,fHSXXFwtxCltbDC+tcvPenHzMpY=
7,-29,A2oIj73/+VtK8mOkmVosNw+XbpM=,fHSXXFwtxCltbDC+tcvPenHzMpY=
8,-29,A2oIj73/+VtK8mOkmVosNw+XbpM=,fHSXXFwtxCltbDC+tcvPenHzMpY=
9,-29,A2oIj73/+VtK8mOkmVosNw+XbpM=,fHSXXFwtxCltbDC+tcvPenHzMpY=
10,-29,A2oIj73/+VtK8mOkmVosNw+XbpM=,fHSXXFwtxCltbDC+tcvPenHzMpY=
12,-29,A2oIj73/+VtK8mOkmVosNw+XbpM=,fHSXXFwtxCltbDC+tcvPenHzMpY=
11,-29,A2oIj73/+VtK8mOkmVosNw+XbpM=,fHSXXFwtxCltbDC+tcvPenHzMpY=
13,-29,A2oIj73/+VtK8mOkmVosNw+XbpM=,fHSXXFwtxCltbDC+tcvPenHzMpY=
15,-29,A2oIj73/+VtK8mOkmVosNw+XbpM=,fHSXXFwtxCltbDC+tcvPenHzMpY=
14,-29,A2oIj73/+VtK8mOkmVosNw+XbpM=,fHSXXFwtxCltbDC+tcvPenHzMpY=
0,-28,A2oIj73/+VtK8mOkmVosNw+XbpM=,fHSXXFwtxCltbDC+tcvPenHzMpY=
1,-28,A2oIj73/+VtK8mOkmVosNw+XbpM=,fHSXXFwtxCltbDC+tcvPenHzMpY=
2,-32,A2oIj73/+VtK8mOkmVosNw+XbpM=,fHSXXFwtxCltbDC+tcvPenHzMpY=
2,-28,A2oIj73/+VtK8mOkmVosNw+XbpM=,fHSXXFwtxCltbDC+tcvPenHzMpY=
3,-28,A2oIj73/+VtK8mOkmVosNw+XbpM=,fHSXXFwtxCltbDC+tcvPenHzMpY=
4,-28,A2oIj73/+VtK8mOkmVosNw+XbpM=,fHSXXFwtxCltbDC+tcvPenHzMpY=
6,-28,A2oIj73/+VtK8mOkmVosNw+XbpM=,fHSXXFwtxCltbDC+tcvPenHzMpY=
5,-28,A2oIj73/+VtK8mOkmVosNw+XbpM=,fHSXXFwtxCltbDC+tcvPenHzMpY=
7,-28,A2oIj73/+VtK8mOkmVosNw+XbpM=,fHSXXFwtxCltbDC+tcvPenHzMpY=
8,-28,A2oIj73/+VtK8mOkmVosNw+XbpM=,fHSXXFwtxCltbDC+tcvPenHzMpY=
9,-28,A2oIj73/+VtK8mOkmVosNw+XbpM=,fHSXXFwtxCltbDC+tcvPenHzMpY=
10,-28,A2oIj73/+VtK8mOkmVosNw+XbpM=,fHSXXFwtxCltbDC+tcvPenHzMpY=
11,-28,A2oIj73/+VtK8mOkmVosNw+XbpM=,fHSXXFwtxCltbDC+tcvPenHzMpY=
3,-32,A2oIj73/+VtK8mOkmVosNw+XbpM=,fHSXXFwtxCltbDC+tcvPenHzMpY=
12,-28,A2oIj73/+VtK8mOkmVosNw+XbpM=,fHSXXFwtxCltbDC+tcvPenHzMpY=
13,-28,A2oIj73/+VtK8mOkmVosNw+XbpM=,fHSXXFwtxCltbDC+tcvPenHzMpY=
14,-28,A2oIj73/+VtK8mOkmVosNw+XbpM=,fHSXXFwtxCltbDC+tcvPenHzMpY=
15,-28,A2oIj73/+VtK8mOkmVosNw+XbpM=,fHSXXFwtxCltbDC+tcvPenHzMpY=
0,-27,A2oIj73/+VtK8mOkmVosNw+XbpM=,fHSXXFwtxCltbDC+tcvPenHzMpY=
1,-27,A2oIj73/+VtK8mOkmVosNw+XbpM=,fHSXXFwtxCltbDC+tcvPenHzMpY=
2,-27,A2oIj73/+VtK8mOkmVosNw+XbpM=,fHSXXFwtxCltbDC+tcvPenHzMpY=
4,-27,A2oIj73/+VtK8mOkmVosNw+XbpM=,fHSXXFwtxCltbDC+tcvPenHzMpY=
3,-27,A2oIj73/+VtK8mOkmVosNw+XbpM=,fHSXXFwtxCltbDC+tcvPenHzMpY=
5,-27,A2oIj73/+VtK8mOkmVosNw+XbpM=,fHSXXFwtxCltbDC+tcvPenHzMpY=
6,-27,A2oIj73/+VtK8mOkmVosNw+XbpM=,fHSXXFwtxCltbDC+tcvPenHzMpY=
7,-27,A2oIj73/+VtK8mOkmVosNw+XbpM=,fHSXXFwtxCltbDC+tcvPenHzMpY=
8,-27,A2oIj73/+VtK8mOkmVosNw+XbpM=,fHSXXFwtxCltbDC+tcvPenHzMpY=
9,-27,A2oIj73/+VtK8mOkmVosNw+XbpM=,fHSXXFwtxCltbDC+tcvPenHzMpY=
10,-27,A2oIj73/+VtK8mOkmVosNw+XbpM=,fHSXXFwtxCltbDC+tcvPenHzMpY=
4,-32,A2oIj73/+VtK8mOkmVosNw+XbpM=,fHSXXFwtxCltbDC+tcvPenHzMpY=
11,-27,A2oIj73/+VtK8mOkmVosNw+XbpM=,fHSXXFwtxCltbDC+tcvPenHzMpY=
13,-27,A2oIj73/+VtK8mOkmVosNw+XbpM=,fHSXXFwtxCltbDC+tcvPenHzMpY=
12,-27,A2oIj73/+VtK8mOkmVosNw+XbpM=,fHSXXFwtxCltbDC+tcvPenHzMpY=
14,-27,A2oIj73/+VtK8mOkmVosNw+XbpM=,fHSXXFwtxCltbDC+tcvPenHzMpY=
15,-27,A2oIj73/+VtK8mOkmVosNw+XbpM=,fHSXXFwtxCltbDC+tcvPenHzMpY=
0,-26,A2oIj73/+VtK8mOkmVosNw+XbpM=,fHSXXFwtxCltbDC+tcvPenHzMpY=
1,-26,A2oIj73/+VtK8mOkmVosNw+XbpM=,fHSXXFwtxCltbDC+tcvPenHzMpY=
2,-26,A2oIj73/+VtK8mOkmVosNw+XbpM=,fHSXXFwtxCltbDC+tcvPenHzMpY=
3,-26,A2oIj73/+VtK8mOkmVosNw+XbpM=,fHSXXFwtxCltbDC+tcvPenHzMpY=
4,-26,A2oIj73/+VtK8mOkmVosNw+XbpM=,fHSXXFwtxCltbDC+tcvPenHzMpY=
5,-26,A2oIj73/+VtK8mOkmVosNw+XbpM=,fHSXXFwtxCltbDC+tcvPenHzMpY=
6,-26,A2oIj73/+VtK8mOkmVosNw+XbpM=,fHSXXFwtxCltbDC+tcvPenHzMpY=
7,-26,A2oIj73/+VtK8mOkmVosNw+XbpM=,fHSXXFwtxCltbDC+tcvPenHzMpY=
8,-26,A2oIj73/+VtK8mOkmVosNw+XbpM=,fHSXXFwtxCltbDC+tcvPenHzMpY=
9,-26,A2oIj73/+VtK8mOkmVosNw+XbpM=,fHSXXFwtxCltbDC+tcvPenHzMpY=
5,-32,A2oIj73/+VtK8mOkmVosNw+XbpM=,fHSXXFwtxCltbDC+tcvPenHzMpY=
10,-26,A2oIj73/+VtK8mOkmVosNw+XbpM=,fHSXXFwtxCltbDC+tcvPenHzMpY=
11,-26,A2oIj73/+VtK8mOkmVosNw+XbpM=,fHSXXFwtxCltbDC+tcvPenHzMpY=
12,-26,A2oIj73/+VtK8mOkmVosNw+XbpM=,fHSXXFwtxCltbDC+tcvPenHzMpY=
13,-26,A2oIj73/+VtK8mOkmVosNw+XbpM=,fHSXXFwtxCltbDC+tcvPenHzMpY=
14,-26,A2oIj73/+VtK8mOkmVosNw+XbpM=,fHSXXFwtxCltbDC+tcvPenHzMpY=
15,-26,A2oIj73/+VtK8mOkmVosNw+XbpM=,fHSXXFwtxCltbDC+tcvPenHzMpY=
0,-25,A2oIj73/+VtK8mOkmVosNw+XbpM=,fHSXXFwtxCltbDC+tcvPenHzMpY=
1,-25,A2oIj73/+VtK8mOkmVosNw+XbpM=,fHSXXFwtxCltbDC+tcvPenHzMpY=
2,-25,A2oIj73/+VtK8mOkmVosNw+XbpM=,fHSXXFwtxCltbDC+tcvPenHzMpY=
3,-25,A2oIj73/+VtK8mOkmVosNw+XbpM=,fHSXXFwtxCltbDC+tcvPenHzMpY=
5,-25,A2oIj73/+VtK8mOkmVosNw+XbpM=,fHSXXFwtxCltbDC+tcvPenHzMpY=
4,-25,A2oIj73/+VtK8mOkmVosNw+XbpM=,fHSXXFwtxCltbDC+tcvPenHzMpY=
6,-25,A2oIj73/+VtK8mOkmVosNw+XbpM=,fHSXXFwtxCltbDC+tcvPenHzMpY=
7,-25,A2oIj73/+VtK8mOkmVosNw+XbpM=,fHSXXFwtxCltbDC+tcvPenHzMpY=
8,-25,A2oIj73/+VtK8mOkmVosNw+XbpM=,fHSXXFwtxCltbDC+tcvPenHzMpY=
6,-32,A2oIj73/+VtK8mOkmVosNw+XbpM=,fHSXXFwtxCltbDC+tcvPenHzMpY=
9,-25,A2oIj73/+VtK8mOkmVosNw+XbpM=,fHSXXFwtxCltbDC+tcvPenHzMpY=
10,-25,A2oIj73/+VtK8mOkmVosNw+XbpM=,fHSXXFwtxCltbDC+tcvPenHzMpY=
11,-25,A2oIj73/+VtK8mOkmVosNw+XbpM=,fHSXXFwtxCltbDC+tcvPenHzMpY=
12,-25,A2oIj73/+VtK8mOkmVosNw+XbpM=,fHSXXFwtxCltbDC+tcvPenHzMpY=
13,-25,A2oIj73/+VtK8mOkmVosNw+XbpM=,fHSXXFwtxCltbDC+tcvPenHzMpY=
14,-25,A2oIj73/+VtK8mOkmVosNw+XbpM=,fHSXXFwtxCltbDC+tcvPenHzMpY=
15,-25,A2oIj73/+VtK8mOkmVosNw+XbpM=,fHSXXFwtxCltbDC+tcvPenHzMpY=
0,-24,A2oIj73/+VtK8mOkmVosNw+XbpM=,fHSXXFwtxCltbDC+tcvPenHzMpY=
1,-24,A2oIj73/+VtK8mOkmVosNw+XbpM=,fHSXXFwtxCltbDC+tcvPenHzMpY=
2,-24,A2oIj73/+VtK8mOkmVosNw+XbpM=,fHSXXFwtxCltbDC+tcvPenHzMpY=
3,-24,A2oIj73/+VtK8mOkmVosNw+XbpM=,fHSXXFwtxCltbDC+tcvPenHzMpY=
4,-24,A2oIj73/+VtK8mOkmVosNw+XbpM=,fHSXXFwtxCltbDC+tcvPenHzMpY=
5,-24,A2oIj73/+VtK8mOkmVosNw+XbpM=,fHSXXFwtxCltbDC+tcvPenHzMpY=
6,-24,A2oIj73/+VtK8mOkmVosNw+XbpM=,fHSXXFwtxCltbDC+tcvPenHzMpY=
7,-24,A2oIj73/+VtK8mOkmVosNw+XbpM=,fHSXXFwtxCltbDC+tcvPenHzMpY=
7,-32,A2oIj73/+VtK8mOkmVosNw+XbpM=,fHSXXFwtxCltbDC+tcvPenHzMpY=
8,-24,A2oIj73/+VtK8mOkmVosNw+XbpM=,fHSXXFwtxCltbDC+tcvPenHzMpY=
9,-24,A2oIj73/+VtK8mOkmVosNw+XbpM=,fHSXXFwtxCltbDC+tcvPenHzMpY=
10,-24,A2oIj73/+VtK8mOkmVosNw+XbpM=,fHSXXFwtxCltbDC+tcvPenHzMpY=
11,-24,A2oIj73/+VtK8mOkmVosNw+XbpM=,fHSXXFwtxCltbDC+tcvPenHzMpY=
12,-24,A2oIj73/+VtK8mOkmVosNw+XbpM=,fHSXXFwtxCltbDC+tcvPenHzMpY=
13,-24,A2oIj73/+VtK8mOkmVosNw+XbpM=,fHSXXFwtxCltbDC+tcvPenHzMpY=
14,-24,A2oIj73/+VtK8mOkmVosNw+XbpM=,fHSXXFwtxCltbDC+tcvPenHzMpY=
15,-24,A2oIj73/+VtK8mOkmVosNw+XbpM=,fHSXXFwtxCltbDC+tcvPenHzMpY=
0,-23,A2oIj73/+VtK8mOkmVosNw+XbpM=,fHSXXFwtxCltbDC+tcvPenHzMpY=
1,-23,A2oIj73/+VtK8mOkmVosNw+XbpM=,fHSXXFwtxCltbDC+tcvPenHzMpY=
2,-23,A2oIj73/+VtK8mOkmVosNw+XbpM=,fHSXXFwtxCltbDC+tcvPenHzMpY=
3,-23,A2oIj73/+VtK8mOkmVosNw+XbpM=,fHSXXFwtxCltbDC+tcvPenHzMpY=
4,-23,A2oIj73/+VtK8mOkmVosNw+XbpM=,fHSXXFwtxCltbDC+tcvPenHzMpY=
5,-23,A2oIj73/+VtK8mOkmVosNw+XbpM=,fHSXXFwtxCltbDC+tcvPenHzMpY=
6,-23,A2oIj73/+VtK8mOkmVosNw+XbpM=,fHSXXFwtxCltbDC+tcvPenHzMpY=
8,-32,A2oIj73/+VtK8mOkmVosNw+XbpM=,fHSXXFwtxCltbDC+tcvPenHzMpY=
8,-23,A2oIj73/+VtK8mOkmVosNw+XbpM=,fHSXXFwtxCltbDC+tcvPenHzMpY=
7,-23,A2oIj73/+VtK8mOkmVosNw+XbpM=,fHSXXFwtxCltbDC+tcvPenHzMpY=
9,-23,A2oIj73/+VtK8mOkmVosNw+XbpM=,fHSXXFwtxCltbDC+tcvPenHzMpY=
10,-23,A2oIj73/+VtK8mOkmVosNw+XbpM=,fHSXXFwtxCltbDC+tcvPenHzMpY=
11,-23,A2oIj73/+VtK8mOkmVosNw+XbpM=,fHSXXFwtxCltbDC+tcvPenHzMpY=
12,-23,A2oIj73/+VtK8mOkmVosNw+XbpM=,fHSXXFwtxCltbDC+tcvPenHzMpY=
13,-23,A2oIj73/+VtK8mOkmVosNw+XbpM=,fHSXXFwtxCltbDC+tcvPenHzMpY=
14,-23,A2oIj73/+VtK8mOkmVosNw+XbpM=,fHSXXFwtxCltbDC+tcvPenHzMpY=
0,-22,A2oIj73/+VtK8mOkmVosNw+XbpM=,fHSXXFwtxCltbDC+tcvPenHzMpY=
1,-22,A2oIj73/+VtK8mOkmVosNw+XbpM=,fHSXXFwtxCltbDC+tcvPenHzMpY=
15,-23,A2oIj73/+VtK8mOkmVosNw+XbpM=,fHSXXFwtxCltbDC+tcvPenHzMpY=
3,-22,A2oIj73/+VtK8mOkmVosNw+XbpM=,fHSXXFwtxCltbDC+tcvPenHzMpY=
2,-22,A2oIj73/+VtK8mOkmVosNw+XbpM=,fHSXXFwtxCltbDC+tcvPenHzMpY=
4,-22,A2oIj73/+VtK8mOkmVosNw+XbpM=,fHSXXFwtxCltbDC+tcvPenHzMpY=
5,-22,A2oIj73/+VtK8mOkmVosNw+XbpM=,fHSXXFwtxCltbDC+tcvPenHzMpY=
9,-32,A2oIj73/+VtK8mOkmVosNw+XbpM=,fHSXXFwtxCltbDC+tcvPenHzMpY=
6,-22,A2oIj73/+VtK8mOkmVosNw+XbpM=,fHSXXFwtxCltbDC+tcvPenHzMpY=
7,-22,A2oIj73/+VtK8mOkmVosNw+XbpM=,fHSXXFwtxCltbDC+tcvPenHzMpY=
8,-22,A2oIj73/+VtK8mOkmVosNw+XbpM=,fHSXXFwtxCltbDC+tcvPenHzMpY=
9,-22,A2oIj73/+VtK8mOkmVosNw+XbpM=,fHSXXFwtxCltbDC+tcvPenHzMpY=
10,-22,A2oIj73/+VtK8mOkmVosNw+XbpM=,fHSXXFwtxCltbDC+tcvPenHzMpY=
11,-22,A2oIj73/+VtK8mOkmVosNw+XbpM=,fHSXXFwtxCltbDC+tcvPenHzMpY=
12,-22,A2oIj73/+VtK8mOkmVosNw+XbpM=,fHSXXFwtxCltbDC+tcvPenHzMpY=
13,-22,A2oIj73/+VtK8mOkmVosNw+XbpM=,fHSXXFwtxCltbDC+tcvPenHzMpY=
14,-22,A2oIj73/+VtK8mOkmVosNw+XbpM=,fHSXXFwtxCltbDC+tcvPenHzMpY=
15,-22,A2oIj73/+VtK8mOkmVosNw+XbpM=,fHSXXFwtxCltbDC+tcvPenHzMpY=
0,-21,A2oIj73/+VtK8mOkmVosNw+XbpM=,fHSXXFwtxCltbDC+tcvPenHzMpY=
1,-21,A2oIj73/+VtK8mOkmVosNw+XbpM=,fHSXXFwtxCltbDC+tcvPenHzMpY=
2,-21,A2oIj73/+VtK8mOkmVosNw+XbpM=,fHSXXFwtxCltbDC+tcvPenHzMpY=
3,-21,A2oIj73/+VtK8mOkmVosNw+XbpM=,fHSXXFwtxCltbDC+tcvPenHzMpY=
4,-21,A2oIj73/+VtK8mOkmVosNw+XbpM=,fHSXXFwtxCltbDC+tcvPenHzMpY=
10,-32,A2oIj73/+VtK8mOkmVosNw+XbpM=,fHSXXFwtxCltbDC+tcvPenHzMpY=
5,-21,A2oIj73/+VtK8mOkmVosNw+XbpM=,fHSXXFwtxCltbDC+tcvPenHzMpY=
6,-21,A2oIj73/+VtK8mOkmVosNw+XbpM=,fHSXXFwtxCltbDC+tcvPenHzMpY=
7,-21,A2oIj73/+VtK8mOkmVosNw+XbpM=,fHSXXFwtxCltbDC+tcvPenHzMpY=
8,-21,A2oIj73/+VtK8mOkmVosNw+XbpM=,fHSXXFwtxCltbDC+tcvPenHzMpY=
9,-21,A2oIj73/+VtK8mOkmVosNw+XbpM=,fHSXXFwtxCltbDC+tcvPenHzMpY=
10,-21,A2oIj73/+VtK8mOkmVosNw+XbpM=,fHSXXFwtxCltbDC+tcvPenHzMpY=
11,-21,A2oIj73/+VtK8mOkmVosNw+XbpM=,fHSXXFwtxCltbDC+tcvPenHzMpY=
12,-21,A2oIj73/+VtK8mOkmVosNw+XbpM=,fHSXXFwtxCltbDC+tcvPenHzMpY=
13,-21,A2oIj73/+VtK8mOkmVosNw+XbpM=,fHSXXFwtxCltbDC+tcvPenHzMpY=
14,-21,A2oIj73/+VtK8mOkmVosNw+XbpM=,fHSXXFwtxCltbDC+tcvPenHzMpY=
15,-21,A2oIj73/+VtK8mOkmVosNw+XbpM=,fHSXXFwtxCltbDC+tcvPenHzMpY=
0,-20,A2oIj73/+VtK8mOkmVosNw+XbpM=,fHSXXFwtxCltbDC+tcvPenHzMpY=
1,-20,A2oIj73/+VtK8mOkmVosNw+XbpM=,fHSXXFwtxCltbDC+tcvPenHzMpY=
2,-20,A2oIj73/+VtK8mOkmVosNw+XbpM=,fHSXXFwtxCltbDC+tcvPenHzMpY=
3,-20,A2oIj73/+VtK8mOkmVosNw+XbpM=,fHSXXFwtxCltbDC+tcvPenHzMpY=
11,-32,A2oIj73/+VtK8mOkmVosNw+XbpM=,fHSXXFwtxCltbDC+tcvPenHzMpY=
4,-20,A2oIj73/+VtK8mOkmVosNw+XbpM=,fHSXXFwtxCltbDC+tcvPenHzMpY=
5,-20,A2oIj73/+VtK8mOkmVosNw+XbpM=,fHSXXFwtxCltbDC+tcvPenHzMpY=
6,-20,A2oIj73/+VtK8mOkmVosNw+XbpM=,fHSXXFwtxCltbDC+tcvPenHzMpY=
7,-20,A2oIj73/+VtK8mOkmVosNw+XbpM=,fHSXXFwtxCltbDC+tcvPenHzMpY=
8,-20,A2oIj73/+VtK8mOkmVosNw+XbpM=,fHSXXFwtxCltbDC+tcvPenHzMpY=
10,-20,A2oIj73/+VtK8mOkmVosNw+XbpM=,fHSXXFwtxCltbDC+tcvPenHzMpY=
9,-20,A2oIj73/+VtK8mOkmVosNw+XbpM=,fHSXXFwtxCltbDC+tcvPenHzMpY=
11,-20,A2oIj73/+VtK8mOkmVosNw+XbpM=,fHSXXFwtxCltbDC+tcvPenHzMpY=
12,-20,A2oIj73/+VtK8mOkmVosNw+XbpM=,fHSXXFwtxCltbDC+tcvPenHzMpY=
13,-20,A2oIj73/+VtK8mOkmVosNw+XbpM=,fHSXXFwtxCltbDC+tcvPenHzMpY=
14,-20,A2oIj73/+VtK8mOkmVosNw+XbpM=,fHSXXFwtxCltbDC+tcvPenHzMpY=
15,-20,A2oIj73/+VtK8mOkmVosNw+XbpM=,fHSXXFwtxCltbDC+tcvPenHzMpY=
0,-19,A2oIj73/+VtK8mOkmVosNw+XbpM=,fHSXXFwtxCltbDC+tcvPenHzMpY=
1,-19,A2oIj73/+VtK8mOkmVosNw+XbpM=,fHSXXFwtxCltbDC+tcvPenHzMpY=
2,-19,A2oIj73/+VtK8mOkmVosNw+XbpM=,fHSXXFwtxCltbDC+tcvPenHzMpY=
12,-32,A2oIj73/+VtK8mOkmVosNw+XbpM=,fHSXXFwtxCltbDC+tcvPenHzMpY=
3,-19,A2oIj73/+VtK8mOkmVosNw+XbpM=,fHSXXFwtxCltbDC+tcvPenHzMpY=
4,-19,A2oIj73/+VtK8mOkmVosNw+XbpM=,fHSXXFwtxCltbDC+tcvPenHzMpY=
5,-19,A2oIj73/+VtK8mOkmVosNw+XbpM=,fHSXXFwtxCltbDC+tcvPenHzMpY=
6,-19,A2oIj73/+VtK8mOkmVosNw+XbpM=,fHSXXFwtxCltbDC+tcvPenHzMpY=
7,-19,A2oIj73/+VtK8mOkmVosNw+XbpM=,fHSXXFwtxCltbDC+tcvPenHzMpY=
8,-19,A2oIj73/+VtK8mOkmVosNw+XbpM=,fHSXXFwtxCltbDC+tcvPenHzMpY=
9,-19,A2oIj73/+VtK8mOkmVosNw+XbpM=,fHSXXFwtxCltbDC+tcvPenHzMpY=
10,-19,A2oIj73/+VtK8mOkmVosNw+XbpM=,fHSXXFwtxCltbDC+tcvPenHzMpY=
11,-19,A2oIj73/+VtK8mOkmVosNw+XbpM=,fHSXXFwtxCltbDC+tcvPenHzMpY=
12,-19,A2oIj73/+VtK8mOkmVosNw+XbpM=,fHSXXFwtxCltbDC+tcvPenHzMpY=
13,-19,A2oIj73/+VtK8mOkmVosNw+XbpM=,fHSXXFwtxCltbDC+tcvPenHzMpY=
14,-19,A2oIj73/+VtK8mOkmVosNw+XbpM=,fHSXXFwtxCltbDC+tcvPenHzMpY=
15,-19,A2oIj73/+VtK8mOkmVosNw+XbpM=,fHSXXFwtxCltbDC+tcvPenHzMpY=
0,-18,A2oIj73/+VtK8mOkmVosNw+XbpM=,fHSXXFwtxCltbDC+tcvPenHzMpY=
1,-18,A2oIj73/+VtK8mOkmVosNw+XbpM=,fHSXXFwtxCltbDC+tcvPenHzMpY=
13,-32,A2oIj73/+VtK8mOkmVosNw+XbpM=,fHSXXFwtxCltbDC+tcvPenHzMpY=
2,-18,A2oIj73/+VtK8mOkmVosNw+XbpM=,fHSXXFwtxCltbDC+tcvPenHzMpY=
3,-18,A2oIj73/+VtK8mOkmVosNw+XbpM=,fHSXXFwtxCltbDC+tcvPenHzMpY=
4,-18,A2oIj73/+VtK8mOkmVosNw+XbpM=,fHSXXFwtxCltbDC+tcvPenHzMpY=
6,-18,A2oIj73/+VtK8mOkmVosNw+XbpM=,fHSXXFwtxCltbDC+tcvPenHzMpY=
5,-18,A2oIj73/+VtK8mOkmVosNw+XbpM=,fHSXXFwtxCltbDC+tcvPenHzMpY=
8,-18,A2oIj73/+VtK8mOkmVosNw+XbpM=,fHSXXFwtxCltbDC+tcvPenHzMpY=
7,-18,A2oIj73/+VtK8mOkmVosNw+XbpM=,fHSXXFwtxCltbDC+tcvPenHzMpY=
9,-18,A2oIj73/+VtK8mOkmVosNw+XbpM=,fHSXXFwtxCltbDC+tcvPenHzMpY=
10,-18,A2oIj73/+VtK8mOkmVosNw+XbpM=,fHSXXFwtxCltbDC+tcvPenHzMpY=
12,-18,A2oIj73/+VtK8mOkmVosNw+XbpM=,fHSXXFwtxCltbDC+tcvPenHzMpY=
11,-18,A2oIj73/+VtK8mOkmVosNw+XbpM=,fHSXXFwtxCltbDC+tcvPenHzMpY=
13,-18,A2oIj73/+VtK8mOkmVosNw+XbpM=,fHSXXFwtxCltbDC+tcvPenHzMpY=
14,-18,A2oIj73/+VtK8mOkmVosNw+XbpM=,fHSXXFwtxCltbDC+tcvPenHzMpY=
15,-18,A2oIj73/+VtK8mOkmVosNw+XbpM=,fHSXXFwtxCltbDC+tcvPenHzMpY=
0,-17,A2oIj73/+VtK8mOkmVosNw+XbpM=,fHSXXFwtxCltbDC+tcvPenHzMpY=
14,-32,A2oIj73/+VtK8mOkmVosNw+XbpM=,fHSXXFwtxCltbDC+tcvPenHzMpY=
1,-17,A2oIj73/+VtK8mOkmVosNw+XbpM=,fHSXXFwtxCltbDC+tcvPenHzMpY=
2,-17,A2oIj73/+VtK8mOkmVosNw+XbpM=,fHSXXFwtxCltbDC+tcvPenHzMpY=
3,-17,A2oIj73/+VtK8mOkmVosNw+XbpM=,fHSXXFwtxCltbDC+tcvPenHzMpY=
4,-17,A2oIj73/+VtK8mOkmVosNw+XbpM=,fHSXXFwtxCltbDC+tcvPenHzMpY=
5,-17,A2oIj73/+VtK8mOkmVosNw+XbpM=,fHSXXFwtxCltbDC+tcvPenHzMpY=
6,-17,A2oIj73/+VtK8mOkmVosNw+XbpM=,fHSXXFwtxCltbDC+tcvPenHzMpY=
7,-17,A2oIj73/+VtK8mOkmVosNw+XbpM=,fHSXXFwtxCltbDC+tcvPenHzMpY=
8,-17,A2oIj73/+VtK8mOkmVosNw+XbpM=,fHSXXFwtxCltbDC+tcvPenHzMpY=
9,-17,A2oIj73/+VtK8mOkmVosNw+XbpM=,fHSXXFwtxCltbDC+tcvPenHzMpY=
10,-17,A2oIj73/+VtK8mOkmVosNw+XbpM=,fHSXXFwtxCltbDC+tcvPenHzMpY=
12,-17,A2oIj73/+VtK8mOkmVosNw+XbpM=,fHSXXFwtxCltbDC+tcvPenHzMpY=
11,-17,A2oIj73/+VtK8mOkmVosNw+XbpM=,fHSXXFwtxCltbDC+tcvPenHzMpY=
14,-17,A2oIj73/+VtK8mOkmVosNw+XbpM=,fHSXXFwtxCltbDC+tcvPenHzMpY=
13,-17,A2oIj73/+VtK8mOkmVosNw+XbpM=,fHSXXFwtxCltbDC+tcvPenHzMpY=
15,-17,A2oIj73/+VtK8mOkmVosNw+XbpM=,fHSXXFwtxCltbDC+tcvPenHzMpY=
31,-17,A2oIj73/+VtK8mOkmVosNw+XbpM=,fHSXXFwtxCltbDC+tcvPenHzMpY=
16,-32,A2oIj73/+VtK8mOkmVosNw+XbpM=,fHSXXFwtxCltbDC+tcvPenHzMpY=
16,-31,A2oIj73/+VtK8mOkmVosNw+XbpM=,fHSXXFwtxCltbDC+tcvPenHzMpY=
30,-17,A2oIj73/+VtK8mOkmVosNw+XbpM=,fHSXXFwtxCltbDC+tcvPenHzMpY=
17,-31,A2oIj73/+VtK8mOkmVosNw+XbpM=,fHSXXFwtxCltbDC+tcvPenHzMpY=
18,-31,A2oIj73/+VtK8mOkmVosNw+XbpM=,fHSXXFwtxCltbDC+tcvPenHzMpY=
19,-31,A2oIj73/+VtK8mOkmVosNw+XbpM=,fHSXXFwtxCltbDC+tcvPenHzMpY=
29,-17,A2oIj73/+VtK8mOkmVosNw+XbpM=,fHSXXFwtxCltbDC+tcvPenHzMpY=
21,-31,A2oIj73/+VtK8mOkmVosNw+XbpM=,fHSXXFwtxCltbDC+tcvPenHzMpY=
28,-17,A2oIj73/+VtK8mOkmVosNw+XbpM=,fHSXXFwtxCltbDC+tcvPenHzMpY=
20,-31,A2oIj73/+VtK8mOkmVosNw+XbpM=,fHSXXFwtxCltbDC+tcvPenHzMpY=
22,-31,A2oIj73/+VtK8mOkmVosNw+XbpM=,fHSXXFwtxCltbDC+tcvPenHzMpY=
27,-17,A2oIj73/+VtK8mOkmVosNw+XbpM=,fHSXXFwtxCltbDC+tcvPenHzMpY=
23,-31,A2oIj73/+VtK8mOkmVosNw+XbpM=,fHSXXFwtxCltbDC+tcvPenHzMpY=
24,-31,A2oIj73/+VtK8mOkmVosNw+XbpM=,fHSXXFwtxCltbDC+tcvPenHzMpY=
25,-17,A2oIj73/+VtK8mOkmVosNw+XbpM=,fHSXXFwtxCltbDC+tcvPenHzMpY=
25,-31,A2oIj73/+VtK8mOkmVosNw+XbpM=,fHSXXFwtxCltbDC+tcvPenHzMpY=
24,-17,A2oIj73/+VtK8mOkmVosNw+XbpM=,fHSXXFwtxCltbDC+tcvPenHzMpY=
26,-31,A2oIj73/+VtK8mOkmVosNw+XbpM=,fHSXXFwtxCltbDC+tcvPenHzMpY=
23,-17,A2oIj73/+VtK8mOkmVosNw+XbpM=,fHSXXFwtxCltbDC+tcvPenHzMpY=
27,-31,A2oIj73/+VtK8mOkmVosNw+XbpM=,fHSXXFwtxCltbDC+tcvPenHzMpY=
22,-17,A2oIj73/+VtK8mOkmVosNw+XbpM=,fHSXXFwtxCltbDC+tcvPenHzMpY=
28,-31,A2oIj73/+VtK8mOkmVosNw+XbpM=,fHSXXFwtxCltbDC+tcvPenHzMpY=
21,-17,A2oIj73/+VtK8mOkmVosNw+XbpM=,fHSXXFwtxCltbDC+tcvPenHzMpY=
26,-17,A2oIj73/+VtK8mOkmVosNw+XbpM=,fHSXXFwtxCltbDC+tcvPenHzMpY=
29,-31,A2oIj73/+VtK8mOkmVosNw+XbpM=,fHSXXFwtxCltbDC+tcvPenHzMpY=
17,-32,A2oIj73/+VtK8mOkmVosNw+XbpM=,fHSXXFwtxCltbDC+tcvPenHzMpY=
20,-17,A2oIj73/+VtK8mOkmVosNw+XbpM=,fHSXXFwtxCltbDC+tcvPenHzMpY=
30,-31,A2oIj73/+VtK8mOkmVosNw+XbpM=,fHSXXFwtxCltbDC+tcvPenHzMpY=
18,-17,A2oIj73/+VtK8mOkmVosNw+XbpM=,fHSXXFwtxCltbDC+tcvPenHzMpY=
18,-32,A2oIj73/+VtK8mOkmVosNw+XbpM=,fHSXXFwtxCltbDC+tcvPenHzMpY=
16,-17,A2oIj73/+VtK8mOkmVosNw+XbpM=,fHSXXFwtxCltbDC+tcvPenHzMpY=
31,-31,A2oIj73/+VtK8mOkmVosNw+XbpM=,fHSXXFwtxCltbDC+tcvPenHzMpY=
17,-17,A2oIj73/+VtK8mOkmVosNw+XbpM=,fHSXXFwtxCltbDC+tcvPenHzMpY=
31,-18,A2oIj73/+VtK8mOkmVosNw+XbpM=,fHSXXFwtxCltbDC+tcvPenHzMpY=
16,-30,A2oIj73/+VtK8mOkmVosNw+XbpM=,fHSXXFwtxCltbDC+tcvPenHzMpY=
31,-32,A2oIj73/+VtK8mOkmVosNw+XbpM=,fHSXXFwtxCltbDC+tcvPenHzMpY=
17,-30,A2oIj73/+VtK8mOkmVosNw+XbpM=,fHSXXFwtxCltbDC+tcvPenHzMpY=
18,-30,A2oIj73/+VtK8mOkmVosNw+XbpM=,fHSXXFwtxCltbDC+tcvPenHzMpY=
30,-18,A2oIj73/+VtK8mOkmVosNw+XbpM=,fHSXXFwtxCltbDC+tcvPenHzMpY=
19,-17,A2oIj73/+VtK8mOkmVosNw+XbpM=,fHSXXFwtxCltbDC+tcvPenHzMpY=
19,-30,A2oIj73/+VtK8mOkmVosNw+XbpM=,fHSXXFwtxCltbDC+tcvPenHzMpY=
20,-30,A2oIj73/+VtK8mOkmVosNw+XbpM=,fHSXXFwtxCltbDC+tcvPenHzMpY=
28,-18,A2oIj73/+VtK8mOkmVosNw+XbpM=,fHSXXFwtxCltbDC+tcvPenHzMpY=
27,-18,A2oIj73/+VtK8mOkmVosNw+XbpM=,fHSXXFwtxCltbDC+tcvPenHzMpY=
29,-18,A2oIj73/+VtK8mOkmVosNw+XbpM=,fHSXXFwtxCltbDC+tcvPenHzMpY=
21,-30,A2oIj73/+VtK8mOkmVosNw+XbpM=,fHSXXFwtxCltbDC+tcvPenHzMpY=
26,-18,A2oIj73/+VtK8mOkmVosNw+XbpM=,fHSXXFwtxCltbDC+tcvPenHzMpY=
22,-30,A2oIj73/+VtK8mOkmVosNw+XbpM=,fHSXXFwtxCltbDC+tcvPenHzMpY=
23,-18,A2oIj73/+VtK8mOkmVosNw+XbpM=,fHSXXFwtxCltbDC+tcvPenHzMpY=
22,-18,A2oIj73/+VtK8mOkmVosNw+XbpM=,fHSXXFwtxCltbDC+tcvPenHzMpY=
23,-30,A2oIj73/+VtK8mOkmVosNw+XbpM=,fHSXXFwtxCltbDC+tcvPenHzMpY=
24,-30,A2oIj73/+VtK8mOkmVosNw+XbpM=,fHSXXFwtxCltbDC+tcvPenHzMpY=
24,-18,A2oIj73/+VtK8mOkmVosNw+XbpM=,fHSXXFwtxCltbDC+tcvPenHzMpY=
21,-18,A2oIj73/+VtK8mOkmVosNw+XbpM=,fHSXXFwtxCltbDC+tcvPenHzMpY=
25,-30,A2oIj73/+VtK8mOkmVosNw+XbpM=,fHSXXFwtxCltbDC+tcvPenHzMpY=
19,-18,A2oIj73/+VtK8mOkmVosNw+XbpM=,fHSXXFwtxCltbDC+tcvPenHzMpY=
26,-30,A2oIj73/+VtK8mOkmVosNw+XbpM=,fHSXXFwtxCltbDC+tcvPenHzMpY=
20,-18,A2oIj73/+VtK8mOkmVosNw+XbpM=,fHSXXFwtxCltbDC+tcvPenHzMpY=
18,-18,A2oIj73/+VtK8mOkmVosNw+XbpM=,fHSXXFwtxCltbDC+tcvPenHzMpY=
27,-30,A2oIj73/+VtK8mOkmVosNw+XbpM=,fHSXXFwtxCltbDC+tcvPenHzMpY=
25,-18,A2oIj73/+VtK8mOkmVosNw+XbpM=,fHSXXFwtxCltbDC+tcvPenHzMpY=
17,-18,A2oIj73/+VtK8mOkmVosNw+XbpM=,fHSXXFwtxCltbDC+tcvPenHzMpY=
16,-18,A2oIj73/+VtK8mOkmVosNw+XbpM=,fHSXXFwtxCltbDC+tcvPenHzMpY=
28,-30,A2oIj73/+VtK8mOkmVosNw+XbpM=,fHSXXFwtxCltbDC+tcvPenHzMpY=
29,-30,A2oIj73/+VtK8mOkmVosNw+XbpM=,fHSXXFwtxCltbDC+tcvPenHzMpY=
30,-32,A2oIj73/+VtK8mOkmVosNw+XbpM=,fHSXXFwtxCltbDC+tcvPenHzMpY=
30,-19,A2oIj73/+VtK8mOkmVosNw+XbpM=,fHSXXFwtxCltbDC+tcvPenHzMpY=
19,-32,A2oIj73/+VtK8mOkmVosNw+XbpM=,fHSXXFwtxCltbDC+tcvPenHzMpY=
31,-19,A2oIj73/+VtK8mOkmVosNw+XbpM=,fHSXXFwtxCltbDC+tcvPenHzMpY=
28,-19,A2oIj73/+VtK8mOkmVosNw+XbpM=,fHSXXFwtxCltbDC+tcvPenHzMpY=
27,-19,A2oIj73/+VtK8mOkmVosNw+XbpM=,fHSXXFwtxCltbDC+tcvPenHzMpY=
25,-19,A2oIj73/+VtK8mOkmVosNw+XbpM=,fHSXXFwtxCltbDC+tcvPenHzMpY=
29,-19,A2oIj73/+VtK8mOkmVosNw+XbpM=,fHSXXFwtxCltbDC+tcvPenHzMpY=
26,-19,A2oIj73/+VtK8mOkmVosNw+XbpM=,fHSXXFwtxCltbDC+tcvPenHzMpY=
16,-29,A2oIj73/+VtK8mOkmVosNw+XbpM=,fHSXXFwtxCltbDC+tcvPenHzMpY=
24,-19,A2oIj73/+VtK8mOkmVosNw+XbpM=,fHSXXFwtxCltbDC+tcvPenHzMpY=
23,-19,A2oIj73/+VtK8mOkmVosNw+XbpM=,fHSXXFwtxCltbDC+tcvPenHzMpY=
22,-19,A2oIj73/+VtK8mOkmVosNw+XbpM=,fHSXXFwtxCltbDC+tcvPenHzMpY=
21,-19,A2oIj73/+VtK8mOkmVosNw+XbpM=,fHSXXFwtxCltbDC+tcvPenHzMpY=
17,-29,A2oIj73/+VtK8mOkmVosNw+XbpM=,fHSXXFwtxCltbDC+tcvPenHzMpY=
19,-19,A2oIj73/+VtK8mOkmVosNw+XbpM=,fHSXXFwtxCltbDC+tcvPenHzMpY=
18,-19,A2oIj73/+VtK8mOkmVosNw+XbpM=,fHSXXFwtxCltbDC+tcvPenHzMpY=
18,-29,A2oIj73/+VtK8mOkmVosNw+XbpM=,fHSXXFwtxCltbDC+tcvPenHzMpY=
31,-30,A2oIj73/+VtK8mOkmVosNw+XbpM=,fHSXXFwtxCltbDC+tcvPenHzMpY=
20,-19,A2oIj73/+VtK8mOkmVosNw+XbpM=,fHSXXFwtxCltbDC+tcvPenHzMpY=
16,-19,A2oIj73/+VtK8mOkmVosNw+XbpM=,fHSXXFwtxCltbDC+tcvPenHzMpY=
19,-29,A2oIj73/+VtK8mOkmVosNw+XbpM=,fHSXXFwtxCltbDC+tcvPenHzMpY=
29,-20,A2oIj73/+VtK8mOkmVosNw+XbpM=,fHSXXFwtxCltbDC+tcvPenHzMpY=
20,-29,A2oIj73/+VtK8mOkmVosNw+XbpM=,fHSXXFwtxCltbDC+tcvPenHzMpY=
30,-30,A2oIj73/+VtK8mOkmVosNw+XbpM=,fHSXXFwtxCltbDC+tcvPenHzMpY=
17,-19,A2oIj73/+VtK8mOkmVosNw+XbpM=,fHSXXFwtxCltbDC+tcvPenHzMpY=
31,-20,A2oIj73/+VtK8mOkmVosNw+XbpM=,fHSXXFwtxCltbDC+tcvPenHzMpY=
21,-29,A2oIj73/+VtK8mOkmVosNw+XbpM=,fHSXXFwtxCltbDC+tcvPenHzMpY=
28,-20,A2oIj73/+VtK8mOkmVosNw+XbpM=,fHSXXFwtxCltbDC+tcvPenHzMpY=
29,-32,A2oIj73/+VtK8mOkmVosNw+XbpM=,fHSXXFwtxCltbDC+tcvPenHzMpY=
27,-20,A2oIj73/+VtK8mOkmVosNw+XbpM=,fHSXXFwtxCltbDC+tcvPenHzMpY=
26,-20,A2oIj73/+VtK8mOkmVosNw+XbpM=,fHSXXFwtxCltbDC+tcvPenHzMpY=
22,-29,A2oIj73/+VtK8mOkmVosNw+XbpM=,fHSXXFwtxCltbDC+tcvPenHzMpY=
25,-20,A2oIj73/+VtK8mOkmVosNw+XbpM=,fHSXXFwtxCltbDC+tcvPenHzMpY=
21,-20,A2oIj73/+VtK8mOkmVosNw+XbpM=,fHSXXFwtxCltbDC+tcvPenHzMpY=
23,-29,A2oIj73/+VtK8mOkmVosNw+XbpM=,fHSXXFwtxCltbDC+tcvPenHzMpY=
23,-20,A2oIj73/+VtK8mOkmVosNw+XbpM=,fHSXXFwtxCltbDC+tcvPenHzMpY=
22,-20,A2oIj73/+VtK8mOkmVosNw+XbpM=,fHSXXFwtxCltbDC+tcvPenHzMpY=
30,-20,A2oIj73/+VtK8mOkmVosNw+XbpM=,fHSXXFwtxCltbDC+tcvPenHzMpY=
24,-29,A2oIj73/+VtK8mOkmVosNw+XbpM=,fHSXXFwtxCltbDC+tcvPenHzMpY=
17,-20,A2oIj73/+VtK8mOkmVosNw+XbpM=,fHSXXFwtxCltbDC+tcvPenHzMpY=
20,-20,A2oIj73/+VtK8mOkmVosNw+XbpM=,fHSXXFwtxCltbDC+tcvPenHzMpY=
25,-29,A2oIj73/+VtK8mOkmVosNw+XbpM=,fHSXXFwtxCltbDC+tcvPenHzMpY=
16,-20,A2oIj73/+VtK8mOkmVosNw+XbpM=,fHSXXFwtxCltbDC+tcvPenHzMpY=
19,-20,A2oIj73/+VtK8mOkmVosNw+XbpM=,fHSXXFwtxCltbDC+tcvPenHzMpY=
28,-32,A2oIj73/+VtK8mOkmVosNw+XbpM=,fHSXXFwtxCltbDC+tcvPenHzMpY=
26,-29,A2oIj73/+VtK8mOkmVosNw+XbpM=,fHSXXFwtxCltbDC+tcvPenHzMpY=
31,-21,A2oIj73/+VtK8mOkmVosNw+XbpM=,fHSXXFwtxCltbDC+tcvPenHzMpY=
18,-20,A2oIj73/+VtK8mOkmVosNw+XbpM=,fHSXXFwtxCltbDC+tcvPenHzMpY=
29,-21,A2oIj73/+VtK8mOkmVosNw+XbpM=,fHSXXFwtxCltbDC+tcvPenHzMpY=
30,-21,A2oIj73/+VtK8mOkmVosNw+XbpM=,fHSXXFwtxCltbDC+tcvPenHzMpY=
27,-29,A2oIj73/+VtK8mOkmVosNw+XbpM=,fHSXXFwtxCltbDC+tcvPenHzMpY=
24,-20,A2oIj73/+VtK8mOkmVosNw+XbpM=,fHSXXFwtxCltbDC+tcvPenHzMpY=
28,-21,A2oIj73/+VtK8mOkmVosNw+XbpM=,fHSXXFwtxCltbDC+tcvPenHzMpY=
28,-29,A2oIj73/+VtK8mOkmVosNw+XbpM=,fHSXXFwtxCltbDC+tcvPenHzMpY=
27,-21,A2oIj73/+VtK8mOkmVosNw+XbpM=,fHSXXFwtxCltbDC+tcvPenHzMpY=
25,-21,A2oIj73/+VtK8mOkmVosNw+XbpM=,fHSXXFwtxCltbDC+tcvPenHzMpY=
26,-21,A2oIj73/+VtK8mOkmVosNw+XbpM=,fHSXXFwtxCltbDC+tcvPenHzMpY=
29,-29,A2oIj73/+VtK8mOkmVosNw+XbpM=,fHSXXFwtxCltbDC+tcvPenHzMpY=
23,-21,A2oIj73/+VtK8mOkmVosNw+XbpM=,fHSXXFwtxCltbDC+tcvPenHzMpY=
30,-29,A2oIj73/+VtK8mOkmVosNw+XbpM=,fHSXXFwtxCltbDC+tcvPenHzMpY=
22,-21,A2oIj73/+VtK8mOkmVosNw+XbpM=,fHSXXFwtxCltbDC+tcvPenHzMpY=
21,-21,A2oIj73/+VtK8mOkmVosNw+XbpM=,fHSXXFwtxCltbDC+tcvPenHzMpY=
18,-21,A2oIj73/+VtK8mOkmVosNw+XbpM=,fHSXXFwtxCltbDC+tcvPenHzMpY=
20,-32,A2oIj73/+VtK8mOkmVosNw+XbpM=,fHSXXFwtxCltbDC+tcvPenHzMpY=
19,-21,A2oIj73/+VtK8mOkmVosNw+XbpM=,fHSXXFwtxCltbDC+tcvPenHzMpY=
17,-21,A2oIj73/+VtK8mOkmVosNw+XbpM=,fHSXXFwtxCltbDC+tcvPenHzMpY=
16,-21,A2oIj73/+VtK8mOkmVosNw+XbpM=,fHSXXFwtxCltbDC+tcvPenHzMpY=
20,-21,A2oIj73/+VtK8mOkmVosNw+XbpM=,fHSXXFwtxCltbDC+tcvPenHzMpY=
31,-22,A2oIj73/+VtK8mOkmVosNw+XbpM=,fHSXXFwtxCltbDC+tcvPenHzMpY=
31,-29,A2oIj73/+VtK8mOkmVosNw+XbpM=,fHSXXFwtxCltbDC+tcvPenHzMpY=
27,-32,A2oIj73/+VtK8mOkmVosNw+XbpM=,fHSXXFwtxCltbDC+tcvPenHzMpY=
29,-22,A2oIj73/+VtK8mOkmVosNw+XbpM=,fHSXXFwtxCltbDC+tcvPenHzMpY=
16,-28,A2oIj73/+VtK8mOkmVosNw+XbpM=,fHSXXFwtxCltbDC+tcvPenHzMpY=
28,-22,A2oIj73/+VtK8mOkmVosNw+XbpM=,fHSXXFwtxCltbDC+tcvPenHzMpY=
24,-22,A2oIj73/+VtK8mOkmVosNw+XbpM=,fHSXXFwtxCltbDC+tcvPenHzMpY=
30,-22,A2oIj73/+VtK8mOkmVosNw+XbpM=,fHSXXFwtxCltbDC+tcvPenHzMpY=
24,-21,A2oIj73/+VtK8mOkmVosNw+XbpM=,fHSXXFwtxCltbDC+tcvPenHzMpY=
22,-22,A2oIj73/+VtK8mOkmVosNw+XbpM=,fHSXXFwtxCltbDC+tcvPenHzMpY=
25,-22,A2oIj73/+VtK8mOkmVosNw+XbpM=,fHSXXFwtxCltbDC+tcvPenHzMpY=
17,-28,A2oIj73/+VtK8mOkmVosNw+XbpM=,fHSXXFwtxCltbDC+tcvPenHzMpY=
27,-22,A2oIj73/+VtK8mOkmVosNw+XbpM=,fHSXXFwtxCltbDC+tcvPenHzMpY=
21,-22,A2oIj73/+VtK8mOkmVosNw+XbpM=,fHSXXFwtxCltbDC+tcvPenHzMpY=
20,-22,A2oIj73/+VtK8mOkmVosNw+XbpM=,fHSXXFwtxCltbDC+tcvPenHzMpY=
23,-22,A2oIj73/+VtK8mOkmVosNw+XbpM=,fHSXXFwtxCltbDC+tcvPenHzMpY=
19,-22,A2oIj73/+VtK8mOkmVosNw+XbpM=,fHSXXFwtxCltbDC+tcvPenHzMpY=
26,-22,A2oIj73/+VtK8mOkmVosNw+XbpM=,fHSXXFwtxCltbDC+tcvPenHzMpY=
18,-28,A2oIj73/+VtK8mOkmVosNw+XbpM=,fHSXXFwtxCltbDC+tcvPenHzMpY=
18,-22,A2oIj73/+VtK8mOkmVosNw+XbpM=,fHSXXFwtxCltbDC+tcvPenHzMpY=
31,-23,A2oIj73/+VtK8mOkmVosNw+XbpM=,fHSXXFwtxCltbDC+tcvPenHzMpY=
17,-22,A2oIj73/+VtK8mOkmVosNw+XbpM=,fHSXXFwtxCltbDC+tcvPenHzMpY=
22,-23,A2oIj73/+VtK8mOkmVosNw+XbpM=,fHSXXFwtxCltbDC+tcvPenHzMpY=
19,-23,A2oIj73/+VtK8mOkmVosNw+XbpM=,fHSXXFwtxCltbDC+tcvPenHzMpY=
18,-23,A2oIj73/+VtK8mOkmVosNw+XbpM=,fHSXXFwtxCltbDC+tcvPenHzMpY=
31,-24,A2oIj73/+VtK8mOkmVosNw+XbpM=,fHSXXFwtxCltbDC+tcvPenHzMpY=
30,-24,A2oIj73/+VtK8mOkmVosNw+XbpM=,fHSXXFwtxCltbDC+tcvPenHzMpY=
17,-23,A2oIj73/+VtK8mOkmVosNw+XbpM=,fHSXXFwtxCltbDC+tcvPenHzMpY=
29,-24,A2oIj73/+VtK8mOkmVosNw+XbpM=,fHSXXFwtxCltbDC+tcvPenHzMpY=
27,-24,A2oIj73/+VtK8mOkmVosNw+XbpM=,fHSXXFwtxCltbDC+tcvPenHzMpY=
20,-23,A2oIj73/+VtK8mOkmVosNw+XbpM=,fHSXXFwtxCltbDC+tcvPenHzMpY=
25,-24,A2oIj73/+VtK8mOkmVosNw+XbpM=,fHSXXFwtxCltbDC+tcvPenHzMpY=
28,-24,A2oIj73/+VtK8mOkmVosNw+XbpM=,fHSXXFwtxCltbDC+tcvPenHzMpY=
24,-24,A2oIj73/+VtK8mOkmVosNw+XbpM=,fHSXXFwtxCltbDC+tcvPenHzMpY=
23,-24,A2oIj73/+VtK8mOkmVosNw+XbpM=,fHSXXFwtxCltbDC+tcvPenHzMpY=
22,-24,A2oIj73/+VtK8mOkmVosNw+XbpM=,fHSXXFwtxCltbDC+tcvPenHzMpY=
21,-24,A2oIj73/+VtK8mOkmVosNw+XbpM=,fHSXXFwtxCltbDC+tcvPenHzMpY=
19,-24,A2oIj73/+VtK8mOkmVosNw+XbpM=,fHSXXFwtxCltbDC+tcvPenHzMpY=
20,-24,A2oIj73/+VtK8mOkmVosNw+XbpM=,fHSXXFwtxCltbDC+tcvPenHzMpY=
18,-24,A2oIj73/+VtK8mOkmVosNw+XbpM=,fHSXXFwtxCltbDC+tcvPenHzMpY=
28,-25,A2oIj73/+VtK8mOkmVosNw+XbpM=,fHSXXFwtxCltbDC+tcvPenHzMpY=
31,-25,A2oIj73/+VtK8mOkmVosNw+XbpM=,fHSXXFwtxCltbDC+tcvPenHzMpY=
30,-25,A2oIj73/+VtK8mOkmVosNw+XbpM=,fHSXXFwtxCltbDC+tcvPenHzMpY=
29,-25,A2oIj73/+VtK8mOkmVosNw+XbpM=,fHSXXFwtxCltbDC+tcvPenHzMpY=
27,-25,A2oIj73/+VtK8mOkmVosNw+XbpM=,fHSXXFwtxCltbDC+tcvPenHzMpY=
25,-25,A2oIj73/+VtK8mOkmVosNw+XbpM=,fHSXXFwtxCltbDC+tcvPenHzMpY=
26,-25,A2oIj73/+VtK8mOkmVosNw+XbpM=,fHSXXFwtxCltbDC+tcvPenHzMpY=
23,-25,A2oIj73/+VtK8mOkmVosNw+XbpM=,fHSXXFwtxCltbDC+tcvPenHzMpY=
22,-25,A2oIj73/+VtK8mOkmVosNw+XbpM=,fHSXXFwtxCltbDC+tcvPenHzMpY=
16,-24,A2oIj73/+VtK8mOkmVosNw+XbpM=,fHSXXFwtxCltbDC+tcvPenHzMpY=
24,-25,A2oIj73/+VtK8mOkmVosNw+XbpM=,fHSXXFwtxCltbDC+tcvPenHzMpY=
24,-32,A2oIj73/+VtK8mOkmVosNw+XbpM=,fHSXXFwtxCltbDC+tcvPenHzMpY=
20,-25,A2oIj73/+VtK8mOkmVosNw+XbpM=,fHSXXFwtxCltbDC+tcvPenHzMpY=
21,-25,A2oIj73/+VtK8mOkmVosNw+XbpM=,fHSXXFwtxCltbDC+tcvPenHzMpY=
25,-32,A2oIj73/+VtK8mOkmVosNw+XbpM=,fHSXXFwtxCltbDC+tcvPenHzMpY=
17,-24,A2oIj73/+VtK8mOkmVosNw+XbpM=,fHSXXFwtxCltbDC+tcvPenHzMpY=
17,-25,A2oIj73/+VtK8mOkmVosNw+XbpM=,fHSXXFwtxCltbDC+tcvPenHzMpY=
19,-25,A2oIj73/+VtK8mOkmVosNw+XbpM=,fHSXXFwtxCltbDC+tcvPenHzMpY=
18,-25,A2oIj73/+VtK8mOkmVosNw+XbpM=,fHSXXFwtxCltbDC+tcvPenHzMpY=
16,-25,A2oIj73/+VtK8mOkmVosNw+XbpM=,fHSXXFwtxCltbDC+tcvPenHzMpY=
23,-32,A2oIj73/+VtK8mOkmVosNw+XbpM=,fHSXXFwtxCltbDC+tcvPenHzMpY=
31,-26,A2oIj73/+VtK8mOkmVosNw+XbpM=,fHSXXFwtxCltbDC+tcvPenHzMpY=
30,-26,A2oIj73/+VtK8mOkmVosNw+XbpM=,fHSXXFwtxCltbDC+tcvPenHzMpY=
26,-26,A2oIj73/+VtK8mOkmVosNw+XbpM=,fHSXXFwtxCltbDC+tcvPenHzMpY=
29,-26,A2oIj73/+VtK8mOkmVosNw+XbpM=,fHSXXFwtxCltbDC+tcvPenHzMpY=
25,-26,A2oIj73/+VtK8mOkmVosNw+XbpM=,fHSXXFwtxCltbDC+tcvPenHzMpY=
28,-26,A2oIj73/+VtK8mOkmVosNw+XbpM=,fHSXXFwtxCltbDC+tcvPenHzMpY=
24,-26,A2oIj73/+VtK8mOkmVosNw+XbpM=,fHSXXFwtxCltbDC+tcvPenHzMpY=
27,-26,A2oIj73/+VtK8mOkmVosNw+XbpM=,fHSXXFwtxCltbDC+tcvPenHzMpY=
23,-26,A2oIj73/+VtK8mOkmVosNw+XbpM=,fHSXXFwtxCltbDC+tcvPenHzMpY=
21,-26,A2oIj73/+VtK8mOkmVosNw+XbpM=,fHSXXFwtxCltbDC+tcvPenHzMpY=
19,-26,A2oIj73/+VtK8mOkmVosNw+XbpM=,fHSXXFwtxCltbDC+tcvPenHzMpY=
22,-26,A2oIj73/+VtK8mOkmVosNw+XbpM=,fHSXXFwtxCltbDC+tcvPenHzMpY=
20,-26,A2oIj73/+VtK8mOkmVosNw+XbpM=,fHSXXFwtxCltbDC+tcvPenHzMpY=
17,-26,A2oIj73/+VtK8mOkmVosNw+XbpM=,fHSXXFwtxCltbDC+tcvPenHzMpY=
18,-26,A2oIj73/+VtK8mOkmVosNw+XbpM=,fHSXXFwtxCltbDC+tcvPenHzMpY=
16,-26,A2oIj73/+VtK8mOkmVosNw+XbpM=,fHSXXFwtxCltbDC+tcvPenHzMpY=
22,-32,A2oIj73/+VtK8mOkmVosNw+XbpM=,fHSXXFwtxCltbDC+tcvPenHzMpY=
30,-27,A2oIj73/+VtK8mOkmVosNw+XbpM=,fHSXXFwtxCltbDC+tcvPenHzMpY=
31,-27,A2oIj73/+VtK8mOkmVosNw+XbpM=,fHSXXFwtxCltbDC+tcvPenHzMpY=
29,-27,A2oIj73/+VtK8mOkmVosNw+XbpM=,fHSXXFwtxCltbDC+tcvPenHzMpY=
28,-27,A2oIj73/+VtK8mOkmVosNw+XbpM=,fHSXXFwtxCltbDC+tcvPenHzMpY=
16,-23,A2oIj73/+VtK8mOkmVosNw+XbpM=,fHSXXFwtxCltbDC+tcvPenHzMpY=
27,-27,A2oIj73/+VtK8mOkmVosNw+XbpM=,fHSXXFwtxCltbDC+tcvPenHzMpY=
25,-27,A2oIj73/+VtK8mOkmVosNw+XbpM=,fHSXXFwtxCltbDC+tcvPenHzMpY=
26,-27,A2oIj73/+VtK8mOkmVosNw+XbpM=,fHSXXFwtxCltbDC+tcvPenHzMpY=
22,-27,A2oIj73/+VtK8mOkmVosNw+XbpM=,fHSXXFwtxCltbDC+tcvPenHzMpY=
23,-27,A2oIj73/+VtK8mOkmVosNw+XbpM=,fHSXXFwtxCltbDC+tcvPenHzMpY=
20,-27,A2oIj73/+VtK8mOkmVosNw+XbpM=,fHSXXFwtxCltbDC+tcvPenHzMpY=
19,-27,A2oIj73/+VtK8mOkmVosNw+XbpM=,fHSXXFwtxCltbDC+tcvPenHzMpY=
24,-27,A2oIj73/+VtK8mOkmVosNw+XbpM=,fHSXXFwtxCltbDC+tcvPenHzMpY=
21,-27,A2oIj73/+VtK8mOkmVosNw+XbpM=,fHSXXFwtxCltbDC+tcvPenHzMpY=
18,-27,A2oIj73/+VtK8mOkmVosNw+XbpM=,fHSXXFwtxCltbDC+tcvPenHzMpY=
31,-28,A2oIj73/+VtK8mOkmVosNw+XbpM=,fHSXXFwtxCltbDC+tcvPenHzMpY=
17,-27,A2oIj73/+VtK8mOkmVosNw+XbpM=,fHSXXFwtxCltbDC+tcvPenHzMpY=
16,-27,A2oIj73/+VtK8mOkmVosNw+XbpM=,fHSXXFwtxCltbDC+tcvPenHzMpY=
21,-32,A2oIj73/+VtK8mOkmVosNw+XbpM=,fHSXXFwtxCltbDC+tcvPenHzMpY=
30,-28,A2oIj73/+VtK8mOkmVosNw+XbpM=,fHSXXFwtxCltbDC+tcvPenHzMpY=
29,-28,A2oIj73/+VtK8mOkmVosNw+XbpM=,fHSXXFwtxCltbDC+tcvPenHzMpY=
28,-28,A2oIj73/+VtK8mOkmVosNw+XbpM=,fHSXXFwtxCltbDC+tcvPenHzMpY=
27,-28,A2oIj73/+VtK8mOkmVosNw+XbpM=,fHSXXFwtxCltbDC+tcvPenHzMpY=
25,-28,A2oIj73/+VtK8mOkmVosNw+XbpM=,fHSXXFwtxCltbDC+tcvPenHzMpY=
24,-28,A2oIj73/+VtK8mOkmVosNw+XbpM=,fHSXXFwtxCltbDC+tcvPenHzMpY=
26,-28,A2oIj73/+VtK8mOkmVosNw+XbpM=,fHSXXFwtxCltbDC+tcvPenHzMpY=
23,-28,A2oIj73/+VtK8mOkmVosNw+XbpM=,fHSXXFwtxCltbDC+tcvPenHzMpY=
21,-28,A2oIj73/+VtK8mOkmVosNw+XbpM=,fHSXXFwtxCltbDC+tcvPenHzMpY=
22,-28,A2oIj73/+VtK8mOkmVosNw+XbpM=,fHSXXFwtxCltbDC+tcvPenHzMpY=
20,-28,A2oIj73/+VtK8mOkmVosNw+XbpM=,fHSXXFwtxCltbDC+tcvPenHzMpY=
21,-23,A2oIj73/+VtK8mOkmVosNw+XbpM=,fHSXXFwtxCltbDC+tcvPenHzMpY=
26,-24,A2oIj73/+VtK8mOkmVosNw+XbpM=,fHSXXFwtxCltbDC+tcvPenHzMpY=
19,-28,A2oIj73/+VtK8mOkmVosNw+XbpM=,fHSXXFwtxCltbDC+tcvPenHzMpY=
25,-23,A2oIj73/+VtK8mOkmVosNw+XbpM=,fHSXXFwtxCltbDC+tcvPenHzMpY=
30,-23,A2oIj73/+VtK8mOkmVosNw+XbpM=,fHSXXFwtxCltbDC+tcvPenHzMpY=
24,-23,A2oIj73/+VtK8mOkmVosNw+XbpM=,fHSXXFwtxCltbDC+tcvPenHzMpY=
27,-23,A2oIj73/+VtK8mOkmVosNw+XbpM=,fHSXXFwtxCltbDC+tcvPenHzMpY=
29,-23,A2oIj73/+VtK8mOkmVosNw+XbpM=,fHSXXFwtxCltbDC+tcvPenHzMpY=
28,-23,A2oIj73/+VtK8mOkmVosNw+XbpM=,fHSXXFwtxCltbDC+tcvPenHzMpY=
23,-23,A2oIj73/+VtK8mOkmVosNw+XbpM=,fHSXXFwtxCltbDC+tcvPenHzMpY=
26,-23,A2oIj73/+VtK8mOkmVosNw+XbpM=,fHSXXFwtxCltbDC+tcvPenHzMpY=
26,-32,A2oIj73/+VtK8mOkmVosNw+XbpM=,fHSXXFwtxCltbDC+tcvPenHzMpY=
16,-22,A2oIj73/+VtK8mOkmVosNw+XbpM=,fHSXXFwtxCltbDC+tcvPenHzMpY=
0,-15,A2oIj73/+VtK8mOkmVosNw+XbpM=,fHSXXFwtxCltbDC+tcvPenHzMpY=
1,-15,A2oIj73/+VtK8mOkmVosNw+XbpM=,fHSXXFwtxCltbDC+tcvPenHzMpY=
2,-15,A2oIj73/+VtK8mOkmVosNw+XbpM=,fHSXXFwtxCltbDC+tcvPenHzMpY=
3,-15,A2oIj73/+VtK8mOkmVosNw+XbpM=,fHSXXFwtxCltbDC+tcvPenHzMpY=
15,-1,A2oIj73/+VtK8mOkmVosNw+XbpM=,fHSXXFwtxCltbDC+tcvPenHzMpY=
15,-16,A2oIj73/+VtK8mOkmVosNw+XbpM=,fHSXXFwtxCltbDC+tcvPenHzMpY=
13,-1,A2oIj73/+VtK8mOkmVosNw+XbpM=,fHSXXFwtxCltbDC+tcvPenHzMpY=
14,-1,A2oIj73/+VtK8mOkmVosNw+XbpM=,fHSXXFwtxCltbDC+tcvPenHzMpY=
12,-1,A2oIj73/+VtK8mOkmVosNw+XbpM=,fHSXXFwtxCltbDC+tcvPenHzMpY=
11,-1,A2oIj73/+VtK8mOkmVosNw+XbpM=,fHSXXFwtxCltbDC+tcvPenHzMpY=
10,-1,A2oIj73/+VtK8mOkmVosNw+XbpM=,fHSXXFwtxCltbDC+tcvPenHzMpY=
9,-1,A2oIj73/+VtK8mOkmVosNw+XbpM=,fHSXXFwtxCltbDC+tcvPenHzMpY=
8,-1,A2oIj73/+VtK8mOkmVosNw+XbpM=,fHSXXFwtxCltbDC+tcvPenHzMpY=
7,-1,A2oIj73/+VtK8mOkmVosNw+XbpM=,fHSXXFwtxCltbDC+tcvPenHzMpY=
6,-1,A2oIj73/+VtK8mOkmVosNw+XbpM=,fHSXXFwtxCltbDC+tcvPenHzMpY=
5,-1,A2oIj73/+VtK8mOkmVosNw+XbpM=,fHSXXFwtxCltbDC+tcvPenHzMpY=
3,-1,A2oIj73/+VtK8mOkmVosNw+XbpM=,fHSXXFwtxCltbDC+tcvPenHzMpY=
4,-1,A2oIj73/+VtK8mOkmVosNw+XbpM=,fHSXXFwtxCltbDC+tcvPenHzMpY=
1,-1,A2oIj73/+VtK8mOkmVosNw+XbpM=,fHSXXFwtxCltbDC+tcvPenHzMpY=
14,-16,A2oIj73/+VtK8mOkmVosNw+XbpM=,fHSXXFwtxCltbDC+tcvPenHzMpY=
14,-2,A2oIj73/+VtK8mOkmVosNw+XbpM=,fHSXXFwtxCltbDC+tcvPenHzMpY=
13,-2,A2oIj73/+VtK8mOkmVosNw+XbpM=,fHSXXFwtxCltbDC+tcvPenHzMpY=
10,-2,A2oIj73/+VtK8mOkmVosNw+XbpM=,fHSXXFwtxCltbDC+tcvPenHzMpY=
9,-2,A2oIj73/+VtK8mOkmVosNw+XbpM=,fHSXXFwtxCltbDC+tcvPenHzMpY=
0,-1,A2oIj73/+VtK8mOkmVosNw+XbpM=,fHSXXFwtxCltbDC+tcvPenHzMpY=
11,-2,A2oIj73/+VtK8mOkmVosNw+XbpM=,fHSXXFwtxCltbDC+tcvPenHzMpY=
15,-2,A2oIj73/+VtK8mOkmVosNw+XbpM=,fHSXXFwtxCltbDC+tcvPenHzMpY=
13,-16,A2oIj73/+VtK8mOkmVosNw+XbpM=,fHSXXFwtxCltbDC+tcvPenHzMpY=
12,-2,A2oIj73/+VtK8mOkmVosNw+XbpM=,fHSXXFwtxCltbDC+tcvPenHzMpY=
7,-2,A2oIj73/+VtK8mOkmVosNw+XbpM=,fHSXXFwtxCltbDC+tcvPenHzMpY=
8,-2,A2oIj73/+VtK8mOkmVosNw+XbpM=,fHSXXFwtxCltbDC+tcvPenHzMpY=
2,-1,A2oIj73/+VtK8mOkmVosNw+XbpM=,fHSXXFwtxCltbDC+tcvPenHzMpY=
6,-2,A2oIj73/+VtK8mOkmVosNw+XbpM=,fHSXXFwtxCltbDC+tcvPenHzMpY=
5,-2,A2oIj73/+VtK8mOkmVosNw+XbpM=,fHSXXFwtxCltbDC+tcvPenHzMpY=
15,-3,A2oIj73/+VtK8mOkmVosNw+XbpM=,fHSXXFwtxCltbDC+tcvPenHzMpY=
4,-2,A2oIj73/+VtK8mOkmVosNw+XbpM=,fHSXXFwtxCltbDC+tcvPenHzMpY=
13,-3,A2oIj73/+VtK8mOkmVosNw+XbpM=,fHSXXFwtxCltbDC+tcvPenHzMpY=
3,-2,A2oIj73/+VtK8mOkmVosNw+XbpM=,fHSXXFwtxCltbDC+tcvPenHzMpY=
14,-3,A2oIj73/+VtK8mOkmVosNw+XbpM=,fHSXXFwtxCltbDC+tcvPenHzMpY=
9,-3,A2oIj73/+VtK8mOkmVosNw+XbpM=,fHSXXFwtxCltbDC+tcvPenHzMpY=
12,-3,A2oIj73/+VtK8mOkmVosNw+XbpM=,fHSXXFwtxCltbDC+tcvPenHzMpY=
11,-3,A2oIj73/+VtK8mOkmVosNw+XbpM=,fHSXXFwtxCltbDC+tcvPenHzMpY=
10,-3,A2oIj73/+VtK8mOkmVosNw+XbpM=,fHSXXFwtxCltbDC+tcvPenHzMpY=
2,-2,A2oIj73/+VtK8mOkmVosNw+XbpM=,fHSXXFwtxCltbDC+tcvPenHzMpY=
12,-16,A2oIj73/+VtK8mOkmVosNw+XbpM=,fHSXXFwtxCltbDC+tcvPenHzMpY=
6,-3,A2oIj73/+VtK8mOkmVosNw+XbpM=,fHSXXFwtxCltbDC+tcvPenHzMpY=
8,-3,A2oIj73/+VtK8mOkmVosNw+XbpM=,fHSXXFwtxCltbDC+tcvPenHzMpY=
4,-3,A2oIj73/+VtK8mOkmVosNw+XbpM=,fHSXXFwtxCltbDC+tcvPenHzMpY=
5,-3,A2oIj73/+VtK8mOkmVosNw+XbpM=,fHSXXFwtxCltbDC+tcvPenHzMpY=
3,-3,A2oIj73/+VtK8mOkmVosNw+XbpM=,fHSXXFwtxCltbDC+tcvPenHzMpY=
7,-3,A2oIj73/+VtK8mOkmVosNw+XbpM=,fHSXXFwtxCltbDC+tcvPenHzMpY=
2,-3,A2oIj73/+VtK8mOkmVosNw+XbpM=,fHSXXFwtxCltbDC+tcvPenHzMpY=
1,-3,A2oIj73/+VtK8mOkmVosNw+XbpM=,fHSXXFwtxCltbDC+tcvPenHzMpY=
15,-4,A2oIj73/+VtK8mOkmVosNw+XbpM=,fHSXXFwtxCltbDC+tcvPenHzMpY=
14,-4,A2oIj73/+VtK8mOkmVosNw+XbpM=,fHSXXFwtxCltbDC+tcvPenHzMpY=
0,-3,A2oIj73/+VtK8mOkmVosNw+XbpM=,fHSXXFwtxCltbDC+tcvPenHzMpY=
0,-2,A2oIj73/+VtK8mOkmVosNw+XbpM=,fHSXXFwtxCltbDC+tcvPenHzMpY=
10,-4,A2oIj73/+VtK8mOkmVosNw+XbpM=,fHSXXFwtxCltbDC+tcvPenHzMpY=
12,-4,A2oIj73/+VtK8mOkmVosNw+XbpM=,fHSXXFwtxCltbDC+tcvPenHzMpY=
11,-16,A2oIj73/+VtK8mOkmVosNw+XbpM=,fHSXXFwtxCltbDC+tcvPenHzMpY=
13,-4,A2oIj73/+VtK8mOkmVosNw+XbpM=,fHSXXFwtxCltbDC+tcvPenHzMpY=
9,-4,A2oIj73/+VtK8mOkmVosNw+XbpM=,fHSXXFwtxCltbDC+tcvPenHzMpY=
1,-2,A2oIj73/+VtK8mOkmVosNw+XbpM=,fHSXXFwtxCltbDC+tcvPenHzMpY=
8,-4,A2oIj73/+VtK8mOkmVosNw+XbpM=,fHSXXFwtxCltbDC+tcvPenHzMpY=
7,-4,A2oIj73/+VtK8mOkmVosNw+XbpM=,fHSXXFwtxCltbDC+tcvPenHzMpY=
5,-4,A2oIj73/+VtK8mOkmVosNw+XbpM=,fHSXXFwtxCltbDC+tcvPenHzMpY=
2,-4,A2oIj73/+VtK8mOkmVosNw+XbpM=,fHSXXFwtxCltbDC+tcvPenHzMpY=
4,-4,A2oIj73/+VtK8mOkmVosNw+XbpM=,fHSXXFwtxCltbDC+tcvPenHzMpY=
15,-5,A2oIj73/+VtK8mOkmVosNw+XbpM=,fHSXXFwtxCltbDC+tcvPenHzMpY=
14,-5,A2oIj73/+VtK8mOkmVosNw+XbpM=,fHSXXFwtxCltbDC+tcvPenHzMpY=
13,-5,A2oIj73/+VtK8mOkmVosNw+XbpM=,fHSXXFwtxCltbDC+tcvPenHzMpY=
3,-4,A2oIj73/+VtK8mOkmVosNw+XbpM=,fHSXXFwtxCltbDC+tcvPenHzMpY=
6,-4,A2oIj73/+VtK8mOkmVosNw+XbpM=,fHSXXFwtxCltbDC+tcvPenHzMpY=
0,-4,A2oIj73/+VtK8mOkmVosNw+XbpM=,fHSXXFwtxCltbDC+tcvPenHzMpY=
12,-5,A2oIj73/+VtK8mOkmVosNw+XbpM=,fHSXXFwtxCltbDC+tcvPenHzMpY=
11,-5,A2oIj73/+VtK8mOkmVosNw+XbpM=,fHSXXFwtxCltbDC+tcvPenHzMpY=
10,-16,A2oIj73/+VtK8mOkmVosNw+XbpM=,fHSXXFwtxCltbDC+tcvPenHzMpY=
9,-5,A2oIj73/+VtK8mOkmVosNw+XbpM=,fHSXXFwtxCltbDC+tcvPenHzMpY=
10,-5,A2oIj73/+VtK8mOkmVosNw+XbpM=,fHSXXFwtxCltbDC+tcvPenHzMpY=
1,-4,A2oIj73/+VtK8mOkmVosNw+XbpM=,fHSXXFwtxCltbDC+tcvPenHzMpY=
6,-5,A2oIj73/+VtK8mOkmVosNw+XbpM=,fHSXXFwtxCltbDC+tcvPenHzMpY=
8,-5,A2oIj73/+VtK8mOkmVosNw+XbpM=,fHSXXFwtxCltbDC+tcvPenHzMpY=
5,-5,A2oIj73/+VtK8mOkmVosNw+XbpM=,fHSXXFwtxCltbDC+tcvPenHzMpY=
7,-5,A2oIj73/+VtK8mOkmVosNw+XbpM=,fHSXXFwtxCltbDC+tcvPenHzMpY=
4,-5,A2oIj73/+VtK8mOkmVosNw+XbpM=,fHSXXFwtxCltbDC+tcvPenHzMpY=
3,-5,A2oIj73/+VtK8mOkmVosNw+XbpM=,fHSXXFwtxCltbDC+tcvPenHzMpY=
2,-5,A2oIj73/+VtK8mOkmVosNw+XbpM=,fHSXXFwtxCltbDC+tcvPenHzMpY=
0,-5,A2oIj73/+VtK8mOkmVosNw+XbpM=,fHSXXFwtxCltbDC+tcvPenHzMpY=
1,-5,A2oIj73/+VtK8mOkmVosNw+XbpM=,fHSXXFwtxCltbDC+tcvPenHzMpY=
9,-6,A2oIj73/+VtK8mOkmVosNw+XbpM=,fHSXXFwtxCltbDC+tcvPenHzMpY=
14,-6,A2oIj73/+VtK8mOkmVosNw+XbpM=,fHSXXFwtxCltbDC+tcvPenHzMpY=
11,-6,A2oIj73/+VtK8mOkmVosNw+XbpM=,fHSXXFwtxCltbDC+tcvPenHzMpY=
9,-16,A2oIj73/+VtK8mOkmVosNw+XbpM=,fHSXXFwtxCltbDC+tcvPenHzMpY=
15,-6,A2oIj73/+VtK8mOkmVosNw+XbpM=,fHSXXFwtxCltbDC+tcvPenHzMpY=
12,-6,A2oIj73/+VtK8mOkmVosNw+XbpM=,fHSXXFwtxCltbDC+tcvPenHzMpY=
10,-6,A2oIj73/+VtK8mOkmVosNw+XbpM=,fHSXXFwtxCltbDC+tcvPenHzMpY=
8,-6,A2oIj73/+VtK8mOkmVosNw+XbpM=,fHSXXFwtxCltbDC+tcvPenHzMpY=
7,-6,A2oIj73/+VtK8mOkmVosNw+XbpM=,fHSXXFwtxCltbDC+tcvPenHzMpY=
13,-6,A2oIj73/+VtK8mOkmVosNw+XbpM=,fHSXXFwtxCltbDC+tcvPenHzMpY=
6,-6,A2oIj73/+VtK8mOkmVosNw+XbpM=,fHSXXFwtxCltbDC+tcvPenHzMpY=
3,-6,A2oIj73/+VtK8mOkmVosNw+XbpM=,fHSXXFwtxCltbDC+tcvPenHzMpY=
0,-6,A2oIj73/+VtK8mOkmVosNw+XbpM=,fHSXXFwtxCltbDC+tcvPenHzMpY=
5,-6,A2oIj73/+VtK8mOkmVosNw+XbpM=,fHSXXFwtxCltbDC+tcvPenHzMpY=
11,-7,A2oIj73/+VtK8mOkmVosNw+XbpM=,fHSXXFwtxCltbDC+tcvPenHzMpY=
2,-6,A2oIj73/+VtK8mOkmVosNw+XbpM=,fHSXXFwtxCltbDC+tcvPenHzMpY=
15,-7,A2oIj73/+VtK8mOkmVosNw+XbpM=,fHSXXFwtxCltbDC+tcvPenHzMpY=
12,-7,A2oIj73/+VtK8mOkmVosNw+XbpM=,fHSXXFwtxCltbDC+tcvPenHzMpY=
14,-7,A2oIj73/+VtK8mOkmVosNw+XbpM=,fHSXXFwtxCltbDC+tcvPenHzMpY=
8,-16,A2oIj73/+VtK8mOkmVosNw+XbpM=,fHSXXFwtxCltbDC+tcvPenHzMpY=
10,-7,A2oIj73/+VtK8mOkmVosNw+XbpM=,fHSXXFwtxCltbDC+tcvPenHzMpY=
7,-7,A2oIj73/+VtK8mOkmVosNw+XbpM=,fHSXXFwtxCltbDC+tcvPenHzMpY=
9,-7,A2oIj73/+VtK8mOkmVosNw+XbpM=,fHSXXFwtxCltbDC+tcvPenHzMpY=
4,-6,A2oIj73/+VtK8mOkmVosNw+XbpM=,fHSXXFwtxCltbDC+tcvPenHzMpY=
8,-7,A2oIj73/+VtK8mOkmVosNw+XbpM=,fHSXXFwtxCltbDC+tcvPenHzMpY=
13,-7,A2oIj73/+VtK8mOkmVosNw+XbpM=,fHSXXFwtxCltbDC+tcvPenHzMpY=
3,-7,A2oIj73/+VtK8mOkmVosNw+XbpM=,fHSXXFwtxCltbDC+tcvPenHzMpY=
2,-7,A2oIj73/+VtK8mOkmVosNw+XbpM=,fHSXXFwtxCltbDC+tcvPenHzMpY=
0,-7,A2oIj73/+VtK8mOkmVosNw+XbpM=,fHSXXFwtxCltbDC+tcvPenHzMpY=
6,-7,A2oIj73/+VtK8mOkmVosNw+XbpM=,fHSXXFwtxCltbDC+tcvPenHzMpY=
1,-7,A2oIj73/+VtK8mOkmVosNw+XbpM=,fHSXXFwtxCltbDC+tcvPenHzMpY=
1,-6,A2oIj73/+VtK8mOkmVosNw+XbpM=,fHSXXFwtxCltbDC+tcvPenHzMpY=
15,-8,A2oIj73/+VtK8mOkmVosNw+XbpM=,fHSXXFwtxCltbDC+tcvPenHzMpY=
14,-8,A2oIj73/+VtK8mOkmVosNw+XbpM=,fHSXXFwtxCltbDC+tcvPenHzMpY=
4,-7,A2oIj73/+VtK8mOkmVosNw+XbpM=,fHSXXFwtxCltbDC+tcvPenHzMpY=
13,-8,A2oIj73/+VtK8mOkmVosNw+XbpM=,fHSXXFwtxCltbDC+tcvPenHzMpY=
7,-16,A2oIj73/+VtK8mOkmVosNw+XbpM=,fHSXXFwtxCltbDC+tcvPenHzMpY=
5,-7,A2oIj73/+VtK8mOkmVosNw+XbpM=,fHSXXFwtxCltbDC+tcvPenHzMpY=
12,-8,A2oIj73/+VtK8mOkmVosNw+XbpM=,fHSXXFwtxCltbDC+tcvPenHzMpY=
9,-8,A2oIj73/+VtK8mOkmVosNw+XbpM=,fHSXXFwtxCltbDC+tcvPenHzMpY=
8,-8,A2oIj73/+VtK8mOkmVosNw+XbpM=,fHSXXFwtxCltbDC+tcvPenHzMpY=
6,-8,A2oIj73/+VtK8mOkmVosNw+XbpM=,fHSXXFwtxCltbDC+tcvPenHzMpY=
2,-8,A2oIj73/+VtK8mOkmVosNw+XbpM=,fHSXXFwtxCltbDC+tcvPenHzMpY=
7,-8,A2oIj73/+VtK8mOkmVosNw+XbpM=,fHSXXFwtxCltbDC+tcvPenHzMpY=
10,-8,A2oIj73/+VtK8mOkmVosNw+XbpM=,fHSXXFwtxCltbDC+tcvPenHzMpY=
3,-8,A2oIj73/+VtK8mOkmVosNw+XbpM=,fHSXXFwtxCltbDC+tcvPenHzMpY=
11,-8,A2oIj73/+VtK8mOkmVosNw+XbpM=,fHSXXFwtxCltbDC+tcvPenHzMpY=
1,-8,A2oIj73/+VtK8mOkmVosNw+XbpM=,fHSXXFwtxCltbDC+tcvPenHzMpY=
0,-8,A2oIj73/+VtK8mOkmVosNw+XbpM=,fHSXXFwtxCltbDC+tcvPenHzMpY=
5,-8,A2oIj73/+VtK8mOkmVosNw+XbpM=,fHSXXFwtxCltbDC+tcvPenHzMpY=
10,-9,A2oIj73/+VtK8mOkmVosNw+XbpM=,fHSXXFwtxCltbDC+tcvPenHzMpY=
11,-9,A2oIj73/+VtK8mOkmVosNw+XbpM=,fHSXXFwtxCltbDC+tcvPenHzMpY=
14,-9,A2oIj73/+VtK8mOkmVosNw+XbpM=,fHSXXFwtxCltbDC+tcvPenHzMpY=
6,-16,A2oIj73/+VtK8mOkmVosNw+XbpM=,fHSXXFwtxCltbDC+tcvPenHzMpY=
12,-9,A2oIj73/+VtK8mOkmVosNw+XbpM=,fHSXXFwtxCltbDC+tcvPenHzMpY=
9,-9,A2oIj73/+VtK8mOkmVosNw+XbpM=,fHSXXFwtxCltbDC+tcvPenHzMpY=
8,-9,A2oIj73/+VtK8mOkmVosNw+XbpM=,fHSXXFwtxCltbDC+tcvPenHzMpY=
3,-9,A2oIj73/+VtK8mOkmVosNw+XbpM=,fHSXXFwtxCltbDC+tcvPenHzMpY=
2,-9,A2oIj73/+VtK8mOkmVosNw+XbpM=,fHSXXFwtxCltbDC+tcvPenHzMpY=
1,-9,A2oIj73/+VtK8mOkmVosNw+XbpM=,fHSXXFwtxCltbDC+tcvPenHzMpY=
0,-9,A2oIj73/+VtK8mOkmVosNw+XbpM=,fHSXXFwtxCltbDC+tcvPenHzMpY=
15,-9,A2oIj73/+VtK8mOkmVosNw+XbpM=,fHSXXFwtxCltbDC+tcvPenHzMpY=
13,-9,A2oIj73/+VtK8mOkmVosNw+XbpM=,fHSXXFwtxCltbDC+tcvPenHzMpY=
15,-10,A2oIj73/+VtK8mOkmVosNw+XbpM=,fHSXXFwtxCltbDC+tcvPenHzMpY=
14,-10,A2oIj73/+VtK8mOkmVosNw+XbpM=,fHSXXFwtxCltbDC+tcvPenHzMpY=
13,-10,A2oIj73/+VtK8mOkmVosNw+XbpM=,fHSXXFwtxCltbDC+tcvPenHzMpY=
7,-9,A2oIj73/+VtK8mOkmVosNw+XbpM=,fHSXXFwtxCltbDC+tcvPenHzMpY=
5,-16,A2oIj73/+VtK8mOkmVosNw+XbpM=,fHSXXFwtxCltbDC+tcvPenHzMpY=
12,-10,A2oIj73/+VtK8mOkmVosNw+XbpM=,fHSXXFwtxCltbDC+tcvPenHzMpY=
11,-10,A2oIj73/+VtK8mOkmVosNw+XbpM=,fHSXXFwtxCltbDC+tcvPenHzMpY=
10,-10,A2oIj73/+VtK8mOkmVosNw+XbpM=,fHSXXFwtxCltbDC+tcvPenHzMpY=
8,-10,A2oIj73/+VtK8mOkmVosNw+XbpM=,fHSXXFwtxCltbDC+tcvPenHzMpY=
9,-10,A2oIj73/+VtK8mOkmVosNw+XbpM=,fHSXXFwtxCltbDC+tcvPenHzMpY=
6,-9,A2oIj73/+VtK8mOkmVosNw+XbpM=,fHSXXFwtxCltbDC+tcvPenHzMpY=
7,-10,A2oIj73/+VtK8mOkmVosNw+XbpM=,fHSXXFwtxCltbDC+tcvPenHzMpY=
3,-10,A2oIj73/+VtK8mOkmVosNw+XbpM=,fHSXXFwtxCltbDC+tcvPenHzMpY=
2,-10,A2oIj73/+VtK8mOkmVosNw+XbpM=,fHSXXFwtxCltbDC+tcvPenHzMpY=
1,-10,A2oIj73/+VtK8mOkmVosNw+XbpM=,fHSXXFwtxCltbDC+tcvPenHzMpY=
0,-10,A2oIj73/+VtK8mOkmVosNw+XbpM=,fHSXXFwtxCltbDC+tcvPenHzMpY=
15,-11,A2oIj73/+VtK8mOkmVosNw+XbpM=,fHSXXFwtxCltbDC+tcvPenHzMpY=
14,-11,A2oIj73/+VtK8mOkmVosNw+XbpM=,fHSXXFwtxCltbDC+tcvPenHzMpY=
13,-11,A2oIj73/+VtK8mOkmVosNw+XbpM=,fHSXXFwtxCltbDC+tcvPenHzMpY=
12,-11,A2oIj73/+VtK8mOkmVosNw+XbpM=,fHSXXFwtxCltbDC+tcvPenHzMpY=
11,-11,A2oIj73/+VtK8mOkmVosNw+XbpM=,fHSXXFwtxCltbDC+tcvPenHzMpY=
4,-16,A2oIj73/+VtK8mOkmVosNw+XbpM=,fHSXXFwtxCltbDC+tcvPenHzMpY=
10,-11,A2oIj73/+VtK8mOkmVosNw+XbpM=,fHSXXFwtxCltbDC+tcvPenHzMpY=
9,-11,A2oIj73/+VtK8mOkmVosNw+XbpM=,fHSXXFwtxCltbDC+tcvPenHzMpY=
8,-11,A2oIj73/+VtK8mOkmVosNw+XbpM=,fHSXXFwtxCltbDC+tcvPenHzMpY=
7,-11,A2oIj73/+VtK8mOkmVosNw+XbpM=,fHSXXFwtxCltbDC+tcvPenHzMpY=
6,-11,A2oIj73/+VtK8mOkmVosNw+XbpM=,fHSXXFwtxCltbDC+tcvPenHzMpY=
5,-11,A2oIj73/+VtK8mOkmVosNw+XbpM=,fHSXXFwtxCltbDC+tcvPenHzMpY=
4,-11,A2oIj73/+VtK8mOkmVosNw+XbpM=,fHSXXFwtxCltbDC+tcvPenHzMpY=
3,-11,A2oIj73/+VtK8mOkmVosNw+XbpM=,fHSXXFwtxCltbDC+tcvPenHzMpY=
6,-10,A2oIj73/+VtK8mOkmVosNw+XbpM=,fHSXXFwtxCltbDC+tcvPenHzMpY=
2,-11,A2oIj73/+VtK8mOkmVosNw+XbpM=,fHSXXFwtxCltbDC+tcvPenHzMpY=
1,-11,A2oIj73/+VtK8mOkmVosNw+XbpM=,fHSXXFwtxCltbDC+tcvPenHzMpY=
0,-11,A2oIj73/+VtK8mOkmVosNw+XbpM=,fHSXXFwtxCltbDC+tcvPenHzMpY=
15,-12,A2oIj73/+VtK8mOkmVosNw+XbpM=,fHSXXFwtxCltbDC+tcvPenHzMpY=
14,-12,A2oIj73/+VtK8mOkmVosNw+XbpM=,fHSXXFwtxCltbDC+tcvPenHzMpY=
13,-12,A2oIj73/+VtK8mOkmVosNw+XbpM=,fHSXXFwtxCltbDC+tcvPenHzMpY=
12,-12,A2oIj73/+VtK8mOkmVosNw+XbpM=,fHSXXFwtxCltbDC+tcvPenHzMpY=
3,-16,A2oIj73/+VtK8mOkmVosNw+XbpM=,fHSXXFwtxCltbDC+tcvPenHzMpY=
11,-12,A2oIj73/+VtK8mOkmVosNw+XbpM=,fHSXXFwtxCltbDC+tcvPenHzMpY=
9,-12,A2oIj73/+VtK8mOkmVosNw+XbpM=,fHSXXFwtxCltbDC+tcvPenHzMpY=
10,-12,A2oIj73/+VtK8mOkmVosNw+XbpM=,fHSXXFwtxCltbDC+tcvPenHzMpY=
8,-12,A2oIj73/+VtK8mOkmVosNw+XbpM=,fHSXXFwtxCltbDC+tcvPenHzMpY=
7,-12,A2oIj73/+VtK8mOkmVosNw+XbpM=,fHSXXFwtxCltbDC+tcvPenHzMpY=
6,-12,A2oIj73/+VtK8mOkmVosNw+XbpM=,fHSXXFwtxCltbDC+tcvPenHzMpY=
5,-12,A2oIj73/+VtK8mOkmVosNw+XbpM=,fHSXXFwtxCltbDC+tcvPenHzMpY=
5,-10,A2oIj73/+VtK8mOkmVosNw+XbpM=,fHSXXFwtxCltbDC+tcvPenHzMpY=
4,-12,A2oIj73/+VtK8mOkmVosNw+XbpM=,fHSXXFwtxCltbDC+tcvPenHzMpY=
3,-12,A2oIj73/+VtK8mOkmVosNw+XbpM=,fHSXXFwtxCltbDC+tcvPenHzMpY=
2,-12,A2oIj73/+VtK8mOkmVosNw+XbpM=,fHSXXFwtxCltbDC+tcvPenHzMpY=
1,-12,A2oIj73/+VtK8mOkmVosNw+XbpM=,fHSXXFwtxCltbDC+tcvPenHzMpY=
15,-13,A2oIj73/+VtK8mOkmVosNw+XbpM=,fHSXXFwtxCltbDC+tcvPenHzMpY=
14,-13,A2oIj73/+VtK8mOkmVosNw+XbpM=,fHSXXFwtxCltbDC+tcvPenHzMpY=
0,-12,A2oIj73/+VtK8mOkmVosNw+XbpM=,fHSXXFwtxCltbDC+tcvPenHzMpY=
13,-13,A2oIj73/+VtK8mOkmVosNw+XbpM=,fHSXXFwtxCltbDC+tcvPenHzMpY=
2,-16,A2oIj73/+VtK8mOkmVosNw+XbpM=,fHSXXFwtxCltbDC+tcvPenHzMpY=
12,-13,A2oIj73/+VtK8mOkmVosNw+XbpM=,fHSXXFwtxCltbDC+tcvPenHzMpY=
11,-13,A2oIj73/+VtK8mOkmVosNw+XbpM=,fHSXXFwtxCltbDC+tcvPenHzMpY=
10,-13,A2oIj73/+VtK8mOkmVosNw+XbpM=,fHSXXFwtxCltbDC+tcvPenHzMpY=
8,-13,A2oIj73/+VtK8mOkmVosNw+XbpM=,fHSXXFwtxCltbDC+tcvPenHzMpY=
9,-13,A2oIj73/+VtK8mOkmVosNw+XbpM=,fHSXXFwtxCltbDC+tcvPenHzMpY=
7,-13,A2oIj73/+VtK8mOkmVosNw+XbpM=,fHSXXFwtxCltbDC+tcvPenHzMpY=
5,-13,A2oIj73/+VtK8mOkmVosNw+XbpM=,fHSXXFwtxCltbDC+tcvPenHzMpY=
6,-13,A2oIj73/+VtK8mOkmVosNw+XbpM=,fHSXXFwtxCltbDC+tcvPenHzMpY=
3,-13,A2oIj73/+VtK8mOkmVosNw+XbpM=,fHSXXFwtxCltbDC+tcvPenHzMpY=
4,-13,A2oIj73/+VtK8mOkmVosNw+XbpM=,fHSXXFwtxCltbDC+tcvPenHzMpY=
2,-13,A2oIj73/+VtK8mOkmVosNw+XbpM=,fHSXXFwtxCltbDC+tcvPenHzMpY=
1,-13,A2oIj73/+VtK8mOkmVosNw+XbpM=,fHSXXFwtxCltbDC+tcvPenHzMpY=
0,-13,A2oIj73/+VtK8mOkmVosNw+XbpM=,fHSXXFwtxCltbDC+tcvPenHzMpY=
14,-14,A2oIj73/+VtK8mOkmVosNw+XbpM=,fHSXXFwtxCltbDC+tcvPenHzMpY=
15,-14,A2oIj73/+VtK8mOkmVosNw+XbpM=,fHSXXFwtxCltbDC+tcvPenHzMpY=
1,-16,A2oIj73/+VtK8mOkmVosNw+XbpM=,fHSXXFwtxCltbDC+tcvPenHzMpY=
13,-14,A2oIj73/+VtK8mOkmVosNw+XbpM=,fHSXXFwtxCltbDC+tcvPenHzMpY=
11,-14,A2oIj73/+VtK8mOkmVosNw+XbpM=,fHSXXFwtxCltbDC+tcvPenHzMpY=
12,-14,A2oIj73/+VtK8mOkmVosNw+XbpM=,fHSXXFwtxCltbDC+tcvPenHzMpY=
10,-14,A2oIj73/+VtK8mOkmVosNw+XbpM=,fHSXXFwtxCltbDC+tcvPenHzMpY=
9,-14,A2oIj73/+VtK8mOkmVosNw+XbpM=,fHSXXFwtxCltbDC+tcvPenHzMpY=
8,-14,A2oIj73/+VtK8mOkmVosNw+XbpM=,fHSXXFwtxCltbDC+tcvPenHzMpY=
7,-14,A2oIj73/+VtK8mOkmVosNw+XbpM=,fHSXXFwtxCltbDC+tcvPenHzMpY=
6,-14,A2oIj73/+VtK8mOkmVosNw+XbpM=,fHSXXFwtxCltbDC+tcvPenHzMpY=
4,-14,A2oIj73/+VtK8mOkmVosNw+XbpM=,fHSXXFwtxCltbDC+tcvPenHzMpY=
5,-14,A2oIj73/+VtK8mOkmVosNw+XbpM=,fHSXXFwtxCltbDC+tcvPenHzMpY=
2,-14,A2oIj73/+VtK8mOkmVosNw+XbpM=,fHSXXFwtxCltbDC+tcvPenHzMpY=
3,-14,A2oIj73/+VtK8mOkmVosNw+XbpM=,fHSXXFwtxCltbDC+tcvPenHzMpY=
0,-14,A2oIj73/+VtK8mOkmVosNw+XbpM=,fHSXXFwtxCltbDC+tcvPenHzMpY=
1,-14,A2oIj73/+VtK8mOkmVosNw+XbpM=,fHSXXFwtxCltbDC+tcvPenHzMpY=
0,-16,A2oIj73/+VtK8mOkmVosNw+XbpM=,fHSXXFwtxCltbDC+tcvPenHzMpY=
12,-15,A2oIj73/+VtK8mOkmVosNw+XbpM=,fHSXXFwtxCltbDC+tcvPenHzMpY=
13,-15,A2oIj73/+VtK8mOkmVosNw+XbpM=,fHSXXFwtxCltbDC+tcvPenHzMpY=
11,-15,A2oIj73/+VtK8mOkmVosNw+XbpM=,fHSXXFwtxCltbDC+tcvPenHzMpY=
10,-15,A2oIj73/+VtK8mOkmVosNw+XbpM=,fHSXXFwtxCltbDC+tcvPenHzMpY=
9,-15,A2oIj73/+VtK8mOkmVosNw+XbpM=,fHSXXFwtxCltbDC+tcvPenHzMpY=
8,-15,A2oIj73/+VtK8mOkmVosNw+XbpM=,fHSXXFwtxCltbDC+tcvPenHzMpY=
5,-9,A2oIj73/+VtK8mOkmVosNw+XbpM=,fHSXXFwtxCltbDC+tcvPenHzMpY=
5,-15,A2oIj73/+VtK8mOkmVosNw+XbpM=,fHSXXFwtxCltbDC+tcvPenHzMpY=
4,-15,A2oIj73/+VtK8mOkmVosNw+XbpM=,fHSXXFwtxCltbDC+tcvPenHzMpY=
4,-9,A2oIj73/+VtK8mOkmVosNw+XbpM=,fHSXXFwtxCltbDC+tcvPenHzMpY=
7,-15,A2oIj73/+VtK8mOkmVosNw+XbpM=,fHSXXFwtxCltbDC+tcvPenHzMpY=
15,-15,A2oIj73/+VtK8mOkmVosNw+XbpM=,fHSXXFwtxCltbDC+tcvPenHzMpY=
14,-15,A2oIj73/+VtK8mOkmVosNw+XbpM=,fHSXXFwtxCltbDC+tcvPenHzMpY=
6,-15,A2oIj73/+VtK8mOkmVosNw+XbpM=,fHSXXFwtxCltbDC+tcvPenHzMpY=
4,-10,A2oIj73/+VtK8mOkmVosNw+XbpM=,fHSXXFwtxCltbDC+tcvPenHzMpY=
4,-8,A2oIj73/+VtK8mOkmVosNw+XbpM=,fHSXXFwtxCltbDC+tcvPenHzMpY=
11,-4,A2oIj73/+VtK8mOkmVosNw+XbpM=,fHSXXFwtxCltbDC+tcvPenHzMpY=
17,-16,An69AdYFXRtyG8Ja5rf60EgKm3s=,fHSXXFwtxCltbDC+tcvPenHzMpY=
29,-15,An69AdYFXRtyG8Ja5rf60EgKm3s=,fHSXXFwtxCltbDC+tcvPenHzMpY=
28,-15,An69AdYFXRtyG8Ja5rf60EgKm3s=,fHSXXFwtxCltbDC+tcvPenHzMpY=
27,-15,An69AdYFXRtyG8Ja5rf60EgKm3s=,fHSXXFwtxCltbDC+tcvPenHzMpY=
26,-15,An69AdYFXRtyG8Ja5rf60EgKm3s=,fHSXXFwtxCltbDC+tcvPenHzMpY=
24,-15,An69AdYFXRtyG8Ja5rf60EgKm3s=,fHSXXFwtxCltbDC+tcvPenHzMpY=
23,-15,An69AdYFXRtyG8Ja5rf60EgKm3s=,fHSXXFwtxCltbDC+tcvPenHzMpY=
21,-15,An69AdYFXRtyG8Ja5rf60EgKm3s=,fHSXXFwtxCltbDC+tcvPenHzMpY=
22,-15,An69AdYFXRtyG8Ja5rf60EgKm3s=,fHSXXFwtxCltbDC+tcvPenHzMpY=
20,-15,An69AdYFXRtyG8Ja5rf60EgKm3s=,fHSXXFwtxCltbDC+tcvPenHzMpY=
25,-15,An69AdYFXRtyG8Ja5rf60EgKm3s=,fHSXXFwtxCltbDC+tcvPenHzMpY=
19,-15,An69AdYFXRtyG8Ja5rf60EgKm3s=,fHSXXFwtxCltbDC+tcvPenHzMpY=
18,-15,An69AdYFXRtyG8Ja5rf60EgKm3s=,fHSXXFwtxCltbDC+tcvPenHzMpY=
16,-15,An69AdYFXRtyG8Ja5rf60EgKm3s=,fHSXXFwtxCltbDC+tcvPenHzMpY=
16,-16,An69AdYFXRtyG8Ja5rf60EgKm3s=,fHSXXFwtxCltbDC+tcvPenHzMpY=
17,-15,An69AdYFXRtyG8Ja5rf60EgKm3s=,fHSXXFwtxCltbDC+tcvPenHzMpY=
28,-1,An69AdYFXRtyG8Ja5rf60EgKm3s=,fHSXXFwtxCltbDC+tcvPenHzMpY=
30,-1,An69AdYFXRtyG8Ja5rf60EgKm3s=,fHSXXFwtxCltbDC+tcvPenHzMpY=
31,-1,An69AdYFXRtyG8Ja5rf60EgKm3s=,fHSXXFwtxCltbDC+tcvPenHzMpY=
29,-1,An69AdYFXRtyG8Ja5rf60EgKm3s=,fHSXXFwtxCltbDC+tcvPenHzMpY=
25,-1,An69AdYFXRtyG8Ja5rf60EgKm3s=,fHSXXFwtxCltbDC+tcvPenHzMpY=
24,-1,An69AdYFXRtyG8Ja5rf60EgKm3s=,fHSXXFwtxCltbDC+tcvPenHzMpY=
22,-1,An69AdYFXRtyG8Ja5rf60EgKm3s=,fHSXXFwtxCltbDC+tcvPenHzMpY=
26,-1,An69AdYFXRtyG8Ja5rf60EgKm3s=,fHSXXFwtxCltbDC+tcvPenHzMpY=
21,-1,An69AdYFXRtyG8Ja5rf60EgKm3s=,fHSXXFwtxCltbDC+tcvPenHzMpY=
23,-1,An69AdYFXRtyG8Ja5rf60EgKm3s=,fHSXXFwtxCltbDC+tcvPenHzMpY=
31,-16,An69AdYFXRtyG8Ja5rf60EgKm3s=,fHSXXFwtxCltbDC+tcvPenHzMpY=
16,-1,An69AdYFXRtyG8Ja5rf60EgKm3s=,fHSXXFwtxCltbDC+tcvPenHzMpY=
17,-1,An69AdYFXRtyG8Ja5rf60EgKm3s=,fHSXXFwtxCltbDC+tcvPenHzMpY=
20,-1,An69AdYFXRtyG8Ja5rf60EgKm3s=,fHSXXFwtxCltbDC+tcvPenHzMpY=
19,-1,An69AdYFXRtyG8Ja5rf60EgKm3s=,fHSXXFwtxCltbDC+tcvPenHzMpY=
18,-1,An69AdYFXRtyG8Ja5rf60EgKm3s=,fHSXXFwtxCltbDC+tcvPenHzMpY=
31,-2,An69AdYFXRtyG8Ja5rf60EgKm3s=,fHSXXFwtxCltbDC+tcvPenHzMpY=
30,-2,An69AdYFXRtyG8Ja5rf60EgKm3s=,fHSXXFwtxCltbDC+tcvPenHzMpY=
28,-2,An69AdYFXRtyG8Ja5rf60EgKm3s=,fHSXXFwtxCltbDC+tcvPenHzMpY=
27,-2,An69AdYFXRtyG8Ja5rf60EgKm3s=,fHSXXFwtxCltbDC+tcvPenHzMpY=
25,-2,An69AdYFXRtyG8Ja5rf60EgKm3s=,fHSXXFwtxCltbDC+tcvPenHzMpY=
26,-2,An69AdYFXRtyG8Ja5rf60EgKm3s=,fHSXXFwtxCltbDC+tcvPenHzMpY=
24,-2,An69AdYFXRtyG8Ja5rf60EgKm3s=,fHSXXFwtxCltbDC+tcvPenHzMpY=
29,-2,An69AdYFXRtyG8Ja5rf60EgKm3s=,fHSXXFwtxCltbDC+tcvPenHzMpY=
22,-2,An69AdYFXRtyG8Ja5rf60EgKm3s=,fHSXXFwtxCltbDC+tcvPenHzMpY=
23,-2,An69AdYFXRtyG8Ja5rf60EgKm3s=,fHSXXFwtxCltbDC+tcvPenHzMpY=
21,-2,An69AdYFXRtyG8Ja5rf60EgKm3s=,fHSXXFwtxCltbDC+tcvPenHzMpY=
31,-3,An69AdYFXRtyG8Ja5rf60EgKm3s=,fHSXXFwtxCltbDC+tcvPenHzMpY=
20,-2,An69AdYFXRtyG8Ja5rf60EgKm3s=,fHSXXFwtxCltbDC+tcvPenHzMpY=
18,-2,An69AdYFXRtyG8Ja5rf60EgKm3s=,fHSXXFwtxCltbDC+tcvPenHzMpY=
19,-2,An69AdYFXRtyG8Ja5rf60EgKm3s=,fHSXXFwtxCltbDC+tcvPenHzMpY=
30,-3,An69AdYFXRtyG8Ja5rf60EgKm3s=,fHSXXFwtxCltbDC+tcvPenHzMpY=
28,-3,An69AdYFXRtyG8Ja5rf60EgKm3s=,fHSXXFwtxCltbDC+tcvPenHzMpY=
16,-2,An69AdYFXRtyG8Ja5rf60EgKm3s=,fHSXXFwtxCltbDC+tcvPenHzMpY=
27,-3,An69AdYFXRtyG8Ja5rf60EgKm3s=,fHSXXFwtxCltbDC+tcvPenHzMpY=
29,-3,An69AdYFXRtyG8Ja5rf60EgKm3s=,fHSXXFwtxCltbDC+tcvPenHzMpY=
24,-3,An69AdYFXRtyG8Ja5rf60EgKm3s=,fHSXXFwtxCltbDC+tcvPenHzMpY=
26,-3,An69AdYFXRtyG8Ja5rf60EgKm3s=,fHSXXFwtxCltbDC+tcvPenHzMpY=
30,-16,An69AdYFXRtyG8Ja5rf60EgKm3s=,fHSXXFwtxCltbDC+tcvPenHzMpY=
23,-3,An69AdYFXRtyG8Ja5rf60EgKm3s=,fHSXXFwtxCltbDC+tcvPenHzMpY=
25,-3,An69AdYFXRtyG8Ja5rf60EgKm3s=,fHSXXFwtxCltbDC+tcvPenHzMpY=
22,-3,An69AdYFXRtyG8Ja5rf60EgKm3s=,fHSXXFwtxCltbDC+tcvPenHzMpY=
21,-3,An69AdYFXRtyG8Ja5rf60EgKm3s=,fHSXXFwtxCltbDC+tcvPenHzMpY=
20,-3,An69AdYFXRtyG8Ja5rf60EgKm3s=,fHSXXFwtxCltbDC+tcvPenHzMpY=
19,-3,An69AdYFXRtyG8Ja5rf60EgKm3s=,fHSXXFwtxCltbDC+tcvPenHzMpY=
29,-16,An69AdYFXRtyG8Ja5rf60EgKm3s=,fHSXXFwtxCltbDC+tcvPenHzMpY=
17,-3,An69AdYFXRtyG8Ja5rf60EgKm3s=,fHSXXFwtxCltbDC+tcvPenHzMpY=
17,-2,An69AdYFXRtyG8Ja5rf60EgKm3s=,fHSXXFwtxCltbDC+tcvPenHzMpY=
18,-3,An69AdYFXRtyG8Ja5rf60EgKm3s=,fHSXXFwtxCltbDC+tcvPenHzMpY=
30,-4,An69AdYFXRtyG8Ja5rf60EgKm3s=,fHSXXFwtxCltbDC+tcvPenHzMpY=
16,-3,An69AdYFXRtyG8Ja5rf60EgKm3s=,fHSXXFwtxCltbDC+tcvPenHzMpY=
31,-4,An69AdYFXRtyG8Ja5rf60EgKm3s=,fHSXXFwtxCltbDC+tcvPenHzMpY=
27,-4,An69AdYFXRtyG8Ja5rf60EgKm3s=,fHSXXFwtxCltbDC+tcvPenHzMpY=
29,-4,An69AdYFXRtyG8Ja5rf60EgKm3s=,fHSXXFwtxCltbDC+tcvPenHzMpY=
28,-4,An69AdYFXRtyG8Ja5rf60EgKm3s=,fHSXXFwtxCltbDC+tcvPenHzMpY=
25,-4,An69AdYFXRtyG8Ja5rf60EgKm3s=,fHSXXFwtxCltbDC+tcvPenHzMpY=
24,-4,An69AdYFXRtyG8Ja5rf60EgKm3s=,fHSXXFwtxCltbDC+tcvPenHzMpY=
21,-4,An69AdYFXRtyG8Ja5rf60EgKm3s=,fHSXXFwtxCltbDC+tcvPenHzMpY=
23,-4,An69AdYFXRtyG8Ja5rf60EgKm3s=,fHSXXFwtxCltbDC+tcvPenHzMpY=
19,-4,An69AdYFXRtyG8Ja5rf60EgKm3s=,fHSXXFwtxCltbDC+tcvPenHzMpY=
20,-4,An69AdYFXRtyG8Ja5rf60EgKm3s=,fHSXXFwtxCltbDC+tcvPenHzMpY=
28,-16,An69AdYFXRtyG8Ja5rf60EgKm3s=,fHSXXFwtxCltbDC+tcvPenHzMpY=
22,-4,An69AdYFXRtyG8Ja5rf60EgKm3s=,fHSXXFwtxCltbDC+tcvPenHzMpY=
26,-4,An69AdYFXRtyG8Ja5rf60EgKm3s=,fHSXXFwtxCltbDC+tcvPenHzMpY=
30,-5,An69AdYFXRtyG8Ja5rf60EgKm3s=,fHSXXFwtxCltbDC+tcvPenHzMpY=
18,-4,An69AdYFXRtyG8Ja5rf60EgKm3s=,fHSXXFwtxCltbDC+tcvPenHzMpY=
31,-5,An69AdYFXRtyG8Ja5rf60EgKm3s=,fHSXXFwtxCltbDC+tcvPenHzMpY=
17,-4,An69AdYFXRtyG8Ja5rf60EgKm3s=,fHSXXFwtxCltbDC+tcvPenHzMpY=
29,-5,An69AdYFXRtyG8Ja5rf60EgKm3s=,fHSXXFwtxCltbDC+tcvPenHzMpY=
16,-4,An69AdYFXRtyG8Ja5rf60EgKm3s=,fHSXXFwtxCltbDC+tcvPenHzMpY=
28,-5,An69AdYFXRtyG8Ja5rf60EgKm3s=,fHSXXFwtxCltbDC+tcvPenHzMpY=
23,-5,An69AdYFXRtyG8Ja5rf60EgKm3s=,fHSXXFwtxCltbDC+tcvPenHzMpY=
26,-5,An69AdYFXRtyG8Ja5rf60EgKm3s=,fHSXXFwtxCltbDC+tcvPenHzMpY=
25,-5,An69AdYFXRtyG8Ja5rf60EgKm3s=,fHSXXFwtxCltbDC+tcvPenHzMpY=
21,-5,An69AdYFXRtyG8Ja5rf60EgKm3s=,fHSXXFwtxCltbDC+tcvPenHzMpY=
27,-5,An69AdYFXRtyG8Ja5rf60EgKm3s=,fHSXXFwtxCltbDC+tcvPenHzMpY=
31,-6,An69AdYFXRtyG8Ja5rf60EgKm3s=,fHSXXFwtxCltbDC+tcvPenHzMpY=
22,-5,An69AdYFXRtyG8Ja5rf60EgKm3s=,fHSXXFwtxCltbDC+tcvPenHzMpY=
27,-16,An69AdYFXRtyG8Ja5rf60EgKm3s=,fHSXXFwtxCltbDC+tcvPenHzMpY=
30,-6,An69AdYFXRtyG8Ja5rf60EgKm3s=,fHSXXFwtxCltbDC+tcvPenHzMpY=
29,-6,An69AdYFXRtyG8Ja5rf60EgKm3s=,fHSXXFwtxCltbDC+tcvPenHzMpY=
27,-6,An69AdYFXRtyG8Ja5rf60EgKm3s=,fHSXXFwtxCltbDC+tcvPenHzMpY=
28,-6,An69AdYFXRtyG8Ja5rf60EgKm3s=,fHSXXFwtxCltbDC+tcvPenHzMpY=
19,-5,An69AdYFXRtyG8Ja5rf60EgKm3s=,fHSXXFwtxCltbDC+tcvPenHzMpY=
26,-6,An69AdYFXRtyG8Ja5rf60EgKm3s=,fHSXXFwtxCltbDC+tcvPenHzMpY=
25,-6,An69AdYFXRtyG8Ja5rf60EgKm3s=,fHSXXFwtxCltbDC+tcvPenHzMpY=
18,-5,An69AdYFXRtyG8Ja5rf60EgKm3s=,fHSXXFwtxCltbDC+tcvPenHzMpY=
17,-5,An69AdYFXRtyG8Ja5rf60EgKm3s=,fHSXXFwtxCltbDC+tcvPenHzMpY=
20,-5,An69AdYFXRtyG8Ja5rf60EgKm3s=,fHSXXFwtxCltbDC+tcvPenHzMpY=
24,-5,An69AdYFXRtyG8Ja5rf60EgKm3s=,fHSXXFwtxCltbDC+tcvPenHzMpY=
24,-6,An69AdYFXRtyG8Ja5rf60EgKm3s=,fHSXXFwtxCltbDC+tcvPenHzMpY=
21,-6,An69AdYFXRtyG8Ja5rf60EgKm3s=,fHSXXFwtxCltbDC+tcvPenHzMpY=
23,-6,An69AdYFXRtyG8Ja5rf60EgKm3s=,fHSXXFwtxCltbDC+tcvPenHzMpY=
31,-7,An69AdYFXRtyG8Ja5rf60EgKm3s=,fHSXXFwtxCltbDC+tcvPenHzMpY=
26,-16,An69AdYFXRtyG8Ja5rf60EgKm3s=,fHSXXFwtxCltbDC+tcvPenHzMpY=
16,-5,An69AdYFXRtyG8Ja5rf60EgKm3s=,fHSXXFwtxCltbDC+tcvPenHzMpY=
30,-7,An69AdYFXRtyG8Ja5rf60EgKm3s=,fHSXXFwtxCltbDC+tcvPenHzMpY=
29,-7,An69AdYFXRtyG8Ja5rf60EgKm3s=,fHSXXFwtxCltbDC+tcvPenHzMpY=
28,-7,An69AdYFXRtyG8Ja5rf60EgKm3s=,fHSXXFwtxCltbDC+tcvPenHzMpY=
27,-7,An69AdYFXRtyG8Ja5rf60EgKm3s=,fHSXXFwtxCltbDC+tcvPenHzMpY=
26,-7,An69AdYFXRtyG8Ja5rf60EgKm3s=,fHSXXFwtxCltbDC+tcvPenHzMpY=
25,-7,An69AdYFXRtyG8Ja5rf60EgKm3s=,fHSXXFwtxCltbDC+tcvPenHzMpY=
23,-7,An69AdYFXRtyG8Ja5rf60EgKm3s=,fHSXXFwtxCltbDC+tcvPenHzMpY=
24,-7,An69AdYFXRtyG8Ja5rf60EgKm3s=,fHSXXFwtxCltbDC+tcvPenHzMpY=
21,-7,An69AdYFXRtyG8Ja5rf60EgKm3s=,fHSXXFwtxCltbDC+tcvPenHzMpY=
20,-7,An69AdYFXRtyG8Ja5rf60EgKm3s=,fHSXXFwtxCltbDC+tcvPenHzMpY=
22,-7,An69AdYFXRtyG8Ja5rf60EgKm3s=,fHSXXFwtxCltbDC+tcvPenHzMpY=
20,-6,An69AdYFXRtyG8Ja5rf60EgKm3s=,fHSXXFwtxCltbDC+tcvPenHzMpY=
22,-6,An69AdYFXRtyG8Ja5rf60EgKm3s=,fHSXXFwtxCltbDC+tcvPenHzMpY=
18,-7,An69AdYFXRtyG8Ja5rf60EgKm3s=,fHSXXFwtxCltbDC+tcvPenHzMpY=
19,-7,An69AdYFXRtyG8Ja5rf60EgKm3s=,fHSXXFwtxCltbDC+tcvPenHzMpY=
30,-8,An69AdYFXRtyG8Ja5rf60EgKm3s=,fHSXXFwtxCltbDC+tcvPenHzMpY=
25,-16,An69AdYFXRtyG8Ja5rf60EgKm3s=,fHSXXFwtxCltbDC+tcvPenHzMpY=
31,-8,An69AdYFXRtyG8Ja5rf60EgKm3s=,fHSXXFwtxCltbDC+tcvPenHzMpY=
29,-8,An69AdYFXRtyG8Ja5rf60EgKm3s=,fHSXXFwtxCltbDC+tcvPenHzMpY=
16,-7,An69AdYFXRtyG8Ja5rf60EgKm3s=,fHSXXFwtxCltbDC+tcvPenHzMpY=
17,-7,An69AdYFXRtyG8Ja5rf60EgKm3s=,fHSXXFwtxCltbDC+tcvPenHzMpY=
28,-8,An69AdYFXRtyG8Ja5rf60EgKm3s=,fHSXXFwtxCltbDC+tcvPenHzMpY=
27,-8,An69AdYFXRtyG8Ja5rf60EgKm3s=,fHSXXFwtxCltbDC+tcvPenHzMpY=
26,-8,An69AdYFXRtyG8Ja5rf60EgKm3s=,fHSXXFwtxCltbDC+tcvPenHzMpY=
16,-6,An69AdYFXRtyG8Ja5rf60EgKm3s=,fHSXXFwtxCltbDC+tcvPenHzMpY=
17,-6,An69AdYFXRtyG8Ja5rf60EgKm3s=,fHSXXFwtxCltbDC+tcvPenHzMpY=
25,-8,An69AdYFXRtyG8Ja5rf60EgKm3s=,fHSXXFwtxCltbDC+tcvPenHzMpY=
22,-8,An69AdYFXRtyG8Ja5rf60EgKm3s=,fHSXXFwtxCltbDC+tcvPenHzMpY=
23,-8,An69AdYFXRtyG8Ja5rf60EgKm3s=,fHSXXFwtxCltbDC+tcvPenHzMpY=
20,-8,An69AdYFXRtyG8Ja5rf60EgKm3s=,fHSXXFwtxCltbDC+tcvPenHzMpY=
21,-8,An69AdYFXRtyG8Ja5rf60EgKm3s=,fHSXXFwtxCltbDC+tcvPenHzMpY=
31,-9,An69AdYFXRtyG8Ja5rf60EgKm3s=,fHSXXFwtxCltbDC+tcvPenHzMpY=
30,-9,An69AdYFXRtyG8Ja5rf60EgKm3s=,fHSXXFwtxCltbDC+tcvPenHzMpY=
18,-6,An69AdYFXRtyG8Ja5rf60EgKm3s=,fHSXXFwtxCltbDC+tcvPenHzMpY=
24,-16,An69AdYFXRtyG8Ja5rf60EgKm3s=,fHSXXFwtxCltbDC+tcvPenHzMpY=
29,-9,An69AdYFXRtyG8Ja5rf60EgKm3s=,fHSXXFwtxCltbDC+tcvPenHzMpY=
28,-9,An69AdYFXRtyG8Ja5rf60EgKm3s=,fHSXXFwtxCltbDC+tcvPenHzMpY=
27,-9,An69AdYFXRtyG8Ja5rf60EgKm3s=,fHSXXFwtxCltbDC+tcvPenHzMpY=
26,-9,An69AdYFXRtyG8Ja5rf60EgKm3s=,fHSXXFwtxCltbDC+tcvPenHzMpY=
25,-9,An69AdYFXRtyG8Ja5rf60EgKm3s=,fHSXXFwtxCltbDC+tcvPenHzMpY=
24,-9,An69AdYFXRtyG8Ja5rf60EgKm3s=,fHSXXFwtxCltbDC+tcvPenHzMpY=
23,-9,An69AdYFXRtyG8Ja5rf60EgKm3s=,fHSXXFwtxCltbDC+tcvPenHzMpY=
21,-9,An69AdYFXRtyG8Ja5rf60EgKm3s=,fHSXXFwtxCltbDC+tcvPenHzMpY=
22,-9,An69AdYFXRtyG8Ja5rf60EgKm3s=,fHSXXFwtxCltbDC+tcvPenHzMpY=
20,-9,An69AdYFXRtyG8Ja5rf60EgKm3s=,fHSXXFwtxCltbDC+tcvPenHzMpY=
19,-9,An69AdYFXRtyG8Ja5rf60EgKm3s=,fHSXXFwtxCltbDC+tcvPenHzMpY=
18,-9,An69AdYFXRtyG8Ja5rf60EgKm3s=,fHSXXFwtxCltbDC+tcvPenHzMpY=
17,-9,An69AdYFXRtyG8Ja5rf60EgKm3s=,fHSXXFwtxCltbDC+tcvPenHzMpY=
16,-9,An69AdYFXRtyG8Ja5rf60EgKm3s=,fHSXXFwtxCltbDC+tcvPenHzMpY=
31,-10,An69AdYFXRtyG8Ja5rf60EgKm3s=,fHSXXFwtxCltbDC+tcvPenHzMpY=
30,-10,An69AdYFXRtyG8Ja5rf60EgKm3s=,fHSXXFwtxCltbDC+tcvPenHzMpY=
23,-16,An69AdYFXRtyG8Ja5rf60EgKm3s=,fHSXXFwtxCltbDC+tcvPenHzMpY=
29,-10,An69AdYFXRtyG8Ja5rf60EgKm3s=,fHSXXFwtxCltbDC+tcvPenHzMpY=
28,-10,An69AdYFXRtyG8Ja5rf60EgKm3s=,fHSXXFwtxCltbDC+tcvPenHzMpY=
26,-10,An69AdYFXRtyG8Ja5rf60EgKm3s=,fHSXXFwtxCltbDC+tcvPenHzMpY=
24,-8,An69AdYFXRtyG8Ja5rf60EgKm3s=,fHSXXFwtxCltbDC+tcvPenHzMpY=
27,-10,An69AdYFXRtyG8Ja5rf60EgKm3s=,fHSXXFwtxCltbDC+tcvPenHzMpY=
25,-10,An69AdYFXRtyG8Ja5rf60EgKm3s=,fHSXXFwtxCltbDC+tcvPenHzMpY=
18,-8,An69AdYFXRtyG8Ja5rf60EgKm3s=,fHSXXFwtxCltbDC+tcvPenHzMpY=
24,-10,An69AdYFXRtyG8Ja5rf60EgKm3s=,fHSXXFwtxCltbDC+tcvPenHzMpY=
23,-10,An69AdYFXRtyG8Ja5rf60EgKm3s=,fHSXXFwtxCltbDC+tcvPenHzMpY=
21,-10,An69AdYFXRtyG8Ja5rf60EgKm3s=,fHSXXFwtxCltbDC+tcvPenHzMpY=
22,-10,An69AdYFXRtyG8Ja5rf60EgKm3s=,fHSXXFwtxCltbDC+tcvPenHzMpY=
20,-10,An69AdYFXRtyG8Ja5rf60EgKm3s=,fHSXXFwtxCltbDC+tcvPenHzMpY=
17,-10,An69AdYFXRtyG8Ja5rf60EgKm3s=,fHSXXFwtxCltbDC+tcvPenHzMpY=
19,-10,An69AdYFXRtyG8Ja5rf60EgKm3s=,fHSXXFwtxCltbDC+tcvPenHzMpY=
16,-10,An69AdYFXRtyG8Ja5rf60EgKm3s=,fHSXXFwtxCltbDC+tcvPenHzMpY=
18,-10,An69AdYFXRtyG8Ja5rf60EgKm3s=,fHSXXFwtxCltbDC+tcvPenHzMpY=
31,-11,An69AdYFXRtyG8Ja5rf60EgKm3s=,fHSXXFwtxCltbDC+tcvPenHzMpY=
30,-11,An69AdYFXRtyG8Ja5rf60EgKm3s=,fHSXXFwtxCltbDC+tcvPenHzMpY=
22,-16,An69AdYFXRtyG8Ja5rf60EgKm3s=,fHSXXFwtxCltbDC+tcvPenHzMpY=
29,-11,An69AdYFXRtyG8Ja5rf60EgKm3s=,fHSXXFwtxCltbDC+tcvPenHzMpY=
28,-11,An69AdYFXRtyG8Ja5rf60EgKm3s=,fHSXXFwtxCltbDC+tcvPenHzMpY=
27,-11,An69AdYFXRtyG8Ja5rf60EgKm3s=,fHSXXFwtxCltbDC+tcvPenHzMpY=
25,-11,An69AdYFXRtyG8Ja5rf60EgKm3s=,fHSXXFwtxCltbDC+tcvPenHzMpY=
26,-11,An69AdYFXRtyG8Ja5rf60EgKm3s=,fHSXXFwtxCltbDC+tcvPenHzMpY=
24,-11,An69AdYFXRtyG8Ja5rf60EgKm3s=,fHSXXFwtxCltbDC+tcvPenHzMpY=
23,-11,An69AdYFXRtyG8Ja5rf60EgKm3s=,fHSXXFwtxCltbDC+tcvPenHzMpY=
22,-11,An69AdYFXRtyG8Ja5rf60EgKm3s=,fHSXXFwtxCltbDC+tcvPenHzMpY=
21,-11,An69AdYFXRtyG8Ja5rf60EgKm3s=,fHSXXFwtxCltbDC+tcvPenHzMpY=
19,-11,An69AdYFXRtyG8Ja5rf60EgKm3s=,fHSXXFwtxCltbDC+tcvPenHzMpY=
18,-11,An69AdYFXRtyG8Ja5rf60EgKm3s=,fHSXXFwtxCltbDC+tcvPenHzMpY=
17,-11,An69AdYFXRtyG8Ja5rf60EgKm3s=,fHSXXFwtxCltbDC+tcvPenHzMpY=
20,-11,An69AdYFXRtyG8Ja5rf60EgKm3s=,fHSXXFwtxCltbDC+tcvPenHzMpY=
31,-12,An69AdYFXRtyG8Ja5rf60EgKm3s=,fHSXXFwtxCltbDC+tcvPenHzMpY=
19,-8,An69AdYFXRtyG8Ja5rf60EgKm3s=,fHSXXFwtxCltbDC+tcvPenHzMpY=
30,-12,An69AdYFXRtyG8Ja5rf60EgKm3s=,fHSXXFwtxCltbDC+tcvPenHzMpY=
16,-11,An69AdYFXRtyG8Ja5rf60EgKm3s=,fHSXXFwtxCltbDC+tcvPenHzMpY=
21,-16,An69AdYFXRtyG8Ja5rf60EgKm3s=,fHSXXFwtxCltbDC+tcvPenHzMpY=
29,-12,An69AdYFXRtyG8Ja5rf60EgKm3s=,fHSXXFwtxCltbDC+tcvPenHzMpY=
28,-12,An69AdYFXRtyG8Ja5rf60EgKm3s=,fHSXXFwtxCltbDC+tcvPenHzMpY=
27,-12,An69AdYFXRtyG8Ja5rf60EgKm3s=,fHSXXFwtxCltbDC+tcvPenHzMpY=
26,-12,An69AdYFXRtyG8Ja5rf60EgKm3s=,fHSXXFwtxCltbDC+tcvPenHzMpY=
24,-12,An69AdYFXRtyG8Ja5rf60EgKm3s=,fHSXXFwtxCltbDC+tcvPenHzMpY=
22,-12,An69AdYFXRtyG8Ja5rf60EgKm3s=,fHSXXFwtxCltbDC+tcvPenHzMpY=
25,-12,An69AdYFXRtyG8Ja5rf60EgKm3s=,fHSXXFwtxCltbDC+tcvPenHzMpY=
23,-12,An69AdYFXRtyG8Ja5rf60EgKm3s=,fHSXXFwtxCltbDC+tcvPenHzMpY=
20,-12,An69AdYFXRtyG8Ja5rf60EgKm3s=,fHSXXFwtxCltbDC+tcvPenHzMpY=
21,-12,An69AdYFXRtyG8Ja5rf60EgKm3s=,fHSXXFwtxCltbDC+tcvPenHzMpY=
19,-12,An69AdYFXRtyG8Ja5rf60EgKm3s=,fHSXXFwtxCltbDC+tcvPenHzMpY=
18,-12,An69AdYFXRtyG8Ja5rf60EgKm3s=,fHSXXFwtxCltbDC+tcvPenHzMpY=
31,-13,An69AdYFXRtyG8Ja5rf60EgKm3s=,fHSXXFwtxCltbDC+tcvPenHzMpY=
17,-12,An69AdYFXRtyG8Ja5rf60EgKm3s=,fHSXXFwtxCltbDC+tcvPenHzMpY=
30,-13,An69AdYFXRtyG8Ja5rf60EgKm3s=,fHSXXFwtxCltbDC+tcvPenHzMpY=
20,-16,An69AdYFXRtyG8Ja5rf60EgKm3s=,fHSXXFwtxCltbDC+tcvPenHzMpY=
16,-12,An69AdYFXRtyG8Ja5rf60EgKm3s=,fHSXXFwtxCltbDC+tcvPenHzMpY=
29,-13,An69AdYFXRtyG8Ja5rf60EgKm3s=,fHSXXFwtxCltbDC+tcvPenHzMpY=
26,-13,An69AdYFXRtyG8Ja5rf60EgKm3s=,fHSXXFwtxCltbDC+tcvPenHzMpY=
28,-13,An69AdYFXRtyG8Ja5rf60EgKm3s=,fHSXXFwtxCltbDC+tcvPenHzMpY=
24,-13,An69AdYFXRtyG8Ja5rf60EgKm3s=,fHSXXFwtxCltbDC+tcvPenHzMpY=
27,-13,An69AdYFXRtyG8Ja5rf60EgKm3s=,fHSXXFwtxCltbDC+tcvPenHzMpY=
23,-13,An69AdYFXRtyG8Ja5rf60EgKm3s=,fHSXXFwtxCltbDC+tcvPenHzMpY=
22,-13,An69AdYFXRtyG8Ja5rf60EgKm3s=,fHSXXFwtxCltbDC+tcvPenHzMpY=
25,-13,An69AdYFXRtyG8Ja5rf60EgKm3s=,fHSXXFwtxCltbDC+tcvPenHzMpY=
20,-13,An69AdYFXRtyG8Ja5rf60EgKm3s=,fHSXXFwtxCltbDC+tcvPenHzMpY=
21,-13,An69AdYFXRtyG8Ja5rf60EgKm3s=,fHSXXFwtxCltbDC+tcvPenHzMpY=
18,-13,An69AdYFXRtyG8Ja5rf60EgKm3s=,fHSXXFwtxCltbDC+tcvPenHzMpY=
17,-13,An69AdYFXRtyG8Ja5rf60EgKm3s=,fHSXXFwtxCltbDC+tcvPenHzMpY=
19,-13,An69AdYFXRtyG8Ja5rf60EgKm3s=,fHSXXFwtxCltbDC+tcvPenHzMpY=
16,-13,An69AdYFXRtyG8Ja5rf60EgKm3s=,fHSXXFwtxCltbDC+tcvPenHzMpY=
30,-14,An69AdYFXRtyG8Ja5rf60EgKm3s=,fHSXXFwtxCltbDC+tcvPenHzMpY=
31,-14,An69AdYFXRtyG8Ja5rf60EgKm3s=,fHSXXFwtxCltbDC+tcvPenHzMpY=
17,-8,An69AdYFXRtyG8Ja5rf60EgKm3s=,fHSXXFwtxCltbDC+tcvPenHzMpY=
19,-16,An69AdYFXRtyG8Ja5rf60EgKm3s=,fHSXXFwtxCltbDC+tcvPenHzMpY=
28,-14,An69AdYFXRtyG8Ja5rf60EgKm3s=,fHSXXFwtxCltbDC+tcvPenHzMpY=
29,-14,An69AdYFXRtyG8Ja5rf60EgKm3s=,fHSXXFwtxCltbDC+tcvPenHzMpY=
27,-14,An69AdYFXRtyG8Ja5rf60EgKm3s=,fHSXXFwtxCltbDC+tcvPenHzMpY=
18,-16,An69AdYFXRtyG8Ja5rf60EgKm3s=,fHSXXFwtxCltbDC+tcvPenHzMpY=
25,-14,An69AdYFXRtyG8Ja5rf60EgKm3s=,fHSXXFwtxCltbDC+tcvPenHzMpY=
24,-14,An69AdYFXRtyG8Ja5rf60EgKm3s=,fHSXXFwtxCltbDC+tcvPenHzMpY=
23,-14,An69AdYFXRtyG8Ja5rf60EgKm3s=,fHSXXFwtxCltbDC+tcvPenHzMpY=
22,-14,An69AdYFXRtyG8Ja5rf60EgKm3s=,fHSXXFwtxCltbDC+tcvPenHzMpY=
21,-14,An69AdYFXRtyG8Ja5rf60EgKm3s=,fHSXXFwtxCltbDC+tcvPenHzMpY=
26,-14,An69AdYFXRtyG8Ja5rf60EgKm3s=,fHSXXFwtxCltbDC+tcvPenHzMpY=
20,-14,An69AdYFXRtyG8Ja5rf60EgKm3s=,fHSXXFwtxCltbDC+tcvPenHzMpY=
19,-14,An69AdYFXRtyG8Ja5rf60EgKm3s=,fHSXXFwtxCltbDC+tcvPenHzMpY=
16,-14,An69AdYFXRtyG8Ja5rf60EgKm3s=,fHSXXFwtxCltbDC+tcvPenHzMpY=
17,-14,An69AdYFXRtyG8Ja5rf60EgKm3s=,fHSXXFwtxCltbDC+tcvPenHzMpY=
16,-8,An69AdYFXRtyG8Ja5rf60EgKm3s=,fHSXXFwtxCltbDC+tcvPenHzMpY=
30,-15,An69AdYFXRtyG8Ja5rf60EgKm3s=,fHSXXFwtxCltbDC+tcvPenHzMpY=
18,-14,An69AdYFXRtyG8Ja5rf60EgKm3s=,fHSXXFwtxCltbDC+tcvPenHzMpY=
31,-15,An69AdYFXRtyG8Ja5rf60EgKm3s=,fHSXXFwtxCltbDC+tcvPenHzMpY=
19,-6,An69AdYFXRtyG8Ja5rf60EgKm3s=,fHSXXFwtxCltbDC+tcvPenHzMpY=
27,-1,An69AdYFXRtyG8Ja5rf60EgKm3s=,fHSXXFwtxCltbDC+tcvPenHzMpY=
