10,1,atHNbA87Q/LiI4XTGSYzkekOoRU=,+Tu53D2X9350mEO622H6OiU8wA4=
11,5,atHNbA87Q/LiI4XTGSYzkekOoRU=,+Tu53D2X9350mEO622H6OiU8wA4=
14,6,atHNbA87Q/LiI4XTGSYzkekOoRU=,+Tu53D2X9350mEO622H6OiU8wA4=
11,1,atHNbA87Q/LiI4XTGSYzkekOoRU=,+Tu53D2X9350mEO622H6OiU8wA4=
13,5,atHNbA87Q/LiI4XTGSYzkekOoRU=,+Tu53D2X9350mEO622H6OiU8wA4=
9,5,atHNbA87Q/LiI4XTGSYzkekOoRU=,+Tu53D2X9350mEO622H6OiU8wA4=
10,5,atHNbA87Q/LiI4XTGSYzkekOoRU=,+Tu53D2X9350mEO622H6OiU8wA4=
14,5,atHNbA87Q/LiI4XTGSYzkekOoRU=,+Tu53D2X9350mEO622H6OiU8wA4=
10,3,atHNbA87Q/LiI4XTGSYzkekOoRU=,+Tu53D2X9350mEO622H6OiU8wA4=
13,4,atHNbA87Q/LiI4XTGSYzkekOoRU=,+Tu53D2X9350mEO622H6OiU8wA4=
11,3,atHNbA87Q/LiI4XTGSYzkekOoRU=,+Tu53D2X9350mEO622H6OiU8wA4=
9,3,atHNbA87Q/LiI4XTGSYzkekOoRU=,+Tu53D2X9350mEO622H6OiU8wA4=
13,6,atHNbA87Q/LiI4XTGSYzkekOoRU=,+Tu53D2X9350mEO622H6OiU8wA4=
14,4,atHNbA87Q/LiI4XTGSYzkekOoRU=,+Tu53D2X9350mEO622H6OiU8wA4=
12,5,atHNbA87Q/LiI4XTGSYzkekOoRU=,+Tu53D2X9350mEO622H6OiU8wA4=
14,2,atHNbA87Q/LiI4XTGSYzkekOoRU=,+Tu53D2X9350mEO622H6OiU8wA4=
12,4,atHNbA87Q/LiI4XTGSYzkekOoRU=,+Tu53D2X9350mEO622H6OiU8wA4=
13,2,atHNbA87Q/LiI4XTGSYzkekOoRU=,+Tu53D2X9350mEO622H6OiU8wA4=
11,2,atHNbA87Q/LiI4XTGSYzkekOoRU=,+Tu53D2X9350mEO622H6OiU8wA4=
12,2,atHNbA87Q/LiI4XTGSYzkekOoRU=,+Tu53D2X9350mEO622H6OiU8wA4=
9,2,atHNbA87Q/LiI4XTGSYzkekOoRU=,+Tu53D2X9350mEO622H6OiU8wA4=
12,6,atHNbA87Q/LiI4XTGSYzkekOoRU=,+Tu53D2X9350mEO622H6OiU8wA4=
11,4,atHNbA87Q/LiI4XTGSYzkekOoRU=,+Tu53D2X9350mEO622H6OiU8wA4=
10,2,atHNbA87Q/LiI4XTGSYzkekOoRU=,+Tu53D2X9350mEO622H6OiU8wA4=
14,1,atHNbA87Q/LiI4XTGSYzkekOoRU=,+Tu53D2X9350mEO622H6OiU8wA4=
9,4,atHNbA87Q/LiI4XTGSYzkekOoRU=,+Tu53D2X9350mEO622H6OiU8wA4=
10,4,atHNbA87Q/LiI4XTGSYzkekOoRU=,+Tu53D2X9350mEO622H6OiU8wA4=
13,3,atHNbA87Q/LiI4XTGSYzkekOoRU=,+Tu53D2X9350mEO622H6OiU8wA4=
13,1,atHNbA87Q/LiI4XTGSYzkekOoRU=,+Tu53D2X9350mEO622H6OiU8wA4=
14,3,atHNbA87Q/LiI4XTGSYzkekOoRU=,+Tu53D2X9350mEO622H6OiU8wA4=
12,1,atHNbA87Q/LiI4XTGSYzkekOoRU=,+Tu53D2X9350mEO622H6OiU8wA4=
12,3,atHNbA87Q/LiI4XTGSYzkekOoRU=,+Tu53D2X9350mEO622H6OiU8wA4=
11,6,atHNbA87Q/LiI4XTGSYzkekOoRU=,+Tu53D2X9350mEO622H6OiU8wA4=
9,1,atHNbA87Q/LiI4XTGSYzkekOoRU=,+Tu53D2X9350mEO622H6OiU8wA4=
10,6,atHNbA87Q/LiI4XTGSYzkekOoRU=,+Tu53D2X9350mEO622H6OiU8wA4=
15,1,atHNbA87Q/LiI4XTGSYzkekOoRU=,+Tu53D2X9350mEO622H6OiU8wA4=
15,5,atHNbA87Q/LiI4XTGSYzkekOoRU=,+Tu53D2X9350mEO622H6OiU8wA4=
15,2,atHNbA87Q/LiI4XTGSYzkekOoRU=,+Tu53D2X9350mEO622H6OiU8wA4=
9,6,atHNbA87Q/LiI4XTGSYzkekOoRU=,+Tu53D2X9350mEO622H6OiU8wA4=
15,3,atHNbA87Q/LiI4XTGSYzkekOoRU=,+Tu53D2X9350mEO622H6OiU8wA4=
15,6,atHNbA87Q/LiI4XTGSYzkekOoRU=,+Tu53D2X9350mEO622H6OiU8wA4=
15,4,atHNbA87Q/LiI4XTGSYzkekOoRU=,+Tu53D2X9350mEO622H6OiU8wA4=
4,4,atHNbA87Q/LiI4XTGSYzkekOoRU=,PZIbfOZyUAESxaI9u8LzT/At2AU=
1,2,atHNbA87Q/LiI4XTGSYzkekOoRU=,PZIbfOZyUAESxaI9u8LzT/At2AU=
3,1,atHNbA87Q/LiI4XTGSYzkekOoRU=,PZIbfOZyUAESxaI9u8LzT/At2AU=
7,3,atHNbA87Q/LiI4XTGSYzkekOoRU=,PZIbfOZyUAESxaI9u8LzT/At2AU=
8,6,atHNbA87Q/LiI4XTGSYzkekOoRU=,+Tu53D2X9350mEO622H6OiU8wA4=
4,0,atHNbA87Q/LiI4XTGSYzkekOoRU=,PZIbfOZyUAESxaI9u8LzT/At2AU=
2,1,atHNbA87Q/LiI4XTGSYzkekOoRU=,PZIbfOZyUAESxaI9u8LzT/At2AU=
6,3,atHNbA87Q/LiI4XTGSYzkekOoRU=,PZIbfOZyUAESxaI9u8LzT/At2AU=
6,0,atHNbA87Q/LiI4XTGSYzkekOoRU=,PZIbfOZyUAESxaI9u8LzT/At2AU=
4,12,atHNbA87Q/LiI4XTGSYzkekOoRU=,8c41XIUq8VRvxn7o92L+rgKIPgI=
2,0,atHNbA87Q/LiI4XTGSYzkekOoRU=,PZIbfOZyUAESxaI9u8LzT/At2AU=
2,4,atHNbA87Q/LiI4XTGSYzkekOoRU=,PZIbfOZyUAESxaI9u8LzT/At2AU=
3,0,atHNbA87Q/LiI4XTGSYzkekOoRU=,PZIbfOZyUAESxaI9u8LzT/At2AU=
5,4,atHNbA87Q/LiI4XTGSYzkekOoRU=,PZIbfOZyUAESxaI9u8LzT/At2AU=
5,0,atHNbA87Q/LiI4XTGSYzkekOoRU=,PZIbfOZyUAESxaI9u8LzT/At2AU=
5,12,atHNbA87Q/LiI4XTGSYzkekOoRU=,8c41XIUq8VRvxn7o92L+rgKIPgI=
3,5,atHNbA87Q/LiI4XTGSYzkekOoRU=,PZIbfOZyUAESxaI9u8LzT/At2AU=
1,0,atHNbA87Q/LiI4XTGSYzkekOoRU=,PZIbfOZyUAESxaI9u8LzT/At2AU=
3,3,atHNbA87Q/LiI4XTGSYzkekOoRU=,PZIbfOZyUAESxaI9u8LzT/At2AU=
3,4,atHNbA87Q/LiI4XTGSYzkekOoRU=,PZIbfOZyUAESxaI9u8LzT/At2AU=
6,12,atHNbA87Q/LiI4XTGSYzkekOoRU=,8c41XIUq8VRvxn7o92L+rgKIPgI=
8,5,atHNbA87Q/LiI4XTGSYzkekOoRU=,+Tu53D2X9350mEO622H6OiU8wA4=
4,2,atHNbA87Q/LiI4XTGSYzkekOoRU=,PZIbfOZyUAESxaI9u8LzT/At2AU=
5,3,atHNbA87Q/LiI4XTGSYzkekOoRU=,PZIbfOZyUAESxaI9u8LzT/At2AU=
8,2,atHNbA87Q/LiI4XTGSYzkekOoRU=,+Tu53D2X9350mEO622H6OiU8wA4=
4,3,atHNbA87Q/LiI4XTGSYzkekOoRU=,PZIbfOZyUAESxaI9u8LzT/At2AU=
8,3,atHNbA87Q/LiI4XTGSYzkekOoRU=,+Tu53D2X9350mEO622H6OiU8wA4=
3,6,atHNbA87Q/LiI4XTGSYzkekOoRU=,PZIbfOZyUAESxaI9u8LzT/At2AU=
5,1,atHNbA87Q/LiI4XTGSYzkekOoRU=,PZIbfOZyUAESxaI9u8LzT/At2AU=
2,3,atHNbA87Q/LiI4XTGSYzkekOoRU=,PZIbfOZyUAESxaI9u8LzT/At2AU=
1,13,atHNbA87Q/LiI4XTGSYzkekOoRU=,8c41XIUq8VRvxn7o92L+rgKIPgI=
1,6,atHNbA87Q/LiI4XTGSYzkekOoRU=,PZIbfOZyUAESxaI9u8LzT/At2AU=
4,1,atHNbA87Q/LiI4XTGSYzkekOoRU=,PZIbfOZyUAESxaI9u8LzT/At2AU=
1,3,atHNbA87Q/LiI4XTGSYzkekOoRU=,PZIbfOZyUAESxaI9u8LzT/At2AU=
3,9,atHNbA87Q/LiI4XTGSYzkekOoRU=,8c41XIUq8VRvxn7o92L+rgKIPgI=
4,5,atHNbA87Q/LiI4XTGSYzkekOoRU=,PZIbfOZyUAESxaI9u8LzT/At2AU=
2,5,atHNbA87Q/LiI4XTGSYzkekOoRU=,PZIbfOZyUAESxaI9u8LzT/At2AU=
2,6,atHNbA87Q/LiI4XTGSYzkekOoRU=,PZIbfOZyUAESxaI9u8LzT/At2AU=
7,6,atHNbA87Q/LiI4XTGSYzkekOoRU=,PZIbfOZyUAESxaI9u8LzT/At2AU=
2,13,atHNbA87Q/LiI4XTGSYzkekOoRU=,8c41XIUq8VRvxn7o92L+rgKIPgI=
6,6,atHNbA87Q/LiI4XTGSYzkekOoRU=,PZIbfOZyUAESxaI9u8LzT/At2AU=
3,2,atHNbA87Q/LiI4XTGSYzkekOoRU=,PZIbfOZyUAESxaI9u8LzT/At2AU=
1,5,atHNbA87Q/LiI4XTGSYzkekOoRU=,PZIbfOZyUAESxaI9u8LzT/At2AU=
8,4,atHNbA87Q/LiI4XTGSYzkekOoRU=,+Tu53D2X9350mEO622H6OiU8wA4=
1,4,atHNbA87Q/LiI4XTGSYzkekOoRU=,PZIbfOZyUAESxaI9u8LzT/At2AU=
7,1,atHNbA87Q/LiI4XTGSYzkekOoRU=,PZIbfOZyUAESxaI9u8LzT/At2AU=
6,1,atHNbA87Q/LiI4XTGSYzkekOoRU=,PZIbfOZyUAESxaI9u8LzT/At2AU=
3,13,atHNbA87Q/LiI4XTGSYzkekOoRU=,8c41XIUq8VRvxn7o92L+rgKIPgI=
5,2,atHNbA87Q/LiI4XTGSYzkekOoRU=,PZIbfOZyUAESxaI9u8LzT/At2AU=
7,2,atHNbA87Q/LiI4XTGSYzkekOoRU=,PZIbfOZyUAESxaI9u8LzT/At2AU=
1,1,atHNbA87Q/LiI4XTGSYzkekOoRU=,PZIbfOZyUAESxaI9u8LzT/At2AU=
6,4,atHNbA87Q/LiI4XTGSYzkekOoRU=,PZIbfOZyUAESxaI9u8LzT/At2AU=
7,5,atHNbA87Q/LiI4XTGSYzkekOoRU=,PZIbfOZyUAESxaI9u8LzT/At2AU=
6,2,atHNbA87Q/LiI4XTGSYzkekOoRU=,PZIbfOZyUAESxaI9u8LzT/At2AU=
6,5,atHNbA87Q/LiI4XTGSYzkekOoRU=,PZIbfOZyUAESxaI9u8LzT/At2AU=
7,4,atHNbA87Q/LiI4XTGSYzkekOoRU=,PZIbfOZyUAESxaI9u8LzT/At2AU=
4,13,atHNbA87Q/LiI4XTGSYzkekOoRU=,8c41XIUq8VRvxn7o92L+rgKIPgI=
2,9,atHNbA87Q/LiI4XTGSYzkekOoRU=,8c41XIUq8VRvxn7o92L+rgKIPgI=
5,5,atHNbA87Q/LiI4XTGSYzkekOoRU=,PZIbfOZyUAESxaI9u8LzT/At2AU=
8,1,atHNbA87Q/LiI4XTGSYzkekOoRU=,+Tu53D2X9350mEO622H6OiU8wA4=
2,2,atHNbA87Q/LiI4XTGSYzkekOoRU=,PZIbfOZyUAESxaI9u8LzT/At2AU=
5,10,atHNbA87Q/LiI4XTGSYzkekOoRU=,8c41XIUq8VRvxn7o92L+rgKIPgI=
5,6,atHNbA87Q/LiI4XTGSYzkekOoRU=,PZIbfOZyUAESxaI9u8LzT/At2AU=
3,8,atHNbA87Q/LiI4XTGSYzkekOoRU=,8c41XIUq8VRvxn7o92L+rgKIPgI=
2,12,atHNbA87Q/LiI4XTGSYzkekOoRU=,8c41XIUq8VRvxn7o92L+rgKIPgI=
2,7,atHNbA87Q/LiI4XTGSYzkekOoRU=,PZIbfOZyUAESxaI9u8LzT/At2AU=
4,6,atHNbA87Q/LiI4XTGSYzkekOoRU=,PZIbfOZyUAESxaI9u8LzT/At2AU=
1,7,atHNbA87Q/LiI4XTGSYzkekOoRU=,PZIbfOZyUAESxaI9u8LzT/At2AU=
6,11,atHNbA87Q/LiI4XTGSYzkekOoRU=,8c41XIUq8VRvxn7o92L+rgKIPgI=
5,9,atHNbA87Q/LiI4XTGSYzkekOoRU=,8c41XIUq8VRvxn7o92L+rgKIPgI=
3,7,atHNbA87Q/LiI4XTGSYzkekOoRU=,PZIbfOZyUAESxaI9u8LzT/At2AU=
3,12,atHNbA87Q/LiI4XTGSYzkekOoRU=,8c41XIUq8VRvxn7o92L+rgKIPgI=
5,11,atHNbA87Q/LiI4XTGSYzkekOoRU=,8c41XIUq8VRvxn7o92L+rgKIPgI=
6,9,atHNbA87Q/LiI4XTGSYzkekOoRU=,8c41XIUq8VRvxn7o92L+rgKIPgI=
4,11,atHNbA87Q/LiI4XTGSYzkekOoRU=,8c41XIUq8VRvxn7o92L+rgKIPgI=
1,9,atHNbA87Q/LiI4XTGSYzkekOoRU=,8c41XIUq8VRvxn7o92L+rgKIPgI=
4,9,atHNbA87Q/LiI4XTGSYzkekOoRU=,8c41XIUq8VRvxn7o92L+rgKIPgI=
1,8,atHNbA87Q/LiI4XTGSYzkekOoRU=,8c41XIUq8VRvxn7o92L+rgKIPgI=
6,10,atHNbA87Q/LiI4XTGSYzkekOoRU=,8c41XIUq8VRvxn7o92L+rgKIPgI=
6,8,atHNbA87Q/LiI4XTGSYzkekOoRU=,8c41XIUq8VRvxn7o92L+rgKIPgI=
2,8,atHNbA87Q/LiI4XTGSYzkekOoRU=,8c41XIUq8VRvxn7o92L+rgKIPgI=
5,14,atHNbA87Q/LiI4XTGSYzkekOoRU=,8c41XIUq8VRvxn7o92L+rgKIPgI=
4,10,atHNbA87Q/LiI4XTGSYzkekOoRU=,8c41XIUq8VRvxn7o92L+rgKIPgI=
6,14,atHNbA87Q/LiI4XTGSYzkekOoRU=,8c41XIUq8VRvxn7o92L+rgKIPgI=
1,12,atHNbA87Q/LiI4XTGSYzkekOoRU=,8c41XIUq8VRvxn7o92L+rgKIPgI=
1,10,atHNbA87Q/LiI4XTGSYzkekOoRU=,8c41XIUq8VRvxn7o92L+rgKIPgI=
2,10,atHNbA87Q/LiI4XTGSYzkekOoRU=,8c41XIUq8VRvxn7o92L+rgKIPgI=
4,14,atHNbA87Q/LiI4XTGSYzkekOoRU=,8c41XIUq8VRvxn7o92L+rgKIPgI=
3,10,atHNbA87Q/LiI4XTGSYzkekOoRU=,8c41XIUq8VRvxn7o92L+rgKIPgI=
4,8,atHNbA87Q/LiI4XTGSYzkekOoRU=,8c41XIUq8VRvxn7o92L+rgKIPgI=
3,14,atHNbA87Q/LiI4XTGSYzkekOoRU=,8c41XIUq8VRvxn7o92L+rgKIPgI=
4,7,atHNbA87Q/LiI4XTGSYzkekOoRU=,PZIbfOZyUAESxaI9u8LzT/At2AU=
5,13,atHNbA87Q/LiI4XTGSYzkekOoRU=,8c41XIUq8VRvxn7o92L+rgKIPgI=
6,7,atHNbA87Q/LiI4XTGSYzkekOoRU=,PZIbfOZyUAESxaI9u8LzT/At2AU=
1,11,atHNbA87Q/LiI4XTGSYzkekOoRU=,8c41XIUq8VRvxn7o92L+rgKIPgI=
5,8,atHNbA87Q/LiI4XTGSYzkekOoRU=,8c41XIUq8VRvxn7o92L+rgKIPgI=
5,7,atHNbA87Q/LiI4XTGSYzkekOoRU=,PZIbfOZyUAESxaI9u8LzT/At2AU=
2,14,atHNbA87Q/LiI4XTGSYzkekOoRU=,8c41XIUq8VRvxn7o92L+rgKIPgI=
6,13,atHNbA87Q/LiI4XTGSYzkekOoRU=,8c41XIUq8VRvxn7o92L+rgKIPgI=
0,6,atHNbA87Q/LiI4XTGSYzkekOoRU=,PZIbfOZyUAESxaI9u8LzT/At2AU=
1,14,atHNbA87Q/LiI4XTGSYzkekOoRU=,8c41XIUq8VRvxn7o92L+rgKIPgI=
3,11,atHNbA87Q/LiI4XTGSYzkekOoRU=,8c41XIUq8VRvxn7o92L+rgKIPgI=
0,1,atHNbA87Q/LiI4XTGSYzkekOoRU=,PZIbfOZyUAESxaI9u8LzT/At2AU=
0,4,atHNbA87Q/LiI4XTGSYzkekOoRU=,PZIbfOZyUAESxaI9u8LzT/At2AU=
2,11,atHNbA87Q/LiI4XTGSYzkekOoRU=,8c41XIUq8VRvxn7o92L+rgKIPgI=
0,3,atHNbA87Q/LiI4XTGSYzkekOoRU=,PZIbfOZyUAESxaI9u8LzT/At2AU=
0,5,atHNbA87Q/LiI4XTGSYzkekOoRU=,PZIbfOZyUAESxaI9u8LzT/At2AU=
0,2,atHNbA87Q/LiI4XTGSYzkekOoRU=,PZIbfOZyUAESxaI9u8LzT/At2AU=
10,8,atHNbA87Q/LiI4XTGSYzkekOoRU=,ZEiq13MSSkWya9EjciJOGPdrLcw=
7,9,atHNbA87Q/LiI4XTGSYzkekOoRU=,8c41XIUq8VRvxn7o92L+rgKIPgI=
11,8,atHNbA87Q/LiI4XTGSYzkekOoRU=,ZEiq13MSSkWya9EjciJOGPdrLcw=
9,8,atHNbA87Q/LiI4XTGSYzkekOoRU=,ZEiq13MSSkWya9EjciJOGPdrLcw=
7,8,atHNbA87Q/LiI4XTGSYzkekOoRU=,8c41XIUq8VRvxn7o92L+rgKIPgI=
11,14,atHNbA87Q/LiI4XTGSYzkekOoRU=,ZEiq13MSSkWya9EjciJOGPdrLcw=
7,11,atHNbA87Q/LiI4XTGSYzkekOoRU=,8c41XIUq8VRvxn7o92L+rgKIPgI=
14,7,atHNbA87Q/LiI4XTGSYzkekOoRU=,+Tu53D2X9350mEO622H6OiU8wA4=
8,8,atHNbA87Q/LiI4XTGSYzkekOoRU=,ZEiq13MSSkWya9EjciJOGPdrLcw=
10,14,atHNbA87Q/LiI4XTGSYzkekOoRU=,ZEiq13MSSkWya9EjciJOGPdrLcw=
7,14,atHNbA87Q/LiI4XTGSYzkekOoRU=,8c41XIUq8VRvxn7o92L+rgKIPgI=
11,13,atHNbA87Q/LiI4XTGSYzkekOoRU=,ZEiq13MSSkWya9EjciJOGPdrLcw=
14,13,atHNbA87Q/LiI4XTGSYzkekOoRU=,ZEiq13MSSkWya9EjciJOGPdrLcw=
8,14,atHNbA87Q/LiI4XTGSYzkekOoRU=,ZEiq13MSSkWya9EjciJOGPdrLcw=
9,14,atHNbA87Q/LiI4XTGSYzkekOoRU=,ZEiq13MSSkWya9EjciJOGPdrLcw=
10,13,atHNbA87Q/LiI4XTGSYzkekOoRU=,ZEiq13MSSkWya9EjciJOGPdrLcw=
12,13,atHNbA87Q/LiI4XTGSYzkekOoRU=,ZEiq13MSSkWya9EjciJOGPdrLcw=
9,15,atHNbA87Q/LiI4XTGSYzkekOoRU=,ZEiq13MSSkWya9EjciJOGPdrLcw=
11,11,atHNbA87Q/LiI4XTGSYzkekOoRU=,ZEiq13MSSkWya9EjciJOGPdrLcw=
13,7,atHNbA87Q/LiI4XTGSYzkekOoRU=,+Tu53D2X9350mEO622H6OiU8wA4=
9,13,atHNbA87Q/LiI4XTGSYzkekOoRU=,ZEiq13MSSkWya9EjciJOGPdrLcw=
10,11,atHNbA87Q/LiI4XTGSYzkekOoRU=,ZEiq13MSSkWya9EjciJOGPdrLcw=
14,12,atHNbA87Q/LiI4XTGSYzkekOoRU=,ZEiq13MSSkWya9EjciJOGPdrLcw=
13,13,atHNbA87Q/LiI4XTGSYzkekOoRU=,ZEiq13MSSkWya9EjciJOGPdrLcw=
13,12,atHNbA87Q/LiI4XTGSYzkekOoRU=,ZEiq13MSSkWya9EjciJOGPdrLcw=
11,10,atHNbA87Q/LiI4XTGSYzkekOoRU=,ZEiq13MSSkWya9EjciJOGPdrLcw=
8,13,atHNbA87Q/LiI4XTGSYzkekOoRU=,ZEiq13MSSkWya9EjciJOGPdrLcw=
10,15,atHNbA87Q/LiI4XTGSYzkekOoRU=,ZEiq13MSSkWya9EjciJOGPdrLcw=
12,12,atHNbA87Q/LiI4XTGSYzkekOoRU=,ZEiq13MSSkWya9EjciJOGPdrLcw=
11,12,atHNbA87Q/LiI4XTGSYzkekOoRU=,ZEiq13MSSkWya9EjciJOGPdrLcw=
10,10,atHNbA87Q/LiI4XTGSYzkekOoRU=,ZEiq13MSSkWya9EjciJOGPdrLcw=
10,12,atHNbA87Q/LiI4XTGSYzkekOoRU=,ZEiq13MSSkWya9EjciJOGPdrLcw=
12,7,atHNbA87Q/LiI4XTGSYzkekOoRU=,+Tu53D2X9350mEO622H6OiU8wA4=
9,12,atHNbA87Q/LiI4XTGSYzkekOoRU=,ZEiq13MSSkWya9EjciJOGPdrLcw=
11,15,atHNbA87Q/LiI4XTGSYzkekOoRU=,ZEiq13MSSkWya9EjciJOGPdrLcw=
12,11,atHNbA87Q/LiI4XTGSYzkekOoRU=,ZEiq13MSSkWya9EjciJOGPdrLcw=
8,10,atHNbA87Q/LiI4XTGSYzkekOoRU=,ZEiq13MSSkWya9EjciJOGPdrLcw=
7,7,atHNbA87Q/LiI4XTGSYzkekOoRU=,PZIbfOZyUAESxaI9u8LzT/At2AU=
14,11,atHNbA87Q/LiI4XTGSYzkekOoRU=,ZEiq13MSSkWya9EjciJOGPdrLcw=
8,12,atHNbA87Q/LiI4XTGSYzkekOoRU=,ZEiq13MSSkWya9EjciJOGPdrLcw=
9,10,atHNbA87Q/LiI4XTGSYzkekOoRU=,ZEiq13MSSkWya9EjciJOGPdrLcw=
13,11,atHNbA87Q/LiI4XTGSYzkekOoRU=,ZEiq13MSSkWya9EjciJOGPdrLcw=
12,15,atHNbA87Q/LiI4XTGSYzkekOoRU=,ZEiq13MSSkWya9EjciJOGPdrLcw=
14,9,atHNbA87Q/LiI4XTGSYzkekOoRU=,ZEiq13MSSkWya9EjciJOGPdrLcw=
12,14,atHNbA87Q/LiI4XTGSYzkekOoRU=,ZEiq13MSSkWya9EjciJOGPdrLcw=
13,14,atHNbA87Q/LiI4XTGSYzkekOoRU=,ZEiq13MSSkWya9EjciJOGPdrLcw=
13,9,atHNbA87Q/LiI4XTGSYzkekOoRU=,ZEiq13MSSkWya9EjciJOGPdrLcw=
11,7,atHNbA87Q/LiI4XTGSYzkekOoRU=,+Tu53D2X9350mEO622H6OiU8wA4=
14,14,atHNbA87Q/LiI4XTGSYzkekOoRU=,ZEiq13MSSkWya9EjciJOGPdrLcw=
12,9,atHNbA87Q/LiI4XTGSYzkekOoRU=,ZEiq13MSSkWya9EjciJOGPdrLcw=
13,15,atHNbA87Q/LiI4XTGSYzkekOoRU=,ZEiq13MSSkWya9EjciJOGPdrLcw=
7,10,atHNbA87Q/LiI4XTGSYzkekOoRU=,8c41XIUq8VRvxn7o92L+rgKIPgI=
8,9,atHNbA87Q/LiI4XTGSYzkekOoRU=,ZEiq13MSSkWya9EjciJOGPdrLcw=
7,13,atHNbA87Q/LiI4XTGSYzkekOoRU=,8c41XIUq8VRvxn7o92L+rgKIPgI=
9,9,atHNbA87Q/LiI4XTGSYzkekOoRU=,ZEiq13MSSkWya9EjciJOGPdrLcw=
11,9,atHNbA87Q/LiI4XTGSYzkekOoRU=,ZEiq13MSSkWya9EjciJOGPdrLcw=
10,9,atHNbA87Q/LiI4XTGSYzkekOoRU=,ZEiq13MSSkWya9EjciJOGPdrLcw=
14,10,atHNbA87Q/LiI4XTGSYzkekOoRU=,ZEiq13MSSkWya9EjciJOGPdrLcw=
10,7,atHNbA87Q/LiI4XTGSYzkekOoRU=,+Tu53D2X9350mEO622H6OiU8wA4=
9,11,atHNbA87Q/LiI4XTGSYzkekOoRU=,ZEiq13MSSkWya9EjciJOGPdrLcw=
14,15,atHNbA87Q/LiI4XTGSYzkekOoRU=,ZEiq13MSSkWya9EjciJOGPdrLcw=
8,11,atHNbA87Q/LiI4XTGSYzkekOoRU=,ZEiq13MSSkWya9EjciJOGPdrLcw=
12,10,atHNbA87Q/LiI4XTGSYzkekOoRU=,ZEiq13MSSkWya9EjciJOGPdrLcw=
13,10,atHNbA87Q/LiI4XTGSYzkekOoRU=,ZEiq13MSSkWya9EjciJOGPdrLcw=
14,8,atHNbA87Q/LiI4XTGSYzkekOoRU=,ZEiq13MSSkWya9EjciJOGPdrLcw=
12,8,atHNbA87Q/LiI4XTGSYzkekOoRU=,ZEiq13MSSkWya9EjciJOGPdrLcw=
7,12,atHNbA87Q/LiI4XTGSYzkekOoRU=,8c41XIUq8VRvxn7o92L+rgKIPgI=
13,8,atHNbA87Q/LiI4XTGSYzkekOoRU=,ZEiq13MSSkWya9EjciJOGPdrLcw=
6,15,atHNbA87Q/LiI4XTGSYzkekOoRU=,8c41XIUq8VRvxn7o92L+rgKIPgI=
7,15,atHNbA87Q/LiI4XTGSYzkekOoRU=,8c41XIUq8VRvxn7o92L+rgKIPgI=
9,7,atHNbA87Q/LiI4XTGSYzkekOoRU=,+Tu53D2X9350mEO622H6OiU8wA4=
8,7,atHNbA87Q/LiI4XTGSYzkekOoRU=,+Tu53D2X9350mEO622H6OiU8wA4=
5,15,atHNbA87Q/LiI4XTGSYzkekOoRU=,8c41XIUq8VRvxn7o92L+rgKIPgI=
8,15,atHNbA87Q/LiI4XTGSYzkekOoRU=,ZEiq13MSSkWya9EjciJOGPdrLcw=
0,13,atHNbA87Q/LiI4XTGSYzkekOoRU=,8c41XIUq8VRvxn7o92L+rgKIPgI=
0,15,atHNbA87Q/LiI4XTGSYzkekOoRU=,8c41XIUq8VRvxn7o92L+rgKIPgI=
0,9,atHNbA87Q/LiI4XTGSYzkekOoRU=,8c41XIUq8VRvxn7o92L+rgKIPgI=
15,0,atHNbA87Q/LiI4XTGSYzkekOoRU=,+Tu53D2X9350mEO622H6OiU8wA4=
12,0,atHNbA87Q/LiI4XTGSYzkekOoRU=,+Tu53D2X9350mEO622H6OiU8wA4=
13,0,atHNbA87Q/LiI4XTGSYzkekOoRU=,+Tu53D2X9350mEO622H6OiU8wA4=
14,0,atHNbA87Q/LiI4XTGSYzkekOoRU=,+Tu53D2X9350mEO622H6OiU8wA4=
0,7,atHNbA87Q/LiI4XTGSYzkekOoRU=,PZIbfOZyUAESxaI9u8LzT/At2AU=
0,14,atHNbA87Q/LiI4XTGSYzkekOoRU=,8c41XIUq8VRvxn7o92L+rgKIPgI=
15,7,atHNbA87Q/LiI4XTGSYzkekOoRU=,+Tu53D2X9350mEO622H6OiU8wA4=
15,15,atHNbA87Q/LiI4XTGSYzkekOoRU=,ZEiq13MSSkWya9EjciJOGPdrLcw=
0,8,atHNbA87Q/LiI4XTGSYzkekOoRU=,8c41XIUq8VRvxn7o92L+rgKIPgI=
1,15,atHNbA87Q/LiI4XTGSYzkekOoRU=,8c41XIUq8VRvxn7o92L+rgKIPgI=
0,10,atHNbA87Q/LiI4XTGSYzkekOoRU=,8c41XIUq8VRvxn7o92L+rgKIPgI=
8,0,atHNbA87Q/LiI4XTGSYzkekOoRU=,+Tu53D2X9350mEO622H6OiU8wA4=
0,11,atHNbA87Q/LiI4XTGSYzkekOoRU=,8c41XIUq8VRvxn7o92L+rgKIPgI=
0,12,atHNbA87Q/LiI4XTGSYzkekOoRU=,8c41XIUq8VRvxn7o92L+rgKIPgI=
7,0,atHNbA87Q/LiI4XTGSYzkekOoRU=,PZIbfOZyUAESxaI9u8LzT/At2AU=
0,0,atHNbA87Q/LiI4XTGSYzkekOoRU=,PZIbfOZyUAESxaI9u8LzT/At2AU=
2,15,atHNbA87Q/LiI4XTGSYzkekOoRU=,8c41XIUq8VRvxn7o92L+rgKIPgI=
15,10,atHNbA87Q/LiI4XTGSYzkekOoRU=,ZEiq13MSSkWya9EjciJOGPdrLcw=
15,14,atHNbA87Q/LiI4XTGSYzkekOoRU=,ZEiq13MSSkWya9EjciJOGPdrLcw=
11,0,atHNbA87Q/LiI4XTGSYzkekOoRU=,+Tu53D2X9350mEO622H6OiU8wA4=
10,0,atHNbA87Q/LiI4XTGSYzkekOoRU=,+Tu53D2X9350mEO622H6OiU8wA4=
15,9,atHNbA87Q/LiI4XTGSYzkekOoRU=,ZEiq13MSSkWya9EjciJOGPdrLcw=
15,12,atHNbA87Q/LiI4XTGSYzkekOoRU=,ZEiq13MSSkWya9EjciJOGPdrLcw=
15,8,atHNbA87Q/LiI4XTGSYzkekOoRU=,ZEiq13MSSkWya9EjciJOGPdrLcw=
15,13,atHNbA87Q/LiI4XTGSYzkekOoRU=,ZEiq13MSSkWya9EjciJOGPdrLcw=
15,11,atHNbA87Q/LiI4XTGSYzkekOoRU=,ZEiq13MSSkWya9EjciJOGPdrLcw=
9,0,atHNbA87Q/LiI4XTGSYzkekOoRU=,+Tu53D2X9350mEO622H6OiU8wA4=
4,15,atHNbA87Q/LiI4XTGSYzkekOoRU=,8c41XIUq8VRvxn7o92L+rgKIPgI=
3,15,atHNbA87Q/LiI4XTGSYzkekOoRU=,8c41XIUq8VRvxn7o92L+rgKIPgI=
1,25,rt0w6FseeRE+3YH2M6F6l7EwBCE=,EDCpclbLAvuP1WfYgeqh33l/WKY=
6,30,2A9Ynzyk4T1LlnsoD7AbHtT2G2w=,EDCpclbLAvuP1WfYgeqh33l/WKY=
5,30,rt0w6FseeRE+3YH2M6F6l7EwBCE=,EDCpclbLAvuP1WfYgeqh33l/WKY=
2,30,2A9Ynzyk4T1LlnsoD7AbHtT2G2w=,EDCpclbLAvuP1WfYgeqh33l/WKY=
3,30,/RJo8sGGJGQdVbg3kyeDbj1BBnk=,EDCpclbLAvuP1WfYgeqh33l/WKY=
4,30,rt0w6FseeRE+3YH2M6F6l7EwBCE=,EDCpclbLAvuP1WfYgeqh33l/WKY=
4,29,2A9Ynzyk4T1LlnsoD7AbHtT2G2w=,EDCpclbLAvuP1WfYgeqh33l/WKY=
3,29,2A9Ynzyk4T1LlnsoD7AbHtT2G2w=,EDCpclbLAvuP1WfYgeqh33l/WKY=
2,29,2A9Ynzyk4T1LlnsoD7AbHtT2G2w=,EDCpclbLAvuP1WfYgeqh33l/WKY=
1,30,/RJo8sGGJGQdVbg3kyeDbj1BBnk=,EDCpclbLAvuP1WfYgeqh33l/WKY=
5,29,2A9Ynzyk4T1LlnsoD7AbHtT2G2w=,EDCpclbLAvuP1WfYgeqh33l/WKY=
1,29,2A9Ynzyk4T1LlnsoD7AbHtT2G2w=,EDCpclbLAvuP1WfYgeqh33l/WKY=
6,29,nd9aDuVX/uzqT9PVeb6DbMuulZA=,EDCpclbLAvuP1WfYgeqh33l/WKY=
4,28,2A9Ynzyk4T1LlnsoD7AbHtT2G2w=,EDCpclbLAvuP1WfYgeqh33l/WKY=
3,28,2A9Ynzyk4T1LlnsoD7AbHtT2G2w=,EDCpclbLAvuP1WfYgeqh33l/WKY=
5,28,2A9Ynzyk4T1LlnsoD7AbHtT2G2w=,EDCpclbLAvuP1WfYgeqh33l/WKY=
5,27,2A9Ynzyk4T1LlnsoD7AbHtT2G2w=,EDCpclbLAvuP1WfYgeqh33l/WKY=
6,28,2A9Ynzyk4T1LlnsoD7AbHtT2G2w=,EDCpclbLAvuP1WfYgeqh33l/WKY=
6,27,2A9Ynzyk4T1LlnsoD7AbHtT2G2w=,EDCpclbLAvuP1WfYgeqh33l/WKY=
2,28,2A9Ynzyk4T1LlnsoD7AbHtT2G2w=,EDCpclbLAvuP1WfYgeqh33l/WKY=
1,28,2A9Ynzyk4T1LlnsoD7AbHtT2G2w=,EDCpclbLAvuP1WfYgeqh33l/WKY=
2,27,2A9Ynzyk4T1LlnsoD7AbHtT2G2w=,EDCpclbLAvuP1WfYgeqh33l/WKY=
4,27,2A9Ynzyk4T1LlnsoD7AbHtT2G2w=,EDCpclbLAvuP1WfYgeqh33l/WKY=
3,27,2A9Ynzyk4T1LlnsoD7AbHtT2G2w=,EDCpclbLAvuP1WfYgeqh33l/WKY=
6,26,2A9Ynzyk4T1LlnsoD7AbHtT2G2w=,EDCpclbLAvuP1WfYgeqh33l/WKY=
2,26,2A9Ynzyk4T1LlnsoD7AbHtT2G2w=,EDCpclbLAvuP1WfYgeqh33l/WKY=
1,27,2A9Ynzyk4T1LlnsoD7AbHtT2G2w=,EDCpclbLAvuP1WfYgeqh33l/WKY=
5,25,2A9Ynzyk4T1LlnsoD7AbHtT2G2w=,EDCpclbLAvuP1WfYgeqh33l/WKY=
5,26,2A9Ynzyk4T1LlnsoD7AbHtT2G2w=,EDCpclbLAvuP1WfYgeqh33l/WKY=
4,26,2A9Ynzyk4T1LlnsoD7AbHtT2G2w=,EDCpclbLAvuP1WfYgeqh33l/WKY=
3,26,2A9Ynzyk4T1LlnsoD7AbHtT2G2w=,EDCpclbLAvuP1WfYgeqh33l/WKY=
1,26,2A9Ynzyk4T1LlnsoD7AbHtT2G2w=,EDCpclbLAvuP1WfYgeqh33l/WKY=
4,25,2A9Ynzyk4T1LlnsoD7AbHtT2G2w=,EDCpclbLAvuP1WfYgeqh33l/WKY=
3,25,2A9Ynzyk4T1LlnsoD7AbHtT2G2w=,EDCpclbLAvuP1WfYgeqh33l/WKY=
2,25,2A9Ynzyk4T1LlnsoD7AbHtT2G2w=,EDCpclbLAvuP1WfYgeqh33l/WKY=
6,25,2A9Ynzyk4T1LlnsoD7AbHtT2G2w=,EDCpclbLAvuP1WfYgeqh33l/WKY=
12,29,2A9Ynzyk4T1LlnsoD7AbHtT2G2w=,Bf0NnKfX9AgqRddz2ZRmUQsLm38=
7,30,2A9Ynzyk4T1LlnsoD7AbHtT2G2w=,EDCpclbLAvuP1WfYgeqh33l/WKY=
11,29,2A9Ynzyk4T1LlnsoD7AbHtT2G2w=,Bf0NnKfX9AgqRddz2ZRmUQsLm38=
10,29,2A9Ynzyk4T1LlnsoD7AbHtT2G2w=,Bf0NnKfX9AgqRddz2ZRmUQsLm38=
14,28,2A9Ynzyk4T1LlnsoD7AbHtT2G2w=,Bf0NnKfX9AgqRddz2ZRmUQsLm38=
9,29,2A9Ynzyk4T1LlnsoD7AbHtT2G2w=,Bf0NnKfX9AgqRddz2ZRmUQsLm38=
8,29,2A9Ynzyk4T1LlnsoD7AbHtT2G2w=,Bf0NnKfX9AgqRddz2ZRmUQsLm38=
13,28,2A9Ynzyk4T1LlnsoD7AbHtT2G2w=,Bf0NnKfX9AgqRddz2ZRmUQsLm38=
12,28,2A9Ynzyk4T1LlnsoD7AbHtT2G2w=,Bf0NnKfX9AgqRddz2ZRmUQsLm38=
10,28,2A9Ynzyk4T1LlnsoD7AbHtT2G2w=,Bf0NnKfX9AgqRddz2ZRmUQsLm38=
8,28,2A9Ynzyk4T1LlnsoD7AbHtT2G2w=,Bf0NnKfX9AgqRddz2ZRmUQsLm38=
14,27,2A9Ynzyk4T1LlnsoD7AbHtT2G2w=,Bf0NnKfX9AgqRddz2ZRmUQsLm38=
11,28,2A9Ynzyk4T1LlnsoD7AbHtT2G2w=,Bf0NnKfX9AgqRddz2ZRmUQsLm38=
13,29,2A9Ynzyk4T1LlnsoD7AbHtT2G2w=,Bf0NnKfX9AgqRddz2ZRmUQsLm38=
10,27,2A9Ynzyk4T1LlnsoD7AbHtT2G2w=,Bf0NnKfX9AgqRddz2ZRmUQsLm38=
11,27,2A9Ynzyk4T1LlnsoD7AbHtT2G2w=,Bf0NnKfX9AgqRddz2ZRmUQsLm38=
12,27,2A9Ynzyk4T1LlnsoD7AbHtT2G2w=,Bf0NnKfX9AgqRddz2ZRmUQsLm38=
13,27,2A9Ynzyk4T1LlnsoD7AbHtT2G2w=,Bf0NnKfX9AgqRddz2ZRmUQsLm38=
9,28,2A9Ynzyk4T1LlnsoD7AbHtT2G2w=,Bf0NnKfX9AgqRddz2ZRmUQsLm38=
9,27,2A9Ynzyk4T1LlnsoD7AbHtT2G2w=,Bf0NnKfX9AgqRddz2ZRmUQsLm38=
14,26,2A9Ynzyk4T1LlnsoD7AbHtT2G2w=,Bf0NnKfX9AgqRddz2ZRmUQsLm38=
7,29,2A9Ynzyk4T1LlnsoD7AbHtT2G2w=,EDCpclbLAvuP1WfYgeqh33l/WKY=
8,27,2A9Ynzyk4T1LlnsoD7AbHtT2G2w=,Bf0NnKfX9AgqRddz2ZRmUQsLm38=
13,26,2A9Ynzyk4T1LlnsoD7AbHtT2G2w=,Bf0NnKfX9AgqRddz2ZRmUQsLm38=
7,28,2A9Ynzyk4T1LlnsoD7AbHtT2G2w=,EDCpclbLAvuP1WfYgeqh33l/WKY=
7,27,2A9Ynzyk4T1LlnsoD7AbHtT2G2w=,EDCpclbLAvuP1WfYgeqh33l/WKY=
14,29,2A9Ynzyk4T1LlnsoD7AbHtT2G2w=,Bf0NnKfX9AgqRddz2ZRmUQsLm38=
9,26,2A9Ynzyk4T1LlnsoD7AbHtT2G2w=,Bf0NnKfX9AgqRddz2ZRmUQsLm38=
10,26,2A9Ynzyk4T1LlnsoD7AbHtT2G2w=,Bf0NnKfX9AgqRddz2ZRmUQsLm38=
12,26,2A9Ynzyk4T1LlnsoD7AbHtT2G2w=,Bf0NnKfX9AgqRddz2ZRmUQsLm38=
11,26,2A9Ynzyk4T1LlnsoD7AbHtT2G2w=,Bf0NnKfX9AgqRddz2ZRmUQsLm38=
14,25,2A9Ynzyk4T1LlnsoD7AbHtT2G2w=,Bf0NnKfX9AgqRddz2ZRmUQsLm38=
13,30,2A9Ynzyk4T1LlnsoD7AbHtT2G2w=,Bf0NnKfX9AgqRddz2ZRmUQsLm38=
12,30,2A9Ynzyk4T1LlnsoD7AbHtT2G2w=,Bf0NnKfX9AgqRddz2ZRmUQsLm38=
10,30,2A9Ynzyk4T1LlnsoD7AbHtT2G2w=,Bf0NnKfX9AgqRddz2ZRmUQsLm38=
11,30,2A9Ynzyk4T1LlnsoD7AbHtT2G2w=,Bf0NnKfX9AgqRddz2ZRmUQsLm38=
8,26,2A9Ynzyk4T1LlnsoD7AbHtT2G2w=,Bf0NnKfX9AgqRddz2ZRmUQsLm38=
14,30,2A9Ynzyk4T1LlnsoD7AbHtT2G2w=,Bf0NnKfX9AgqRddz2ZRmUQsLm38=
13,25,2A9Ynzyk4T1LlnsoD7AbHtT2G2w=,Bf0NnKfX9AgqRddz2ZRmUQsLm38=
8,30,2A9Ynzyk4T1LlnsoD7AbHtT2G2w=,Bf0NnKfX9AgqRddz2ZRmUQsLm38=
11,25,2A9Ynzyk4T1LlnsoD7AbHtT2G2w=,Bf0NnKfX9AgqRddz2ZRmUQsLm38=
7,26,2A9Ynzyk4T1LlnsoD7AbHtT2G2w=,EDCpclbLAvuP1WfYgeqh33l/WKY=
7,25,2A9Ynzyk4T1LlnsoD7AbHtT2G2w=,EDCpclbLAvuP1WfYgeqh33l/WKY=
9,25,2A9Ynzyk4T1LlnsoD7AbHtT2G2w=,Bf0NnKfX9AgqRddz2ZRmUQsLm38=
12,25,2A9Ynzyk4T1LlnsoD7AbHtT2G2w=,Bf0NnKfX9AgqRddz2ZRmUQsLm38=
9,30,2A9Ynzyk4T1LlnsoD7AbHtT2G2w=,Bf0NnKfX9AgqRddz2ZRmUQsLm38=
10,25,2A9Ynzyk4T1LlnsoD7AbHtT2G2w=,Bf0NnKfX9AgqRddz2ZRmUQsLm38=
8,25,2A9Ynzyk4T1LlnsoD7AbHtT2G2w=,Bf0NnKfX9AgqRddz2ZRmUQsLm38=
15,29,2A9Ynzyk4T1LlnsoD7AbHtT2G2w=,Bf0NnKfX9AgqRddz2ZRmUQsLm38=
15,27,2A9Ynzyk4T1LlnsoD7AbHtT2G2w=,Bf0NnKfX9AgqRddz2ZRmUQsLm38=
15,26,2A9Ynzyk4T1LlnsoD7AbHtT2G2w=,Bf0NnKfX9AgqRddz2ZRmUQsLm38=
15,25,2A9Ynzyk4T1LlnsoD7AbHtT2G2w=,Bf0NnKfX9AgqRddz2ZRmUQsLm38=
15,28,2A9Ynzyk4T1LlnsoD7AbHtT2G2w=,Bf0NnKfX9AgqRddz2ZRmUQsLm38=
15,30,2A9Ynzyk4T1LlnsoD7AbHtT2G2w=,Bf0NnKfX9AgqRddz2ZRmUQsLm38=
0,25,2A9Ynzyk4T1LlnsoD7AbHtT2G2w=,EDCpclbLAvuP1WfYgeqh33l/WKY=
0,30,2A9Ynzyk4T1LlnsoD7AbHtT2G2w=,EDCpclbLAvuP1WfYgeqh33l/WKY=
0,29,2A9Ynzyk4T1LlnsoD7AbHtT2G2w=,EDCpclbLAvuP1WfYgeqh33l/WKY=
0,27,2A9Ynzyk4T1LlnsoD7AbHtT2G2w=,EDCpclbLAvuP1WfYgeqh33l/WKY=
0,26,2A9Ynzyk4T1LlnsoD7AbHtT2G2w=,EDCpclbLAvuP1WfYgeqh33l/WKY=
0,28,2A9Ynzyk4T1LlnsoD7AbHtT2G2w=,EDCpclbLAvuP1WfYgeqh33l/WKY=
9,31,2A9Ynzyk4T1LlnsoD7AbHtT2G2w=,Bf0NnKfX9AgqRddz2ZRmUQsLm38=
10,31,2A9Ynzyk4T1LlnsoD7AbHtT2G2w=,Bf0NnKfX9AgqRddz2ZRmUQsLm38=
11,31,2A9Ynzyk4T1LlnsoD7AbHtT2G2w=,Bf0NnKfX9AgqRddz2ZRmUQsLm38=
14,31,2A9Ynzyk4T1LlnsoD7AbHtT2G2w=,Bf0NnKfX9AgqRddz2ZRmUQsLm38=
13,31,2A9Ynzyk4T1LlnsoD7AbHtT2G2w=,Bf0NnKfX9AgqRddz2ZRmUQsLm38=
4,31,2A9Ynzyk4T1LlnsoD7AbHtT2G2w=,EDCpclbLAvuP1WfYgeqh33l/WKY=
5,31,2A9Ynzyk4T1LlnsoD7AbHtT2G2w=,EDCpclbLAvuP1WfYgeqh33l/WKY=
6,31,2A9Ynzyk4T1LlnsoD7AbHtT2G2w=,EDCpclbLAvuP1WfYgeqh33l/WKY=
7,31,2A9Ynzyk4T1LlnsoD7AbHtT2G2w=,EDCpclbLAvuP1WfYgeqh33l/WKY=
8,31,2A9Ynzyk4T1LlnsoD7AbHtT2G2w=,Bf0NnKfX9AgqRddz2ZRmUQsLm38=
12,31,2A9Ynzyk4T1LlnsoD7AbHtT2G2w=,Bf0NnKfX9AgqRddz2ZRmUQsLm38=
1,31,2A9Ynzyk4T1LlnsoD7AbHtT2G2w=,EDCpclbLAvuP1WfYgeqh33l/WKY=
3,31,2A9Ynzyk4T1LlnsoD7AbHtT2G2w=,EDCpclbLAvuP1WfYgeqh33l/WKY=
2,31,2A9Ynzyk4T1LlnsoD7AbHtT2G2w=,EDCpclbLAvuP1WfYgeqh33l/WKY=
0,31,2A9Ynzyk4T1LlnsoD7AbHtT2G2w=,EDCpclbLAvuP1WfYgeqh33l/WKY=
15,31,2A9Ynzyk4T1LlnsoD7AbHtT2G2w=,Bf0NnKfX9AgqRddz2ZRmUQsLm38=
1,17,2A9Ynzyk4T1LlnsoD7AbHtT2G2w=,FO+H8BsB+7AWTupEENNmqF/xk6I=
3,23,2A9Ynzyk4T1LlnsoD7AbHtT2G2w=,FO+H8BsB+7AWTupEENNmqF/xk6I=
3,19,2A9Ynzyk4T1LlnsoD7AbHtT2G2w=,FO+H8BsB+7AWTupEENNmqF/xk6I=
4,19,2A9Ynzyk4T1LlnsoD7AbHtT2G2w=,FO+H8BsB+7AWTupEENNmqF/xk6I=
2,19,2A9Ynzyk4T1LlnsoD7AbHtT2G2w=,FO+H8BsB+7AWTupEENNmqF/xk6I=
2,23,2A9Ynzyk4T1LlnsoD7AbHtT2G2w=,FO+H8BsB+7AWTupEENNmqF/xk6I=
1,23,2A9Ynzyk4T1LlnsoD7AbHtT2G2w=,FO+H8BsB+7AWTupEENNmqF/xk6I=
1,19,2A9Ynzyk4T1LlnsoD7AbHtT2G2w=,FO+H8BsB+7AWTupEENNmqF/xk6I=
6,18,2A9Ynzyk4T1LlnsoD7AbHtT2G2w=,FO+H8BsB+7AWTupEENNmqF/xk6I=
4,23,2A9Ynzyk4T1LlnsoD7AbHtT2G2w=,FO+H8BsB+7AWTupEENNmqF/xk6I=
0,19,2A9Ynzyk4T1LlnsoD7AbHtT2G2w=,FO+H8BsB+7AWTupEENNmqF/xk6I=
3,17,2A9Ynzyk4T1LlnsoD7AbHtT2G2w=,FO+H8BsB+7AWTupEENNmqF/xk6I=
5,18,2A9Ynzyk4T1LlnsoD7AbHtT2G2w=,FO+H8BsB+7AWTupEENNmqF/xk6I=
6,21,2A9Ynzyk4T1LlnsoD7AbHtT2G2w=,FO+H8BsB+7AWTupEENNmqF/xk6I=
0,23,2A9Ynzyk4T1LlnsoD7AbHtT2G2w=,FO+H8BsB+7AWTupEENNmqF/xk6I=
5,23,2A9Ynzyk4T1LlnsoD7AbHtT2G2w=,FO+H8BsB+7AWTupEENNmqF/xk6I=
3,18,2A9Ynzyk4T1LlnsoD7AbHtT2G2w=,FO+H8BsB+7AWTupEENNmqF/xk6I=
5,22,2A9Ynzyk4T1LlnsoD7AbHtT2G2w=,FO+H8BsB+7AWTupEENNmqF/xk6I=
2,18,2A9Ynzyk4T1LlnsoD7AbHtT2G2w=,FO+H8BsB+7AWTupEENNmqF/xk6I=
1,18,2A9Ynzyk4T1LlnsoD7AbHtT2G2w=,FO+H8BsB+7AWTupEENNmqF/xk6I=
0,17,2A9Ynzyk4T1LlnsoD7AbHtT2G2w=,FO+H8BsB+7AWTupEENNmqF/xk6I=
5,21,2A9Ynzyk4T1LlnsoD7AbHtT2G2w=,FO+H8BsB+7AWTupEENNmqF/xk6I=
4,21,2A9Ynzyk4T1LlnsoD7AbHtT2G2w=,FO+H8BsB+7AWTupEENNmqF/xk6I=
4,22,2A9Ynzyk4T1LlnsoD7AbHtT2G2w=,FO+H8BsB+7AWTupEENNmqF/xk6I=
2,17,2A9Ynzyk4T1LlnsoD7AbHtT2G2w=,FO+H8BsB+7AWTupEENNmqF/xk6I=
3,20,2A9Ynzyk4T1LlnsoD7AbHtT2G2w=,FO+H8BsB+7AWTupEENNmqF/xk6I=
6,23,2A9Ynzyk4T1LlnsoD7AbHtT2G2w=,FO+H8BsB+7AWTupEENNmqF/xk6I=
1,21,2A9Ynzyk4T1LlnsoD7AbHtT2G2w=,FO+H8BsB+7AWTupEENNmqF/xk6I=
5,20,2A9Ynzyk4T1LlnsoD7AbHtT2G2w=,FO+H8BsB+7AWTupEENNmqF/xk6I=
6,16,2A9Ynzyk4T1LlnsoD7AbHtT2G2w=,FO+H8BsB+7AWTupEENNmqF/xk6I=
6,20,2A9Ynzyk4T1LlnsoD7AbHtT2G2w=,FO+H8BsB+7AWTupEENNmqF/xk6I=
4,18,2A9Ynzyk4T1LlnsoD7AbHtT2G2w=,FO+H8BsB+7AWTupEENNmqF/xk6I=
5,16,2A9Ynzyk4T1LlnsoD7AbHtT2G2w=,FO+H8BsB+7AWTupEENNmqF/xk6I=
0,21,2A9Ynzyk4T1LlnsoD7AbHtT2G2w=,FO+H8BsB+7AWTupEENNmqF/xk6I=
2,20,2A9Ynzyk4T1LlnsoD7AbHtT2G2w=,FO+H8BsB+7AWTupEENNmqF/xk6I=
0,24,2A9Ynzyk4T1LlnsoD7AbHtT2G2w=,EDCpclbLAvuP1WfYgeqh33l/WKY=
1,20,2A9Ynzyk4T1LlnsoD7AbHtT2G2w=,FO+H8BsB+7AWTupEENNmqF/xk6I=
4,20,2A9Ynzyk4T1LlnsoD7AbHtT2G2w=,FO+H8BsB+7AWTupEENNmqF/xk6I=
0,18,2A9Ynzyk4T1LlnsoD7AbHtT2G2w=,FO+H8BsB+7AWTupEENNmqF/xk6I=
3,22,2A9Ynzyk4T1LlnsoD7AbHtT2G2w=,FO+H8BsB+7AWTupEENNmqF/xk6I=
2,22,2A9Ynzyk4T1LlnsoD7AbHtT2G2w=,FO+H8BsB+7AWTupEENNmqF/xk6I=
4,16,2A9Ynzyk4T1LlnsoD7AbHtT2G2w=,FO+H8BsB+7AWTupEENNmqF/xk6I=
1,16,2A9Ynzyk4T1LlnsoD7AbHtT2G2w=,FO+H8BsB+7AWTupEENNmqF/xk6I=
1,24,2A9Ynzyk4T1LlnsoD7AbHtT2G2w=,EDCpclbLAvuP1WfYgeqh33l/WKY=
0,20,2A9Ynzyk4T1LlnsoD7AbHtT2G2w=,FO+H8BsB+7AWTupEENNmqF/xk6I=
2,21,2A9Ynzyk4T1LlnsoD7AbHtT2G2w=,FO+H8BsB+7AWTupEENNmqF/xk6I=
3,21,2A9Ynzyk4T1LlnsoD7AbHtT2G2w=,FO+H8BsB+7AWTupEENNmqF/xk6I=
2,16,2A9Ynzyk4T1LlnsoD7AbHtT2G2w=,FO+H8BsB+7AWTupEENNmqF/xk6I=
3,16,2A9Ynzyk4T1LlnsoD7AbHtT2G2w=,FO+H8BsB+7AWTupEENNmqF/xk6I=
6,17,2A9Ynzyk4T1LlnsoD7AbHtT2G2w=,FO+H8BsB+7AWTupEENNmqF/xk6I=
2,24,2A9Ynzyk4T1LlnsoD7AbHtT2G2w=,EDCpclbLAvuP1WfYgeqh33l/WKY=
6,19,2A9Ynzyk4T1LlnsoD7AbHtT2G2w=,FO+H8BsB+7AWTupEENNmqF/xk6I=
1,22,2A9Ynzyk4T1LlnsoD7AbHtT2G2w=,FO+H8BsB+7AWTupEENNmqF/xk6I=
5,19,2A9Ynzyk4T1LlnsoD7AbHtT2G2w=,FO+H8BsB+7AWTupEENNmqF/xk6I=
5,17,2A9Ynzyk4T1LlnsoD7AbHtT2G2w=,FO+H8BsB+7AWTupEENNmqF/xk6I=
4,24,2A9Ynzyk4T1LlnsoD7AbHtT2G2w=,EDCpclbLAvuP1WfYgeqh33l/WKY=
6,24,2A9Ynzyk4T1LlnsoD7AbHtT2G2w=,EDCpclbLAvuP1WfYgeqh33l/WKY=
6,22,2A9Ynzyk4T1LlnsoD7AbHtT2G2w=,FO+H8BsB+7AWTupEENNmqF/xk6I=
4,17,2A9Ynzyk4T1LlnsoD7AbHtT2G2w=,FO+H8BsB+7AWTupEENNmqF/xk6I=
5,24,2A9Ynzyk4T1LlnsoD7AbHtT2G2w=,EDCpclbLAvuP1WfYgeqh33l/WKY=
0,22,2A9Ynzyk4T1LlnsoD7AbHtT2G2w=,FO+H8BsB+7AWTupEENNmqF/xk6I=
3,24,2A9Ynzyk4T1LlnsoD7AbHtT2G2w=,EDCpclbLAvuP1WfYgeqh33l/WKY=
7,23,2A9Ynzyk4T1LlnsoD7AbHtT2G2w=,FO+H8BsB+7AWTupEENNmqF/xk6I=
11,19,2A9Ynzyk4T1LlnsoD7AbHtT2G2w=,b545oa6Ezt6X6hs2MhLm81W0d8w=
14,23,2A9Ynzyk4T1LlnsoD7AbHtT2G2w=,b545oa6Ezt6X6hs2MhLm81W0d8w=
13,23,2A9Ynzyk4T1LlnsoD7AbHtT2G2w=,b545oa6Ezt6X6hs2MhLm81W0d8w=
15,23,2A9Ynzyk4T1LlnsoD7AbHtT2G2w=,b545oa6Ezt6X6hs2MhLm81W0d8w=
12,23,2A9Ynzyk4T1LlnsoD7AbHtT2G2w=,b545oa6Ezt6X6hs2MhLm81W0d8w=
0,16,2A9Ynzyk4T1LlnsoD7AbHtT2G2w=,FO+H8BsB+7AWTupEENNmqF/xk6I=
10,19,2A9Ynzyk4T1LlnsoD7AbHtT2G2w=,b545oa6Ezt6X6hs2MhLm81W0d8w=
8,19,2A9Ynzyk4T1LlnsoD7AbHtT2G2w=,b545oa6Ezt6X6hs2MhLm81W0d8w=
12,19,2A9Ynzyk4T1LlnsoD7AbHtT2G2w=,b545oa6Ezt6X6hs2MhLm81W0d8w=
15,18,2A9Ynzyk4T1LlnsoD7AbHtT2G2w=,b545oa6Ezt6X6hs2MhLm81W0d8w=
14,18,2A9Ynzyk4T1LlnsoD7AbHtT2G2w=,b545oa6Ezt6X6hs2MhLm81W0d8w=
11,23,2A9Ynzyk4T1LlnsoD7AbHtT2G2w=,b545oa6Ezt6X6hs2MhLm81W0d8w=
9,19,2A9Ynzyk4T1LlnsoD7AbHtT2G2w=,b545oa6Ezt6X6hs2MhLm81W0d8w=
8,23,2A9Ynzyk4T1LlnsoD7AbHtT2G2w=,b545oa6Ezt6X6hs2MhLm81W0d8w=
13,18,2A9Ynzyk4T1LlnsoD7AbHtT2G2w=,b545oa6Ezt6X6hs2MhLm81W0d8w=
12,18,2A9Ynzyk4T1LlnsoD7AbHtT2G2w=,b545oa6Ezt6X6hs2MhLm81W0d8w=
10,23,2A9Ynzyk4T1LlnsoD7AbHtT2G2w=,b545oa6Ezt6X6hs2MhLm81W0d8w=
10,18,2A9Ynzyk4T1LlnsoD7AbHtT2G2w=,b545oa6Ezt6X6hs2MhLm81W0d8w=
13,19,2A9Ynzyk4T1LlnsoD7AbHtT2G2w=,b545oa6Ezt6X6hs2MhLm81W0d8w=
11,18,2A9Ynzyk4T1LlnsoD7AbHtT2G2w=,b545oa6Ezt6X6hs2MhLm81W0d8w=
9,23,2A9Ynzyk4T1LlnsoD7AbHtT2G2w=,b545oa6Ezt6X6hs2MhLm81W0d8w=
9,18,2A9Ynzyk4T1LlnsoD7AbHtT2G2w=,b545oa6Ezt6X6hs2MhLm81W0d8w=
15,22,2A9Ynzyk4T1LlnsoD7AbHtT2G2w=,b545oa6Ezt6X6hs2MhLm81W0d8w=
14,22,2A9Ynzyk4T1LlnsoD7AbHtT2G2w=,b545oa6Ezt6X6hs2MhLm81W0d8w=
11,22,2A9Ynzyk4T1LlnsoD7AbHtT2G2w=,b545oa6Ezt6X6hs2MhLm81W0d8w=
12,22,2A9Ynzyk4T1LlnsoD7AbHtT2G2w=,b545oa6Ezt6X6hs2MhLm81W0d8w=
8,18,2A9Ynzyk4T1LlnsoD7AbHtT2G2w=,b545oa6Ezt6X6hs2MhLm81W0d8w=
14,19,2A9Ynzyk4T1LlnsoD7AbHtT2G2w=,b545oa6Ezt6X6hs2MhLm81W0d8w=
13,22,2A9Ynzyk4T1LlnsoD7AbHtT2G2w=,b545oa6Ezt6X6hs2MhLm81W0d8w=
10,22,2A9Ynzyk4T1LlnsoD7AbHtT2G2w=,b545oa6Ezt6X6hs2MhLm81W0d8w=
7,21,2A9Ynzyk4T1LlnsoD7AbHtT2G2w=,FO+H8BsB+7AWTupEENNmqF/xk6I=
7,18,2A9Ynzyk4T1LlnsoD7AbHtT2G2w=,FO+H8BsB+7AWTupEENNmqF/xk6I=
15,17,2A9Ynzyk4T1LlnsoD7AbHtT2G2w=,b545oa6Ezt6X6hs2MhLm81W0d8w=
13,17,2A9Ynzyk4T1LlnsoD7AbHtT2G2w=,b545oa6Ezt6X6hs2MhLm81W0d8w=
14,17,2A9Ynzyk4T1LlnsoD7AbHtT2G2w=,b545oa6Ezt6X6hs2MhLm81W0d8w=
15,19,2A9Ynzyk4T1LlnsoD7AbHtT2G2w=,b545oa6Ezt6X6hs2MhLm81W0d8w=
8,22,2A9Ynzyk4T1LlnsoD7AbHtT2G2w=,b545oa6Ezt6X6hs2MhLm81W0d8w=
13,21,2A9Ynzyk4T1LlnsoD7AbHtT2G2w=,b545oa6Ezt6X6hs2MhLm81W0d8w=
15,21,2A9Ynzyk4T1LlnsoD7AbHtT2G2w=,b545oa6Ezt6X6hs2MhLm81W0d8w=
12,17,2A9Ynzyk4T1LlnsoD7AbHtT2G2w=,b545oa6Ezt6X6hs2MhLm81W0d8w=
9,22,2A9Ynzyk4T1LlnsoD7AbHtT2G2w=,b545oa6Ezt6X6hs2MhLm81W0d8w=
14,21,2A9Ynzyk4T1LlnsoD7AbHtT2G2w=,b545oa6Ezt6X6hs2MhLm81W0d8w=
10,17,2A9Ynzyk4T1LlnsoD7AbHtT2G2w=,b545oa6Ezt6X6hs2MhLm81W0d8w=
9,17,2A9Ynzyk4T1LlnsoD7AbHtT2G2w=,b545oa6Ezt6X6hs2MhLm81W0d8w=
12,21,2A9Ynzyk4T1LlnsoD7AbHtT2G2w=,b545oa6Ezt6X6hs2MhLm81W0d8w=
8,20,2A9Ynzyk4T1LlnsoD7AbHtT2G2w=,b545oa6Ezt6X6hs2MhLm81W0d8w=
11,17,2A9Ynzyk4T1LlnsoD7AbHtT2G2w=,b545oa6Ezt6X6hs2MhLm81W0d8w=
10,21,2A9Ynzyk4T1LlnsoD7AbHtT2G2w=,b545oa6Ezt6X6hs2MhLm81W0d8w=
15,16,2A9Ynzyk4T1LlnsoD7AbHtT2G2w=,b545oa6Ezt6X6hs2MhLm81W0d8w=
8,17,2A9Ynzyk4T1LlnsoD7AbHtT2G2w=,b545oa6Ezt6X6hs2MhLm81W0d8w=
11,16,2A9Ynzyk4T1LlnsoD7AbHtT2G2w=,b545oa6Ezt6X6hs2MhLm81W0d8w=
11,21,2A9Ynzyk4T1LlnsoD7AbHtT2G2w=,b545oa6Ezt6X6hs2MhLm81W0d8w=
12,16,2A9Ynzyk4T1LlnsoD7AbHtT2G2w=,b545oa6Ezt6X6hs2MhLm81W0d8w=
9,20,2A9Ynzyk4T1LlnsoD7AbHtT2G2w=,b545oa6Ezt6X6hs2MhLm81W0d8w=
14,16,2A9Ynzyk4T1LlnsoD7AbHtT2G2w=,b545oa6Ezt6X6hs2MhLm81W0d8w=
13,16,2A9Ynzyk4T1LlnsoD7AbHtT2G2w=,b545oa6Ezt6X6hs2MhLm81W0d8w=
9,21,2A9Ynzyk4T1LlnsoD7AbHtT2G2w=,b545oa6Ezt6X6hs2MhLm81W0d8w=
8,21,2A9Ynzyk4T1LlnsoD7AbHtT2G2w=,b545oa6Ezt6X6hs2MhLm81W0d8w=
10,16,2A9Ynzyk4T1LlnsoD7AbHtT2G2w=,b545oa6Ezt6X6hs2MhLm81W0d8w=
8,16,2A9Ynzyk4T1LlnsoD7AbHtT2G2w=,b545oa6Ezt6X6hs2MhLm81W0d8w=
9,16,2A9Ynzyk4T1LlnsoD7AbHtT2G2w=,b545oa6Ezt6X6hs2MhLm81W0d8w=
7,16,2A9Ynzyk4T1LlnsoD7AbHtT2G2w=,FO+H8BsB+7AWTupEENNmqF/xk6I=
15,20,2A9Ynzyk4T1LlnsoD7AbHtT2G2w=,b545oa6Ezt6X6hs2MhLm81W0d8w=
7,22,2A9Ynzyk4T1LlnsoD7AbHtT2G2w=,FO+H8BsB+7AWTupEENNmqF/xk6I=
8,24,2A9Ynzyk4T1LlnsoD7AbHtT2G2w=,Bf0NnKfX9AgqRddz2ZRmUQsLm38=
11,20,2A9Ynzyk4T1LlnsoD7AbHtT2G2w=,b545oa6Ezt6X6hs2MhLm81W0d8w=
12,20,2A9Ynzyk4T1LlnsoD7AbHtT2G2w=,b545oa6Ezt6X6hs2MhLm81W0d8w=
14,20,2A9Ynzyk4T1LlnsoD7AbHtT2G2w=,b545oa6Ezt6X6hs2MhLm81W0d8w=
13,20,2A9Ynzyk4T1LlnsoD7AbHtT2G2w=,b545oa6Ezt6X6hs2MhLm81W0d8w=
14,24,2A9Ynzyk4T1LlnsoD7AbHtT2G2w=,Bf0NnKfX9AgqRddz2ZRmUQsLm38=
15,24,2A9Ynzyk4T1LlnsoD7AbHtT2G2w=,Bf0NnKfX9AgqRddz2ZRmUQsLm38=
9,24,2A9Ynzyk4T1LlnsoD7AbHtT2G2w=,Bf0NnKfX9AgqRddz2ZRmUQsLm38=
10,20,2A9Ynzyk4T1LlnsoD7AbHtT2G2w=,b545oa6Ezt6X6hs2MhLm81W0d8w=
7,19,2A9Ynzyk4T1LlnsoD7AbHtT2G2w=,FO+H8BsB+7AWTupEENNmqF/xk6I=
7,20,2A9Ynzyk4T1LlnsoD7AbHtT2G2w=,FO+H8BsB+7AWTupEENNmqF/xk6I=
7,17,2A9Ynzyk4T1LlnsoD7AbHtT2G2w=,FO+H8BsB+7AWTupEENNmqF/xk6I=
13,24,2A9Ynzyk4T1LlnsoD7AbHtT2G2w=,Bf0NnKfX9AgqRddz2ZRmUQsLm38=
7,24,2A9Ynzyk4T1LlnsoD7AbHtT2G2w=,EDCpclbLAvuP1WfYgeqh33l/WKY=
12,24,2A9Ynzyk4T1LlnsoD7AbHtT2G2w=,Bf0NnKfX9AgqRddz2ZRmUQsLm38=
10,24,2A9Ynzyk4T1LlnsoD7AbHtT2G2w=,Bf0NnKfX9AgqRddz2ZRmUQsLm38=
11,24,2A9Ynzyk4T1LlnsoD7AbHtT2G2w=,Bf0NnKfX9AgqRddz2ZRmUQsLm38=
28,27,tmehgRM1A70CIQNGXjOXYmUAfz4=,GC46SQQUUI9AqP/RD+yS+BEOur8=
27,27,tmehgRM1A70CIQNGXjOXYmUAfz4=,GC46SQQUUI9AqP/RD+yS+BEOur8=
26,27,tmehgRM1A70CIQNGXjOXYmUAfz4=,GC46SQQUUI9AqP/RD+yS+BEOur8=
25,27,tmehgRM1A70CIQNGXjOXYmUAfz4=,GC46SQQUUI9AqP/RD+yS+BEOur8=
30,26,dz0QJDH7yjOpMb9zM0lsaH0yvNE=,GC46SQQUUI9AqP/RD+yS+BEOur8=
29,26,dz0QJDH7yjOpMb9zM0lsaH0yvNE=,GC46SQQUUI9AqP/RD+yS+BEOur8=
27,26,dz0QJDH7yjOpMb9zM0lsaH0yvNE=,GC46SQQUUI9AqP/RD+yS+BEOur8=
28,26,dz0QJDH7yjOpMb9zM0lsaH0yvNE=,GC46SQQUUI9AqP/RD+yS+BEOur8=
26,26,dz0QJDH7yjOpMb9zM0lsaH0yvNE=,GC46SQQUUI9AqP/RD+yS+BEOur8=
25,26,dz0QJDH7yjOpMb9zM0lsaH0yvNE=,GC46SQQUUI9AqP/RD+yS+BEOur8=
30,30,dz0QJDH7yjOpMb9zM0lsaH0yvNE=,GC46SQQUUI9AqP/RD+yS+BEOur8=
29,30,dz0QJDH7yjOpMb9zM0lsaH0yvNE=,GC46SQQUUI9AqP/RD+yS+BEOur8=
30,25,dz0QJDH7yjOpMb9zM0lsaH0yvNE=,GC46SQQUUI9AqP/RD+yS+BEOur8=
29,25,dz0QJDH7yjOpMb9zM0lsaH0yvNE=,GC46SQQUUI9AqP/RD+yS+BEOur8=
28,30,dz0QJDH7yjOpMb9zM0lsaH0yvNE=,GC46SQQUUI9AqP/RD+yS+BEOur8=
27,30,dz0QJDH7yjOpMb9zM0lsaH0yvNE=,GC46SQQUUI9AqP/RD+yS+BEOur8=
26,30,dz0QJDH7yjOpMb9zM0lsaH0yvNE=,GC46SQQUUI9AqP/RD+yS+BEOur8=
25,30,dz0QJDH7yjOpMb9zM0lsaH0yvNE=,GC46SQQUUI9AqP/RD+yS+BEOur8=
30,29,dz0QJDH7yjOpMb9zM0lsaH0yvNE=,GC46SQQUUI9AqP/RD+yS+BEOur8=
28,25,dz0QJDH7yjOpMb9zM0lsaH0yvNE=,GC46SQQUUI9AqP/RD+yS+BEOur8=
27,25,dz0QJDH7yjOpMb9zM0lsaH0yvNE=,GC46SQQUUI9AqP/RD+yS+BEOur8=
29,29,dz0QJDH7yjOpMb9zM0lsaH0yvNE=,GC46SQQUUI9AqP/RD+yS+BEOur8=
28,29,dz0QJDH7yjOpMb9zM0lsaH0yvNE=,GC46SQQUUI9AqP/RD+yS+BEOur8=
27,29,dz0QJDH7yjOpMb9zM0lsaH0yvNE=,GC46SQQUUI9AqP/RD+yS+BEOur8=
26,29,dz0QJDH7yjOpMb9zM0lsaH0yvNE=,GC46SQQUUI9AqP/RD+yS+BEOur8=
26,25,dz0QJDH7yjOpMb9zM0lsaH0yvNE=,GC46SQQUUI9AqP/RD+yS+BEOur8=
25,29,dz0QJDH7yjOpMb9zM0lsaH0yvNE=,GC46SQQUUI9AqP/RD+yS+BEOur8=
29,27,dz0QJDH7yjOpMb9zM0lsaH0yvNE=,GC46SQQUUI9AqP/RD+yS+BEOur8=
30,28,dz0QJDH7yjOpMb9zM0lsaH0yvNE=,GC46SQQUUI9AqP/RD+yS+BEOur8=
30,27,dz0QJDH7yjOpMb9zM0lsaH0yvNE=,GC46SQQUUI9AqP/RD+yS+BEOur8=
28,28,dz0QJDH7yjOpMb9zM0lsaH0yvNE=,GC46SQQUUI9AqP/RD+yS+BEOur8=
29,28,dz0QJDH7yjOpMb9zM0lsaH0yvNE=,GC46SQQUUI9AqP/RD+yS+BEOur8=
25,28,dz0QJDH7yjOpMb9zM0lsaH0yvNE=,GC46SQQUUI9AqP/RD+yS+BEOur8=
25,25,dz0QJDH7yjOpMb9zM0lsaH0yvNE=,GC46SQQUUI9AqP/RD+yS+BEOur8=
27,28,dz0QJDH7yjOpMb9zM0lsaH0yvNE=,GC46SQQUUI9AqP/RD+yS+BEOur8=
26,28,dz0QJDH7yjOpMb9zM0lsaH0yvNE=,GC46SQQUUI9AqP/RD+yS+BEOur8=
29,19,dz0QJDH7yjOpMb9zM0lsaH0yvNE=,9/KgouIyNXoGSx1DfK7OF1jFsTY=
28,19,dz0QJDH7yjOpMb9zM0lsaH0yvNE=,9/KgouIyNXoGSx1DfK7OF1jFsTY=
30,19,dz0QJDH7yjOpMb9zM0lsaH0yvNE=,9/KgouIyNXoGSx1DfK7OF1jFsTY=
31,19,dz0QJDH7yjOpMb9zM0lsaH0yvNE=,9/KgouIyNXoGSx1DfK7OF1jFsTY=
29,23,dz0QJDH7yjOpMb9zM0lsaH0yvNE=,9/KgouIyNXoGSx1DfK7OF1jFsTY=
27,23,dz0QJDH7yjOpMb9zM0lsaH0yvNE=,9/KgouIyNXoGSx1DfK7OF1jFsTY=
28,23,dz0QJDH7yjOpMb9zM0lsaH0yvNE=,9/KgouIyNXoGSx1DfK7OF1jFsTY=
25,23,dz0QJDH7yjOpMb9zM0lsaH0yvNE=,9/KgouIyNXoGSx1DfK7OF1jFsTY=
26,23,dz0QJDH7yjOpMb9zM0lsaH0yvNE=,9/KgouIyNXoGSx1DfK7OF1jFsTY=
30,23,dz0QJDH7yjOpMb9zM0lsaH0yvNE=,9/KgouIyNXoGSx1DfK7OF1jFsTY=
31,22,dz0QJDH7yjOpMb9zM0lsaH0yvNE=,9/KgouIyNXoGSx1DfK7OF1jFsTY=
29,22,dz0QJDH7yjOpMb9zM0lsaH0yvNE=,9/KgouIyNXoGSx1DfK7OF1jFsTY=
30,22,dz0QJDH7yjOpMb9zM0lsaH0yvNE=,9/KgouIyNXoGSx1DfK7OF1jFsTY=
31,18,dz0QJDH7yjOpMb9zM0lsaH0yvNE=,9/KgouIyNXoGSx1DfK7OF1jFsTY=
28,22,dz0QJDH7yjOpMb9zM0lsaH0yvNE=,9/KgouIyNXoGSx1DfK7OF1jFsTY=
27,22,dz0QJDH7yjOpMb9zM0lsaH0yvNE=,9/KgouIyNXoGSx1DfK7OF1jFsTY=
25,22,dz0QJDH7yjOpMb9zM0lsaH0yvNE=,9/KgouIyNXoGSx1DfK7OF1jFsTY=
26,22,dz0QJDH7yjOpMb9zM0lsaH0yvNE=,9/KgouIyNXoGSx1DfK7OF1jFsTY=
25,20,dz0QJDH7yjOpMb9zM0lsaH0yvNE=,9/KgouIyNXoGSx1DfK7OF1jFsTY=
29,18,dz0QJDH7yjOpMb9zM0lsaH0yvNE=,9/KgouIyNXoGSx1DfK7OF1jFsTY=
30,18,dz0QJDH7yjOpMb9zM0lsaH0yvNE=,9/KgouIyNXoGSx1DfK7OF1jFsTY=
28,18,dz0QJDH7yjOpMb9zM0lsaH0yvNE=,9/KgouIyNXoGSx1DfK7OF1jFsTY=
31,17,dz0QJDH7yjOpMb9zM0lsaH0yvNE=,9/KgouIyNXoGSx1DfK7OF1jFsTY=
30,17,dz0QJDH7yjOpMb9zM0lsaH0yvNE=,9/KgouIyNXoGSx1DfK7OF1jFsTY=
29,21,dz0QJDH7yjOpMb9zM0lsaH0yvNE=,9/KgouIyNXoGSx1DfK7OF1jFsTY=
30,21,dz0QJDH7yjOpMb9zM0lsaH0yvNE=,9/KgouIyNXoGSx1DfK7OF1jFsTY=
28,21,dz0QJDH7yjOpMb9zM0lsaH0yvNE=,9/KgouIyNXoGSx1DfK7OF1jFsTY=
25,19,dz0QJDH7yjOpMb9zM0lsaH0yvNE=,9/KgouIyNXoGSx1DfK7OF1jFsTY=
29,17,dz0QJDH7yjOpMb9zM0lsaH0yvNE=,9/KgouIyNXoGSx1DfK7OF1jFsTY=
26,19,dz0QJDH7yjOpMb9zM0lsaH0yvNE=,9/KgouIyNXoGSx1DfK7OF1jFsTY=
31,21,dz0QJDH7yjOpMb9zM0lsaH0yvNE=,9/KgouIyNXoGSx1DfK7OF1jFsTY=
27,18,dz0QJDH7yjOpMb9zM0lsaH0yvNE=,9/KgouIyNXoGSx1DfK7OF1jFsTY=
25,21,dz0QJDH7yjOpMb9zM0lsaH0yvNE=,9/KgouIyNXoGSx1DfK7OF1jFsTY=
26,18,dz0QJDH7yjOpMb9zM0lsaH0yvNE=,9/KgouIyNXoGSx1DfK7OF1jFsTY=
30,20,dz0QJDH7yjOpMb9zM0lsaH0yvNE=,9/KgouIyNXoGSx1DfK7OF1jFsTY=
31,20,dz0QJDH7yjOpMb9zM0lsaH0yvNE=,9/KgouIyNXoGSx1DfK7OF1jFsTY=
29,20,dz0QJDH7yjOpMb9zM0lsaH0yvNE=,9/KgouIyNXoGSx1DfK7OF1jFsTY=
26,20,dz0QJDH7yjOpMb9zM0lsaH0yvNE=,9/KgouIyNXoGSx1DfK7OF1jFsTY=
25,18,dz0QJDH7yjOpMb9zM0lsaH0yvNE=,9/KgouIyNXoGSx1DfK7OF1jFsTY=
26,21,dz0QJDH7yjOpMb9zM0lsaH0yvNE=,9/KgouIyNXoGSx1DfK7OF1jFsTY=
30,24,dz0QJDH7yjOpMb9zM0lsaH0yvNE=,GC46SQQUUI9AqP/RD+yS+BEOur8=
29,24,dz0QJDH7yjOpMb9zM0lsaH0yvNE=,GC46SQQUUI9AqP/RD+yS+BEOur8=
28,20,dz0QJDH7yjOpMb9zM0lsaH0yvNE=,9/KgouIyNXoGSx1DfK7OF1jFsTY=
28,24,dz0QJDH7yjOpMb9zM0lsaH0yvNE=,GC46SQQUUI9AqP/RD+yS+BEOur8=
27,24,dz0QJDH7yjOpMb9zM0lsaH0yvNE=,GC46SQQUUI9AqP/RD+yS+BEOur8=
27,21,dz0QJDH7yjOpMb9zM0lsaH0yvNE=,9/KgouIyNXoGSx1DfK7OF1jFsTY=
27,19,dz0QJDH7yjOpMb9zM0lsaH0yvNE=,9/KgouIyNXoGSx1DfK7OF1jFsTY=
26,24,dz0QJDH7yjOpMb9zM0lsaH0yvNE=,GC46SQQUUI9AqP/RD+yS+BEOur8=
25,24,dz0QJDH7yjOpMb9zM0lsaH0yvNE=,GC46SQQUUI9AqP/RD+yS+BEOur8=
26,17,dz0QJDH7yjOpMb9zM0lsaH0yvNE=,9/KgouIyNXoGSx1DfK7OF1jFsTY=
25,17,dz0QJDH7yjOpMb9zM0lsaH0yvNE=,9/KgouIyNXoGSx1DfK7OF1jFsTY=
28,17,dz0QJDH7yjOpMb9zM0lsaH0yvNE=,9/KgouIyNXoGSx1DfK7OF1jFsTY=
27,17,dz0QJDH7yjOpMb9zM0lsaH0yvNE=,9/KgouIyNXoGSx1DfK7OF1jFsTY=
27,20,dz0QJDH7yjOpMb9zM0lsaH0yvNE=,9/KgouIyNXoGSx1DfK7OF1jFsTY=
30,16,dz0QJDH7yjOpMb9zM0lsaH0yvNE=,9/KgouIyNXoGSx1DfK7OF1jFsTY=
29,16,dz0QJDH7yjOpMb9zM0lsaH0yvNE=,9/KgouIyNXoGSx1DfK7OF1jFsTY=
28,16,dz0QJDH7yjOpMb9zM0lsaH0yvNE=,9/KgouIyNXoGSx1DfK7OF1jFsTY=
27,16,dz0QJDH7yjOpMb9zM0lsaH0yvNE=,9/KgouIyNXoGSx1DfK7OF1jFsTY=
26,16,dz0QJDH7yjOpMb9zM0lsaH0yvNE=,9/KgouIyNXoGSx1DfK7OF1jFsTY=
25,31,dz0QJDH7yjOpMb9zM0lsaH0yvNE=,GC46SQQUUI9AqP/RD+yS+BEOur8=
26,31,dz0QJDH7yjOpMb9zM0lsaH0yvNE=,GC46SQQUUI9AqP/RD+yS+BEOur8=
27,31,dz0QJDH7yjOpMb9zM0lsaH0yvNE=,GC46SQQUUI9AqP/RD+yS+BEOur8=
28,31,dz0QJDH7yjOpMb9zM0lsaH0yvNE=,GC46SQQUUI9AqP/RD+yS+BEOur8=
29,31,dz0QJDH7yjOpMb9zM0lsaH0yvNE=,GC46SQQUUI9AqP/RD+yS+BEOur8=
30,31,dz0QJDH7yjOpMb9zM0lsaH0yvNE=,GC46SQQUUI9AqP/RD+yS+BEOur8=
25,16,dz0QJDH7yjOpMb9zM0lsaH0yvNE=,9/KgouIyNXoGSx1DfK7OF1jFsTY=
31,27,dz0QJDH7yjOpMb9zM0lsaH0yvNE=,GC46SQQUUI9AqP/RD+yS+BEOur8=
31,24,dz0QJDH7yjOpMb9zM0lsaH0yvNE=,GC46SQQUUI9AqP/RD+yS+BEOur8=
31,26,dz0QJDH7yjOpMb9zM0lsaH0yvNE=,GC46SQQUUI9AqP/RD+yS+BEOur8=
31,23,dz0QJDH7yjOpMb9zM0lsaH0yvNE=,9/KgouIyNXoGSx1DfK7OF1jFsTY=
31,25,dz0QJDH7yjOpMb9zM0lsaH0yvNE=,GC46SQQUUI9AqP/RD+yS+BEOur8=
31,30,dz0QJDH7yjOpMb9zM0lsaH0yvNE=,GC46SQQUUI9AqP/RD+yS+BEOur8=
31,29,dz0QJDH7yjOpMb9zM0lsaH0yvNE=,GC46SQQUUI9AqP/RD+yS+BEOur8=
31,31,dz0QJDH7yjOpMb9zM0lsaH0yvNE=,GC46SQQUUI9AqP/RD+yS+BEOur8=
31,16,dz0QJDH7yjOpMb9zM0lsaH0yvNE=,9/KgouIyNXoGSx1DfK7OF1jFsTY=
23,31,dz0QJDH7yjOpMb9zM0lsaH0yvNE=,kHg7lpVddjoOigSF1wo0cPuivKI=
31,28,dz0QJDH7yjOpMb9zM0lsaH0yvNE=,GC46SQQUUI9AqP/RD+yS+BEOur8=
22,31,dz0QJDH7yjOpMb9zM0lsaH0yvNE=,kHg7lpVddjoOigSF1wo0cPuivKI=
21,31,dz0QJDH7yjOpMb9zM0lsaH0yvNE=,kHg7lpVddjoOigSF1wo0cPuivKI=
20,31,dz0QJDH7yjOpMb9zM0lsaH0yvNE=,kHg7lpVddjoOigSF1wo0cPuivKI=
19,31,dz0QJDH7yjOpMb9zM0lsaH0yvNE=,kHg7lpVddjoOigSF1wo0cPuivKI=
18,31,dz0QJDH7yjOpMb9zM0lsaH0yvNE=,kHg7lpVddjoOigSF1wo0cPuivKI=
17,31,dz0QJDH7yjOpMb9zM0lsaH0yvNE=,kHg7lpVddjoOigSF1wo0cPuivKI=
16,31,dz0QJDH7yjOpMb9zM0lsaH0yvNE=,kHg7lpVddjoOigSF1wo0cPuivKI=
23,30,dz0QJDH7yjOpMb9zM0lsaH0yvNE=,kHg7lpVddjoOigSF1wo0cPuivKI=
24,31,dz0QJDH7yjOpMb9zM0lsaH0yvNE=,GC46SQQUUI9AqP/RD+yS+BEOur8=
22,30,dz0QJDH7yjOpMb9zM0lsaH0yvNE=,kHg7lpVddjoOigSF1wo0cPuivKI=
18,27,dz0QJDH7yjOpMb9zM0lsaH0yvNE=,kHg7lpVddjoOigSF1wo0cPuivKI=
17,27,dz0QJDH7yjOpMb9zM0lsaH0yvNE=,kHg7lpVddjoOigSF1wo0cPuivKI=
16,27,dz0QJDH7yjOpMb9zM0lsaH0yvNE=,kHg7lpVddjoOigSF1wo0cPuivKI=
23,26,dz0QJDH7yjOpMb9zM0lsaH0yvNE=,kHg7lpVddjoOigSF1wo0cPuivKI=
19,27,dz0QJDH7yjOpMb9zM0lsaH0yvNE=,kHg7lpVddjoOigSF1wo0cPuivKI=
20,27,dz0QJDH7yjOpMb9zM0lsaH0yvNE=,kHg7lpVddjoOigSF1wo0cPuivKI=
24,27,dz0QJDH7yjOpMb9zM0lsaH0yvNE=,GC46SQQUUI9AqP/RD+yS+BEOur8=
22,26,dz0QJDH7yjOpMb9zM0lsaH0yvNE=,kHg7lpVddjoOigSF1wo0cPuivKI=
24,26,dz0QJDH7yjOpMb9zM0lsaH0yvNE=,GC46SQQUUI9AqP/RD+yS+BEOur8=
21,30,dz0QJDH7yjOpMb9zM0lsaH0yvNE=,kHg7lpVddjoOigSF1wo0cPuivKI=
23,29,dz0QJDH7yjOpMb9zM0lsaH0yvNE=,kHg7lpVddjoOigSF1wo0cPuivKI=
22,29,dz0QJDH7yjOpMb9zM0lsaH0yvNE=,kHg7lpVddjoOigSF1wo0cPuivKI=
20,30,dz0QJDH7yjOpMb9zM0lsaH0yvNE=,kHg7lpVddjoOigSF1wo0cPuivKI=
21,26,dz0QJDH7yjOpMb9zM0lsaH0yvNE=,kHg7lpVddjoOigSF1wo0cPuivKI=
24,30,dz0QJDH7yjOpMb9zM0lsaH0yvNE=,GC46SQQUUI9AqP/RD+yS+BEOur8=
20,26,dz0QJDH7yjOpMb9zM0lsaH0yvNE=,kHg7lpVddjoOigSF1wo0cPuivKI=
19,30,dz0QJDH7yjOpMb9zM0lsaH0yvNE=,kHg7lpVddjoOigSF1wo0cPuivKI=
19,26,dz0QJDH7yjOpMb9zM0lsaH0yvNE=,kHg7lpVddjoOigSF1wo0cPuivKI=
21,27,dz0QJDH7yjOpMb9zM0lsaH0yvNE=,kHg7lpVddjoOigSF1wo0cPuivKI=
18,30,dz0QJDH7yjOpMb9zM0lsaH0yvNE=,kHg7lpVddjoOigSF1wo0cPuivKI=
16,30,dz0QJDH7yjOpMb9zM0lsaH0yvNE=,kHg7lpVddjoOigSF1wo0cPuivKI=
17,30,dz0QJDH7yjOpMb9zM0lsaH0yvNE=,kHg7lpVddjoOigSF1wo0cPuivKI=
17,26,dz0QJDH7yjOpMb9zM0lsaH0yvNE=,kHg7lpVddjoOigSF1wo0cPuivKI=
18,26,dz0QJDH7yjOpMb9zM0lsaH0yvNE=,kHg7lpVddjoOigSF1wo0cPuivKI=
21,29,dz0QJDH7yjOpMb9zM0lsaH0yvNE=,kHg7lpVddjoOigSF1wo0cPuivKI=
20,29,dz0QJDH7yjOpMb9zM0lsaH0yvNE=,kHg7lpVddjoOigSF1wo0cPuivKI=
19,29,dz0QJDH7yjOpMb9zM0lsaH0yvNE=,kHg7lpVddjoOigSF1wo0cPuivKI=
16,26,dz0QJDH7yjOpMb9zM0lsaH0yvNE=,kHg7lpVddjoOigSF1wo0cPuivKI=
22,25,dz0QJDH7yjOpMb9zM0lsaH0yvNE=,kHg7lpVddjoOigSF1wo0cPuivKI=
23,25,dz0QJDH7yjOpMb9zM0lsaH0yvNE=,kHg7lpVddjoOigSF1wo0cPuivKI=
22,27,dz0QJDH7yjOpMb9zM0lsaH0yvNE=,kHg7lpVddjoOigSF1wo0cPuivKI=
21,25,dz0QJDH7yjOpMb9zM0lsaH0yvNE=,kHg7lpVddjoOigSF1wo0cPuivKI=
17,29,dz0QJDH7yjOpMb9zM0lsaH0yvNE=,kHg7lpVddjoOigSF1wo0cPuivKI=
20,25,dz0QJDH7yjOpMb9zM0lsaH0yvNE=,kHg7lpVddjoOigSF1wo0cPuivKI=
24,29,dz0QJDH7yjOpMb9zM0lsaH0yvNE=,GC46SQQUUI9AqP/RD+yS+BEOur8=
18,29,dz0QJDH7yjOpMb9zM0lsaH0yvNE=,kHg7lpVddjoOigSF1wo0cPuivKI=
23,28,dz0QJDH7yjOpMb9zM0lsaH0yvNE=,kHg7lpVddjoOigSF1wo0cPuivKI=
16,29,dz0QJDH7yjOpMb9zM0lsaH0yvNE=,kHg7lpVddjoOigSF1wo0cPuivKI=
18,25,dz0QJDH7yjOpMb9zM0lsaH0yvNE=,kHg7lpVddjoOigSF1wo0cPuivKI=
19,25,dz0QJDH7yjOpMb9zM0lsaH0yvNE=,kHg7lpVddjoOigSF1wo0cPuivKI=
16,25,dz0QJDH7yjOpMb9zM0lsaH0yvNE=,kHg7lpVddjoOigSF1wo0cPuivKI=
24,25,dz0QJDH7yjOpMb9zM0lsaH0yvNE=,GC46SQQUUI9AqP/RD+yS+BEOur8=
23,27,dz0QJDH7yjOpMb9zM0lsaH0yvNE=,kHg7lpVddjoOigSF1wo0cPuivKI=
22,28,dz0QJDH7yjOpMb9zM0lsaH0yvNE=,kHg7lpVddjoOigSF1wo0cPuivKI=
17,25,dz0QJDH7yjOpMb9zM0lsaH0yvNE=,kHg7lpVddjoOigSF1wo0cPuivKI=
16,28,dz0QJDH7yjOpMb9zM0lsaH0yvNE=,kHg7lpVddjoOigSF1wo0cPuivKI=
21,28,dz0QJDH7yjOpMb9zM0lsaH0yvNE=,kHg7lpVddjoOigSF1wo0cPuivKI=
20,28,dz0QJDH7yjOpMb9zM0lsaH0yvNE=,kHg7lpVddjoOigSF1wo0cPuivKI=
18,28,dz0QJDH7yjOpMb9zM0lsaH0yvNE=,kHg7lpVddjoOigSF1wo0cPuivKI=
24,28,dz0QJDH7yjOpMb9zM0lsaH0yvNE=,GC46SQQUUI9AqP/RD+yS+BEOur8=
17,28,dz0QJDH7yjOpMb9zM0lsaH0yvNE=,kHg7lpVddjoOigSF1wo0cPuivKI=
19,28,dz0QJDH7yjOpMb9zM0lsaH0yvNE=,kHg7lpVddjoOigSF1wo0cPuivKI=
22,17,dz0QJDH7yjOpMb9zM0lsaH0yvNE=,h7wjLm/gojWXcyAHktG3TQOFOwE=
20,20,dz0QJDH7yjOpMb9zM0lsaH0yvNE=,h7wjLm/gojWXcyAHktG3TQOFOwE=
22,19,dz0QJDH7yjOpMb9zM0lsaH0yvNE=,h7wjLm/gojWXcyAHktG3TQOFOwE=
21,20,dz0QJDH7yjOpMb9zM0lsaH0yvNE=,h7wjLm/gojWXcyAHktG3TQOFOwE=
23,18,dz0QJDH7yjOpMb9zM0lsaH0yvNE=,h7wjLm/gojWXcyAHktG3TQOFOwE=
24,19,dz0QJDH7yjOpMb9zM0lsaH0yvNE=,9/KgouIyNXoGSx1DfK7OF1jFsTY=
21,17,dz0QJDH7yjOpMb9zM0lsaH0yvNE=,h7wjLm/gojWXcyAHktG3TQOFOwE=
20,21,dz0QJDH7yjOpMb9zM0lsaH0yvNE=,h7wjLm/gojWXcyAHktG3TQOFOwE=
23,17,dz0QJDH7yjOpMb9zM0lsaH0yvNE=,h7wjLm/gojWXcyAHktG3TQOFOwE=
19,16,dz0QJDH7yjOpMb9zM0lsaH0yvNE=,h7wjLm/gojWXcyAHktG3TQOFOwE=
23,19,dz0QJDH7yjOpMb9zM0lsaH0yvNE=,h7wjLm/gojWXcyAHktG3TQOFOwE=
20,17,dz0QJDH7yjOpMb9zM0lsaH0yvNE=,h7wjLm/gojWXcyAHktG3TQOFOwE=
19,21,dz0QJDH7yjOpMb9zM0lsaH0yvNE=,h7wjLm/gojWXcyAHktG3TQOFOwE=
19,20,dz0QJDH7yjOpMb9zM0lsaH0yvNE=,h7wjLm/gojWXcyAHktG3TQOFOwE=
18,17,dz0QJDH7yjOpMb9zM0lsaH0yvNE=,h7wjLm/gojWXcyAHktG3TQOFOwE=
21,19,dz0QJDH7yjOpMb9zM0lsaH0yvNE=,h7wjLm/gojWXcyAHktG3TQOFOwE=
19,17,dz0QJDH7yjOpMb9zM0lsaH0yvNE=,h7wjLm/gojWXcyAHktG3TQOFOwE=
24,23,dz0QJDH7yjOpMb9zM0lsaH0yvNE=,9/KgouIyNXoGSx1DfK7OF1jFsTY=
24,18,dz0QJDH7yjOpMb9zM0lsaH0yvNE=,9/KgouIyNXoGSx1DfK7OF1jFsTY=
20,19,dz0QJDH7yjOpMb9zM0lsaH0yvNE=,h7wjLm/gojWXcyAHktG3TQOFOwE=
18,20,dz0QJDH7yjOpMb9zM0lsaH0yvNE=,h7wjLm/gojWXcyAHktG3TQOFOwE=
24,21,dz0QJDH7yjOpMb9zM0lsaH0yvNE=,9/KgouIyNXoGSx1DfK7OF1jFsTY=
22,18,dz0QJDH7yjOpMb9zM0lsaH0yvNE=,h7wjLm/gojWXcyAHktG3TQOFOwE=
24,17,dz0QJDH7yjOpMb9zM0lsaH0yvNE=,9/KgouIyNXoGSx1DfK7OF1jFsTY=
17,21,dz0QJDH7yjOpMb9zM0lsaH0yvNE=,h7wjLm/gojWXcyAHktG3TQOFOwE=
21,21,dz0QJDH7yjOpMb9zM0lsaH0yvNE=,h7wjLm/gojWXcyAHktG3TQOFOwE=
18,16,dz0QJDH7yjOpMb9zM0lsaH0yvNE=,h7wjLm/gojWXcyAHktG3TQOFOwE=
23,24,dz0QJDH7yjOpMb9zM0lsaH0yvNE=,kHg7lpVddjoOigSF1wo0cPuivKI=
21,18,dz0QJDH7yjOpMb9zM0lsaH0yvNE=,h7wjLm/gojWXcyAHktG3TQOFOwE=
18,21,dz0QJDH7yjOpMb9zM0lsaH0yvNE=,h7wjLm/gojWXcyAHktG3TQOFOwE=
24,22,dz0QJDH7yjOpMb9zM0lsaH0yvNE=,9/KgouIyNXoGSx1DfK7OF1jFsTY=
21,24,dz0QJDH7yjOpMb9zM0lsaH0yvNE=,kHg7lpVddjoOigSF1wo0cPuivKI=
19,18,dz0QJDH7yjOpMb9zM0lsaH0yvNE=,h7wjLm/gojWXcyAHktG3TQOFOwE=
20,18,dz0QJDH7yjOpMb9zM0lsaH0yvNE=,h7wjLm/gojWXcyAHktG3TQOFOwE=
22,24,dz0QJDH7yjOpMb9zM0lsaH0yvNE=,kHg7lpVddjoOigSF1wo0cPuivKI=
20,24,dz0QJDH7yjOpMb9zM0lsaH0yvNE=,kHg7lpVddjoOigSF1wo0cPuivKI=
24,16,dz0QJDH7yjOpMb9zM0lsaH0yvNE=,9/KgouIyNXoGSx1DfK7OF1jFsTY=
18,24,dz0QJDH7yjOpMb9zM0lsaH0yvNE=,kHg7lpVddjoOigSF1wo0cPuivKI=
19,24,dz0QJDH7yjOpMb9zM0lsaH0yvNE=,kHg7lpVddjoOigSF1wo0cPuivKI=
19,19,dz0QJDH7yjOpMb9zM0lsaH0yvNE=,h7wjLm/gojWXcyAHktG3TQOFOwE=
17,24,dz0QJDH7yjOpMb9zM0lsaH0yvNE=,kHg7lpVddjoOigSF1wo0cPuivKI=
22,21,dz0QJDH7yjOpMb9zM0lsaH0yvNE=,h7wjLm/gojWXcyAHktG3TQOFOwE=
16,21,dz0QJDH7yjOpMb9zM0lsaH0yvNE=,h7wjLm/gojWXcyAHktG3TQOFOwE=
24,24,dz0QJDH7yjOpMb9zM0lsaH0yvNE=,GC46SQQUUI9AqP/RD+yS+BEOur8=
16,24,dz0QJDH7yjOpMb9zM0lsaH0yvNE=,kHg7lpVddjoOigSF1wo0cPuivKI=
18,19,dz0QJDH7yjOpMb9zM0lsaH0yvNE=,h7wjLm/gojWXcyAHktG3TQOFOwE=
17,20,dz0QJDH7yjOpMb9zM0lsaH0yvNE=,h7wjLm/gojWXcyAHktG3TQOFOwE=
17,16,dz0QJDH7yjOpMb9zM0lsaH0yvNE=,h7wjLm/gojWXcyAHktG3TQOFOwE=
23,23,dz0QJDH7yjOpMb9zM0lsaH0yvNE=,h7wjLm/gojWXcyAHktG3TQOFOwE=
22,23,dz0QJDH7yjOpMb9zM0lsaH0yvNE=,h7wjLm/gojWXcyAHktG3TQOFOwE=
19,23,dz0QJDH7yjOpMb9zM0lsaH0yvNE=,h7wjLm/gojWXcyAHktG3TQOFOwE=
20,23,dz0QJDH7yjOpMb9zM0lsaH0yvNE=,h7wjLm/gojWXcyAHktG3TQOFOwE=
17,17,dz0QJDH7yjOpMb9zM0lsaH0yvNE=,h7wjLm/gojWXcyAHktG3TQOFOwE=
23,21,dz0QJDH7yjOpMb9zM0lsaH0yvNE=,h7wjLm/gojWXcyAHktG3TQOFOwE=
16,17,dz0QJDH7yjOpMb9zM0lsaH0yvNE=,h7wjLm/gojWXcyAHktG3TQOFOwE=
21,23,dz0QJDH7yjOpMb9zM0lsaH0yvNE=,h7wjLm/gojWXcyAHktG3TQOFOwE=
18,23,dz0QJDH7yjOpMb9zM0lsaH0yvNE=,h7wjLm/gojWXcyAHktG3TQOFOwE=
16,23,dz0QJDH7yjOpMb9zM0lsaH0yvNE=,h7wjLm/gojWXcyAHktG3TQOFOwE=
23,16,dz0QJDH7yjOpMb9zM0lsaH0yvNE=,h7wjLm/gojWXcyAHktG3TQOFOwE=
23,22,dz0QJDH7yjOpMb9zM0lsaH0yvNE=,h7wjLm/gojWXcyAHktG3TQOFOwE=
24,20,dz0QJDH7yjOpMb9zM0lsaH0yvNE=,9/KgouIyNXoGSx1DfK7OF1jFsTY=
17,23,dz0QJDH7yjOpMb9zM0lsaH0yvNE=,h7wjLm/gojWXcyAHktG3TQOFOwE=
22,22,dz0QJDH7yjOpMb9zM0lsaH0yvNE=,h7wjLm/gojWXcyAHktG3TQOFOwE=
16,16,dz0QJDH7yjOpMb9zM0lsaH0yvNE=,h7wjLm/gojWXcyAHktG3TQOFOwE=
20,16,dz0QJDH7yjOpMb9zM0lsaH0yvNE=,h7wjLm/gojWXcyAHktG3TQOFOwE=
21,22,dz0QJDH7yjOpMb9zM0lsaH0yvNE=,h7wjLm/gojWXcyAHktG3TQOFOwE=
19,22,dz0QJDH7yjOpMb9zM0lsaH0yvNE=,h7wjLm/gojWXcyAHktG3TQOFOwE=
20,22,dz0QJDH7yjOpMb9zM0lsaH0yvNE=,h7wjLm/gojWXcyAHktG3TQOFOwE=
17,19,dz0QJDH7yjOpMb9zM0lsaH0yvNE=,h7wjLm/gojWXcyAHktG3TQOFOwE=
22,16,dz0QJDH7yjOpMb9zM0lsaH0yvNE=,h7wjLm/gojWXcyAHktG3TQOFOwE=
16,22,dz0QJDH7yjOpMb9zM0lsaH0yvNE=,h7wjLm/gojWXcyAHktG3TQOFOwE=
18,22,dz0QJDH7yjOpMb9zM0lsaH0yvNE=,h7wjLm/gojWXcyAHktG3TQOFOwE=
21,16,dz0QJDH7yjOpMb9zM0lsaH0yvNE=,h7wjLm/gojWXcyAHktG3TQOFOwE=
18,18,dz0QJDH7yjOpMb9zM0lsaH0yvNE=,h7wjLm/gojWXcyAHktG3TQOFOwE=
16,20,dz0QJDH7yjOpMb9zM0lsaH0yvNE=,h7wjLm/gojWXcyAHktG3TQOFOwE=
23,20,dz0QJDH7yjOpMb9zM0lsaH0yvNE=,h7wjLm/gojWXcyAHktG3TQOFOwE=
16,19,dz0QJDH7yjOpMb9zM0lsaH0yvNE=,h7wjLm/gojWXcyAHktG3TQOFOwE=
16,18,dz0QJDH7yjOpMb9zM0lsaH0yvNE=,h7wjLm/gojWXcyAHktG3TQOFOwE=
17,22,dz0QJDH7yjOpMb9zM0lsaH0yvNE=,h7wjLm/gojWXcyAHktG3TQOFOwE=
22,20,dz0QJDH7yjOpMb9zM0lsaH0yvNE=,h7wjLm/gojWXcyAHktG3TQOFOwE=
17,18,dz0QJDH7yjOpMb9zM0lsaH0yvNE=,h7wjLm/gojWXcyAHktG3TQOFOwE=
28,13,YLZG15jq+WcDPPY2a0VVck3ufZc=,0/TTeeQExJqcCllEcksE55dTL5A=
26,13,YLZG15jq+WcDPPY2a0VVck3ufZc=,0/TTeeQExJqcCllEcksE55dTL5A=
27,13,YLZG15jq+WcDPPY2a0VVck3ufZc=,0/TTeeQExJqcCllEcksE55dTL5A=
25,13,YLZG15jq+WcDPPY2a0VVck3ufZc=,0/TTeeQExJqcCllEcksE55dTL5A=
30,12,YLZG15jq+WcDPPY2a0VVck3ufZc=,0/TTeeQExJqcCllEcksE55dTL5A=
31,12,YLZG15jq+WcDPPY2a0VVck3ufZc=,0/TTeeQExJqcCllEcksE55dTL5A=
28,12,YLZG15jq+WcDPPY2a0VVck3ufZc=,0/TTeeQExJqcCllEcksE55dTL5A=
26,12,YLZG15jq+WcDPPY2a0VVck3ufZc=,0/TTeeQExJqcCllEcksE55dTL5A=
27,12,YLZG15jq+WcDPPY2a0VVck3ufZc=,0/TTeeQExJqcCllEcksE55dTL5A=
31,11,YLZG15jq+WcDPPY2a0VVck3ufZc=,0/TTeeQExJqcCllEcksE55dTL5A=
29,12,YLZG15jq+WcDPPY2a0VVck3ufZc=,0/TTeeQExJqcCllEcksE55dTL5A=
30,11,YLZG15jq+WcDPPY2a0VVck3ufZc=,0/TTeeQExJqcCllEcksE55dTL5A=
29,11,YLZG15jq+WcDPPY2a0VVck3ufZc=,0/TTeeQExJqcCllEcksE55dTL5A=
28,11,YLZG15jq+WcDPPY2a0VVck3ufZc=,0/TTeeQExJqcCllEcksE55dTL5A=
31,10,YLZG15jq+WcDPPY2a0VVck3ufZc=,0/TTeeQExJqcCllEcksE55dTL5A=
30,10,YLZG15jq+WcDPPY2a0VVck3ufZc=,0/TTeeQExJqcCllEcksE55dTL5A=
27,11,YLZG15jq+WcDPPY2a0VVck3ufZc=,0/TTeeQExJqcCllEcksE55dTL5A=
28,10,YLZG15jq+WcDPPY2a0VVck3ufZc=,0/TTeeQExJqcCllEcksE55dTL5A=
31,9,YLZG15jq+WcDPPY2a0VVck3ufZc=,0/TTeeQExJqcCllEcksE55dTL5A=
27,10,YLZG15jq+WcDPPY2a0VVck3ufZc=,0/TTeeQExJqcCllEcksE55dTL5A=
30,9,YLZG15jq+WcDPPY2a0VVck3ufZc=,0/TTeeQExJqcCllEcksE55dTL5A=
29,9,YLZG15jq+WcDPPY2a0VVck3ufZc=,0/TTeeQExJqcCllEcksE55dTL5A=
31,15,YLZG15jq+WcDPPY2a0VVck3ufZc=,0/TTeeQExJqcCllEcksE55dTL5A=
30,15,YLZG15jq+WcDPPY2a0VVck3ufZc=,0/TTeeQExJqcCllEcksE55dTL5A=
28,9,YLZG15jq+WcDPPY2a0VVck3ufZc=,0/TTeeQExJqcCllEcksE55dTL5A=
27,9,YLZG15jq+WcDPPY2a0VVck3ufZc=,0/TTeeQExJqcCllEcksE55dTL5A=
26,9,YLZG15jq+WcDPPY2a0VVck3ufZc=,0/TTeeQExJqcCllEcksE55dTL5A=
25,10,YLZG15jq+WcDPPY2a0VVck3ufZc=,0/TTeeQExJqcCllEcksE55dTL5A=
29,15,YLZG15jq+WcDPPY2a0VVck3ufZc=,0/TTeeQExJqcCllEcksE55dTL5A=
25,12,YLZG15jq+WcDPPY2a0VVck3ufZc=,0/TTeeQExJqcCllEcksE55dTL5A=
25,11,YLZG15jq+WcDPPY2a0VVck3ufZc=,0/TTeeQExJqcCllEcksE55dTL5A=
31,8,YLZG15jq+WcDPPY2a0VVck3ufZc=,0/TTeeQExJqcCllEcksE55dTL5A=
31,14,YLZG15jq+WcDPPY2a0VVck3ufZc=,0/TTeeQExJqcCllEcksE55dTL5A=
30,14,YLZG15jq+WcDPPY2a0VVck3ufZc=,0/TTeeQExJqcCllEcksE55dTL5A=
28,15,YLZG15jq+WcDPPY2a0VVck3ufZc=,0/TTeeQExJqcCllEcksE55dTL5A=
29,14,YLZG15jq+WcDPPY2a0VVck3ufZc=,0/TTeeQExJqcCllEcksE55dTL5A=
28,14,YLZG15jq+WcDPPY2a0VVck3ufZc=,0/TTeeQExJqcCllEcksE55dTL5A=
27,14,YLZG15jq+WcDPPY2a0VVck3ufZc=,0/TTeeQExJqcCllEcksE55dTL5A=
26,11,YLZG15jq+WcDPPY2a0VVck3ufZc=,0/TTeeQExJqcCllEcksE55dTL5A=
29,10,YLZG15jq+WcDPPY2a0VVck3ufZc=,0/TTeeQExJqcCllEcksE55dTL5A=
30,8,YLZG15jq+WcDPPY2a0VVck3ufZc=,0/TTeeQExJqcCllEcksE55dTL5A=
29,8,YLZG15jq+WcDPPY2a0VVck3ufZc=,0/TTeeQExJqcCllEcksE55dTL5A=
31,13,YLZG15jq+WcDPPY2a0VVck3ufZc=,0/TTeeQExJqcCllEcksE55dTL5A=
28,8,YLZG15jq+WcDPPY2a0VVck3ufZc=,0/TTeeQExJqcCllEcksE55dTL5A=
27,8,YLZG15jq+WcDPPY2a0VVck3ufZc=,0/TTeeQExJqcCllEcksE55dTL5A=
25,8,YLZG15jq+WcDPPY2a0VVck3ufZc=,0/TTeeQExJqcCllEcksE55dTL5A=
29,13,YLZG15jq+WcDPPY2a0VVck3ufZc=,0/TTeeQExJqcCllEcksE55dTL5A=
30,13,YLZG15jq+WcDPPY2a0VVck3ufZc=,0/TTeeQExJqcCllEcksE55dTL5A=
25,9,YLZG15jq+WcDPPY2a0VVck3ufZc=,0/TTeeQExJqcCllEcksE55dTL5A=
26,8,YLZG15jq+WcDPPY2a0VVck3ufZc=,0/TTeeQExJqcCllEcksE55dTL5A=
26,15,YLZG15jq+WcDPPY2a0VVck3ufZc=,0/TTeeQExJqcCllEcksE55dTL5A=
26,10,YLZG15jq+WcDPPY2a0VVck3ufZc=,0/TTeeQExJqcCllEcksE55dTL5A=
27,15,YLZG15jq+WcDPPY2a0VVck3ufZc=,0/TTeeQExJqcCllEcksE55dTL5A=
25,15,YLZG15jq+WcDPPY2a0VVck3ufZc=,0/TTeeQExJqcCllEcksE55dTL5A=
25,14,YLZG15jq+WcDPPY2a0VVck3ufZc=,0/TTeeQExJqcCllEcksE55dTL5A=
26,14,YLZG15jq+WcDPPY2a0VVck3ufZc=,0/TTeeQExJqcCllEcksE55dTL5A=
20,2,YLZG15jq+WcDPPY2a0VVck3ufZc=,Eakz/QggxpIQWlwUF+ctmZU3kMk=
21,2,YLZG15jq+WcDPPY2a0VVck3ufZc=,Eakz/QggxpIQWlwUF+ctmZU3kMk=
22,2,YLZG15jq+WcDPPY2a0VVck3ufZc=,Eakz/QggxpIQWlwUF+ctmZU3kMk=
23,2,YLZG15jq+WcDPPY2a0VVck3ufZc=,Eakz/QggxpIQWlwUF+ctmZU3kMk=
19,2,YLZG15jq+WcDPPY2a0VVck3ufZc=,Eakz/QggxpIQWlwUF+ctmZU3kMk=
16,1,YLZG15jq+WcDPPY2a0VVck3ufZc=,Eakz/QggxpIQWlwUF+ctmZU3kMk=
18,2,YLZG15jq+WcDPPY2a0VVck3ufZc=,Eakz/QggxpIQWlwUF+ctmZU3kMk=
23,6,YLZG15jq+WcDPPY2a0VVck3ufZc=,Eakz/QggxpIQWlwUF+ctmZU3kMk=
17,0,YLZG15jq+WcDPPY2a0VVck3ufZc=,Eakz/QggxpIQWlwUF+ctmZU3kMk=
17,1,YLZG15jq+WcDPPY2a0VVck3ufZc=,Eakz/QggxpIQWlwUF+ctmZU3kMk=
23,1,YLZG15jq+WcDPPY2a0VVck3ufZc=,Eakz/QggxpIQWlwUF+ctmZU3kMk=
19,1,YLZG15jq+WcDPPY2a0VVck3ufZc=,Eakz/QggxpIQWlwUF+ctmZU3kMk=
21,6,YLZG15jq+WcDPPY2a0VVck3ufZc=,Eakz/QggxpIQWlwUF+ctmZU3kMk=
20,4,YLZG15jq+WcDPPY2a0VVck3ufZc=,Eakz/QggxpIQWlwUF+ctmZU3kMk=
18,0,YLZG15jq+WcDPPY2a0VVck3ufZc=,Eakz/QggxpIQWlwUF+ctmZU3kMk=
18,1,YLZG15jq+WcDPPY2a0VVck3ufZc=,Eakz/QggxpIQWlwUF+ctmZU3kMk=
22,1,YLZG15jq+WcDPPY2a0VVck3ufZc=,Eakz/QggxpIQWlwUF+ctmZU3kMk=
17,2,YLZG15jq+WcDPPY2a0VVck3ufZc=,Eakz/QggxpIQWlwUF+ctmZU3kMk=
21,1,YLZG15jq+WcDPPY2a0VVck3ufZc=,Eakz/QggxpIQWlwUF+ctmZU3kMk=
20,1,YLZG15jq+WcDPPY2a0VVck3ufZc=,Eakz/QggxpIQWlwUF+ctmZU3kMk=
23,0,YLZG15jq+WcDPPY2a0VVck3ufZc=,Eakz/QggxpIQWlwUF+ctmZU3kMk=
22,0,YLZG15jq+WcDPPY2a0VVck3ufZc=,Eakz/QggxpIQWlwUF+ctmZU3kMk=
23,5,YLZG15jq+WcDPPY2a0VVck3ufZc=,Eakz/QggxpIQWlwUF+ctmZU3kMk=
22,6,YLZG15jq+WcDPPY2a0VVck3ufZc=,Eakz/QggxpIQWlwUF+ctmZU3kMk=
21,0,YLZG15jq+WcDPPY2a0VVck3ufZc=,Eakz/QggxpIQWlwUF+ctmZU3kMk=
23,4,YLZG15jq+WcDPPY2a0VVck3ufZc=,Eakz/QggxpIQWlwUF+ctmZU3kMk=
16,2,YLZG15jq+WcDPPY2a0VVck3ufZc=,Eakz/QggxpIQWlwUF+ctmZU3kMk=
17,5,YLZG15jq+WcDPPY2a0VVck3ufZc=,Eakz/QggxpIQWlwUF+ctmZU3kMk=
16,0,YLZG15jq+WcDPPY2a0VVck3ufZc=,Eakz/QggxpIQWlwUF+ctmZU3kMk=
16,6,YLZG15jq+WcDPPY2a0VVck3ufZc=,Eakz/QggxpIQWlwUF+ctmZU3kMk=
20,6,YLZG15jq+WcDPPY2a0VVck3ufZc=,Eakz/QggxpIQWlwUF+ctmZU3kMk=
22,5,YLZG15jq+WcDPPY2a0VVck3ufZc=,Eakz/QggxpIQWlwUF+ctmZU3kMk=
22,4,YLZG15jq+WcDPPY2a0VVck3ufZc=,Eakz/QggxpIQWlwUF+ctmZU3kMk=
19,4,YLZG15jq+WcDPPY2a0VVck3ufZc=,Eakz/QggxpIQWlwUF+ctmZU3kMk=
23,3,YLZG15jq+WcDPPY2a0VVck3ufZc=,Eakz/QggxpIQWlwUF+ctmZU3kMk=
22,3,YLZG15jq+WcDPPY2a0VVck3ufZc=,Eakz/QggxpIQWlwUF+ctmZU3kMk=
16,5,YLZG15jq+WcDPPY2a0VVck3ufZc=,Eakz/QggxpIQWlwUF+ctmZU3kMk=
21,5,YLZG15jq+WcDPPY2a0VVck3ufZc=,Eakz/QggxpIQWlwUF+ctmZU3kMk=
20,0,YLZG15jq+WcDPPY2a0VVck3ufZc=,Eakz/QggxpIQWlwUF+ctmZU3kMk=
19,0,YLZG15jq+WcDPPY2a0VVck3ufZc=,Eakz/QggxpIQWlwUF+ctmZU3kMk=
21,3,YLZG15jq+WcDPPY2a0VVck3ufZc=,Eakz/QggxpIQWlwUF+ctmZU3kMk=
18,4,YLZG15jq+WcDPPY2a0VVck3ufZc=,Eakz/QggxpIQWlwUF+ctmZU3kMk=
17,6,YLZG15jq+WcDPPY2a0VVck3ufZc=,Eakz/QggxpIQWlwUF+ctmZU3kMk=
20,5,YLZG15jq+WcDPPY2a0VVck3ufZc=,Eakz/QggxpIQWlwUF+ctmZU3kMk=
17,4,YLZG15jq+WcDPPY2a0VVck3ufZc=,Eakz/QggxpIQWlwUF+ctmZU3kMk=
19,5,YLZG15jq+WcDPPY2a0VVck3ufZc=,Eakz/QggxpIQWlwUF+ctmZU3kMk=
19,3,YLZG15jq+WcDPPY2a0VVck3ufZc=,Eakz/QggxpIQWlwUF+ctmZU3kMk=
21,4,YLZG15jq+WcDPPY2a0VVck3ufZc=,Eakz/QggxpIQWlwUF+ctmZU3kMk=
18,5,YLZG15jq+WcDPPY2a0VVck3ufZc=,Eakz/QggxpIQWlwUF+ctmZU3kMk=
16,4,YLZG15jq+WcDPPY2a0VVck3ufZc=,Eakz/QggxpIQWlwUF+ctmZU3kMk=
18,3,YLZG15jq+WcDPPY2a0VVck3ufZc=,Eakz/QggxpIQWlwUF+ctmZU3kMk=
19,6,YLZG15jq+WcDPPY2a0VVck3ufZc=,Eakz/QggxpIQWlwUF+ctmZU3kMk=
16,3,YLZG15jq+WcDPPY2a0VVck3ufZc=,Eakz/QggxpIQWlwUF+ctmZU3kMk=
20,3,YLZG15jq+WcDPPY2a0VVck3ufZc=,Eakz/QggxpIQWlwUF+ctmZU3kMk=
18,6,YLZG15jq+WcDPPY2a0VVck3ufZc=,Eakz/QggxpIQWlwUF+ctmZU3kMk=
17,3,YLZG15jq+WcDPPY2a0VVck3ufZc=,Eakz/QggxpIQWlwUF+ctmZU3kMk=
19,7,YLZG15jq+WcDPPY2a0VVck3ufZc=,Eakz/QggxpIQWlwUF+ctmZU3kMk=
18,15,YLZG15jq+WcDPPY2a0VVck3ufZc=,qY+xVh/ZWtlxPLgrB4oF+D1G0d4=
17,7,YLZG15jq+WcDPPY2a0VVck3ufZc=,Eakz/QggxpIQWlwUF+ctmZU3kMk=
24,13,YLZG15jq+WcDPPY2a0VVck3ufZc=,0/TTeeQExJqcCllEcksE55dTL5A=
19,15,YLZG15jq+WcDPPY2a0VVck3ufZc=,qY+xVh/ZWtlxPLgrB4oF+D1G0d4=
17,15,YLZG15jq+WcDPPY2a0VVck3ufZc=,qY+xVh/ZWtlxPLgrB4oF+D1G0d4=
20,7,YLZG15jq+WcDPPY2a0VVck3ufZc=,Eakz/QggxpIQWlwUF+ctmZU3kMk=
23,14,YLZG15jq+WcDPPY2a0VVck3ufZc=,qY+xVh/ZWtlxPLgrB4oF+D1G0d4=
24,12,YLZG15jq+WcDPPY2a0VVck3ufZc=,0/TTeeQExJqcCllEcksE55dTL5A=
16,15,YLZG15jq+WcDPPY2a0VVck3ufZc=,qY+xVh/ZWtlxPLgrB4oF+D1G0d4=
22,14,YLZG15jq+WcDPPY2a0VVck3ufZc=,qY+xVh/ZWtlxPLgrB4oF+D1G0d4=
21,14,YLZG15jq+WcDPPY2a0VVck3ufZc=,qY+xVh/ZWtlxPLgrB4oF+D1G0d4=
18,14,YLZG15jq+WcDPPY2a0VVck3ufZc=,qY+xVh/ZWtlxPLgrB4oF+D1G0d4=
19,14,YLZG15jq+WcDPPY2a0VVck3ufZc=,qY+xVh/ZWtlxPLgrB4oF+D1G0d4=
20,14,YLZG15jq+WcDPPY2a0VVck3ufZc=,qY+xVh/ZWtlxPLgrB4oF+D1G0d4=
24,11,YLZG15jq+WcDPPY2a0VVck3ufZc=,0/TTeeQExJqcCllEcksE55dTL5A=
17,14,YLZG15jq+WcDPPY2a0VVck3ufZc=,qY+xVh/ZWtlxPLgrB4oF+D1G0d4=
18,7,YLZG15jq+WcDPPY2a0VVck3ufZc=,Eakz/QggxpIQWlwUF+ctmZU3kMk=
16,14,YLZG15jq+WcDPPY2a0VVck3ufZc=,qY+xVh/ZWtlxPLgrB4oF+D1G0d4=
23,12,YLZG15jq+WcDPPY2a0VVck3ufZc=,qY+xVh/ZWtlxPLgrB4oF+D1G0d4=
16,7,YLZG15jq+WcDPPY2a0VVck3ufZc=,Eakz/QggxpIQWlwUF+ctmZU3kMk=
24,10,YLZG15jq+WcDPPY2a0VVck3ufZc=,0/TTeeQExJqcCllEcksE55dTL5A=
21,7,YLZG15jq+WcDPPY2a0VVck3ufZc=,Eakz/QggxpIQWlwUF+ctmZU3kMk=
22,13,YLZG15jq+WcDPPY2a0VVck3ufZc=,qY+xVh/ZWtlxPLgrB4oF+D1G0d4=
21,13,YLZG15jq+WcDPPY2a0VVck3ufZc=,qY+xVh/ZWtlxPLgrB4oF+D1G0d4=
20,13,YLZG15jq+WcDPPY2a0VVck3ufZc=,qY+xVh/ZWtlxPLgrB4oF+D1G0d4=
17,13,YLZG15jq+WcDPPY2a0VVck3ufZc=,qY+xVh/ZWtlxPLgrB4oF+D1G0d4=
18,13,YLZG15jq+WcDPPY2a0VVck3ufZc=,qY+xVh/ZWtlxPLgrB4oF+D1G0d4=
23,13,YLZG15jq+WcDPPY2a0VVck3ufZc=,qY+xVh/ZWtlxPLgrB4oF+D1G0d4=
24,9,YLZG15jq+WcDPPY2a0VVck3ufZc=,0/TTeeQExJqcCllEcksE55dTL5A=
19,13,YLZG15jq+WcDPPY2a0VVck3ufZc=,qY+xVh/ZWtlxPLgrB4oF+D1G0d4=
23,11,YLZG15jq+WcDPPY2a0VVck3ufZc=,qY+xVh/ZWtlxPLgrB4oF+D1G0d4=
22,11,YLZG15jq+WcDPPY2a0VVck3ufZc=,qY+xVh/ZWtlxPLgrB4oF+D1G0d4=
21,11,YLZG15jq+WcDPPY2a0VVck3ufZc=,qY+xVh/ZWtlxPLgrB4oF+D1G0d4=
21,12,YLZG15jq+WcDPPY2a0VVck3ufZc=,qY+xVh/ZWtlxPLgrB4oF+D1G0d4=
20,12,YLZG15jq+WcDPPY2a0VVck3ufZc=,qY+xVh/ZWtlxPLgrB4oF+D1G0d4=
22,7,YLZG15jq+WcDPPY2a0VVck3ufZc=,Eakz/QggxpIQWlwUF+ctmZU3kMk=
18,12,YLZG15jq+WcDPPY2a0VVck3ufZc=,qY+xVh/ZWtlxPLgrB4oF+D1G0d4=
19,12,YLZG15jq+WcDPPY2a0VVck3ufZc=,qY+xVh/ZWtlxPLgrB4oF+D1G0d4=
17,12,YLZG15jq+WcDPPY2a0VVck3ufZc=,qY+xVh/ZWtlxPLgrB4oF+D1G0d4=
19,11,YLZG15jq+WcDPPY2a0VVck3ufZc=,qY+xVh/ZWtlxPLgrB4oF+D1G0d4=
20,11,YLZG15jq+WcDPPY2a0VVck3ufZc=,qY+xVh/ZWtlxPLgrB4oF+D1G0d4=
22,10,YLZG15jq+WcDPPY2a0VVck3ufZc=,qY+xVh/ZWtlxPLgrB4oF+D1G0d4=
21,10,YLZG15jq+WcDPPY2a0VVck3ufZc=,qY+xVh/ZWtlxPLgrB4oF+D1G0d4=
19,10,YLZG15jq+WcDPPY2a0VVck3ufZc=,qY+xVh/ZWtlxPLgrB4oF+D1G0d4=
20,10,YLZG15jq+WcDPPY2a0VVck3ufZc=,qY+xVh/ZWtlxPLgrB4oF+D1G0d4=
23,10,YLZG15jq+WcDPPY2a0VVck3ufZc=,qY+xVh/ZWtlxPLgrB4oF+D1G0d4=
24,15,YLZG15jq+WcDPPY2a0VVck3ufZc=,0/TTeeQExJqcCllEcksE55dTL5A=
18,11,YLZG15jq+WcDPPY2a0VVck3ufZc=,qY+xVh/ZWtlxPLgrB4oF+D1G0d4=
16,12,YLZG15jq+WcDPPY2a0VVck3ufZc=,qY+xVh/ZWtlxPLgrB4oF+D1G0d4=
17,11,YLZG15jq+WcDPPY2a0VVck3ufZc=,qY+xVh/ZWtlxPLgrB4oF+D1G0d4=
24,14,YLZG15jq+WcDPPY2a0VVck3ufZc=,0/TTeeQExJqcCllEcksE55dTL5A=
16,13,YLZG15jq+WcDPPY2a0VVck3ufZc=,qY+xVh/ZWtlxPLgrB4oF+D1G0d4=
23,9,YLZG15jq+WcDPPY2a0VVck3ufZc=,qY+xVh/ZWtlxPLgrB4oF+D1G0d4=
16,11,YLZG15jq+WcDPPY2a0VVck3ufZc=,qY+xVh/ZWtlxPLgrB4oF+D1G0d4=
20,15,YLZG15jq+WcDPPY2a0VVck3ufZc=,qY+xVh/ZWtlxPLgrB4oF+D1G0d4=
22,9,YLZG15jq+WcDPPY2a0VVck3ufZc=,qY+xVh/ZWtlxPLgrB4oF+D1G0d4=
23,7,YLZG15jq+WcDPPY2a0VVck3ufZc=,Eakz/QggxpIQWlwUF+ctmZU3kMk=
22,12,YLZG15jq+WcDPPY2a0VVck3ufZc=,qY+xVh/ZWtlxPLgrB4oF+D1G0d4=
24,8,YLZG15jq+WcDPPY2a0VVck3ufZc=,0/TTeeQExJqcCllEcksE55dTL5A=
23,8,YLZG15jq+WcDPPY2a0VVck3ufZc=,qY+xVh/ZWtlxPLgrB4oF+D1G0d4=
21,9,YLZG15jq+WcDPPY2a0VVck3ufZc=,qY+xVh/ZWtlxPLgrB4oF+D1G0d4=
17,10,YLZG15jq+WcDPPY2a0VVck3ufZc=,qY+xVh/ZWtlxPLgrB4oF+D1G0d4=
18,10,YLZG15jq+WcDPPY2a0VVck3ufZc=,qY+xVh/ZWtlxPLgrB4oF+D1G0d4=
16,10,YLZG15jq+WcDPPY2a0VVck3ufZc=,qY+xVh/ZWtlxPLgrB4oF+D1G0d4=
20,9,YLZG15jq+WcDPPY2a0VVck3ufZc=,qY+xVh/ZWtlxPLgrB4oF+D1G0d4=
17,9,YLZG15jq+WcDPPY2a0VVck3ufZc=,qY+xVh/ZWtlxPLgrB4oF+D1G0d4=
16,9,YLZG15jq+WcDPPY2a0VVck3ufZc=,qY+xVh/ZWtlxPLgrB4oF+D1G0d4=
23,15,YLZG15jq+WcDPPY2a0VVck3ufZc=,qY+xVh/ZWtlxPLgrB4oF+D1G0d4=
21,8,YLZG15jq+WcDPPY2a0VVck3ufZc=,qY+xVh/ZWtlxPLgrB4oF+D1G0d4=
18,9,YLZG15jq+WcDPPY2a0VVck3ufZc=,qY+xVh/ZWtlxPLgrB4oF+D1G0d4=
20,8,YLZG15jq+WcDPPY2a0VVck3ufZc=,qY+xVh/ZWtlxPLgrB4oF+D1G0d4=
19,8,YLZG15jq+WcDPPY2a0VVck3ufZc=,qY+xVh/ZWtlxPLgrB4oF+D1G0d4=
19,9,YLZG15jq+WcDPPY2a0VVck3ufZc=,qY+xVh/ZWtlxPLgrB4oF+D1G0d4=
21,15,YLZG15jq+WcDPPY2a0VVck3ufZc=,qY+xVh/ZWtlxPLgrB4oF+D1G0d4=
22,8,YLZG15jq+WcDPPY2a0VVck3ufZc=,qY+xVh/ZWtlxPLgrB4oF+D1G0d4=
18,8,YLZG15jq+WcDPPY2a0VVck3ufZc=,qY+xVh/ZWtlxPLgrB4oF+D1G0d4=
17,8,YLZG15jq+WcDPPY2a0VVck3ufZc=,qY+xVh/ZWtlxPLgrB4oF+D1G0d4=
16,8,YLZG15jq+WcDPPY2a0VVck3ufZc=,qY+xVh/ZWtlxPLgrB4oF+D1G0d4=
22,15,YLZG15jq+WcDPPY2a0VVck3ufZc=,qY+xVh/ZWtlxPLgrB4oF+D1G0d4=
25,1,YLZG15jq+WcDPPY2a0VVck3ufZc=,4BnXR9wLZSsPAQSwgDem1KPBHVA=
30,6,YLZG15jq+WcDPPY2a0VVck3ufZc=,4BnXR9wLZSsPAQSwgDem1KPBHVA=
29,6,YLZG15jq+WcDPPY2a0VVck3ufZc=,4BnXR9wLZSsPAQSwgDem1KPBHVA=
28,6,YLZG15jq+WcDPPY2a0VVck3ufZc=,4BnXR9wLZSsPAQSwgDem1KPBHVA=
27,6,YLZG15jq+WcDPPY2a0VVck3ufZc=,4BnXR9wLZSsPAQSwgDem1KPBHVA=
25,6,YLZG15jq+WcDPPY2a0VVck3ufZc=,4BnXR9wLZSsPAQSwgDem1KPBHVA=
30,5,YLZG15jq+WcDPPY2a0VVck3ufZc=,4BnXR9wLZSsPAQSwgDem1KPBHVA=
29,5,YLZG15jq+WcDPPY2a0VVck3ufZc=,4BnXR9wLZSsPAQSwgDem1KPBHVA=
27,5,YLZG15jq+WcDPPY2a0VVck3ufZc=,4BnXR9wLZSsPAQSwgDem1KPBHVA=
28,5,YLZG15jq+WcDPPY2a0VVck3ufZc=,4BnXR9wLZSsPAQSwgDem1KPBHVA=
25,5,YLZG15jq+WcDPPY2a0VVck3ufZc=,4BnXR9wLZSsPAQSwgDem1KPBHVA=
30,4,YLZG15jq+WcDPPY2a0VVck3ufZc=,4BnXR9wLZSsPAQSwgDem1KPBHVA=
29,4,YLZG15jq+WcDPPY2a0VVck3ufZc=,4BnXR9wLZSsPAQSwgDem1KPBHVA=
28,4,YLZG15jq+WcDPPY2a0VVck3ufZc=,4BnXR9wLZSsPAQSwgDem1KPBHVA=
26,5,YLZG15jq+WcDPPY2a0VVck3ufZc=,4BnXR9wLZSsPAQSwgDem1KPBHVA=
27,4,YLZG15jq+WcDPPY2a0VVck3ufZc=,4BnXR9wLZSsPAQSwgDem1KPBHVA=
25,4,YLZG15jq+WcDPPY2a0VVck3ufZc=,4BnXR9wLZSsPAQSwgDem1KPBHVA=
30,3,YLZG15jq+WcDPPY2a0VVck3ufZc=,4BnXR9wLZSsPAQSwgDem1KPBHVA=
29,3,YLZG15jq+WcDPPY2a0VVck3ufZc=,4BnXR9wLZSsPAQSwgDem1KPBHVA=
28,3,Cq3KdjaLf9t5httfAZV4Mk99d7k=,4BnXR9wLZSsPAQSwgDem1KPBHVA=
27,3,QcWc1hbQ5OJdJpBa77C/cwZIrQQ=,4BnXR9wLZSsPAQSwgDem1KPBHVA=
25,3,QcWc1hbQ5OJdJpBa77C/cwZIrQQ=,4BnXR9wLZSsPAQSwgDem1KPBHVA=
26,3,QcWc1hbQ5OJdJpBa77C/cwZIrQQ=,4BnXR9wLZSsPAQSwgDem1KPBHVA=
29,2,YLZG15jq+WcDPPY2a0VVck3ufZc=,4BnXR9wLZSsPAQSwgDem1KPBHVA=
30,2,YLZG15jq+WcDPPY2a0VVck3ufZc=,4BnXR9wLZSsPAQSwgDem1KPBHVA=
28,2,YLZG15jq+WcDPPY2a0VVck3ufZc=,4BnXR9wLZSsPAQSwgDem1KPBHVA=
27,2,YLZG15jq+WcDPPY2a0VVck3ufZc=,4BnXR9wLZSsPAQSwgDem1KPBHVA=
26,2,YLZG15jq+WcDPPY2a0VVck3ufZc=,4BnXR9wLZSsPAQSwgDem1KPBHVA=
25,2,YLZG15jq+WcDPPY2a0VVck3ufZc=,4BnXR9wLZSsPAQSwgDem1KPBHVA=
30,1,YLZG15jq+WcDPPY2a0VVck3ufZc=,4BnXR9wLZSsPAQSwgDem1KPBHVA=
29,1,YLZG15jq+WcDPPY2a0VVck3ufZc=,4BnXR9wLZSsPAQSwgDem1KPBHVA=
28,1,YLZG15jq+WcDPPY2a0VVck3ufZc=,4BnXR9wLZSsPAQSwgDem1KPBHVA=
27,1,YLZG15jq+WcDPPY2a0VVck3ufZc=,4BnXR9wLZSsPAQSwgDem1KPBHVA=
26,1,YLZG15jq+WcDPPY2a0VVck3ufZc=,4BnXR9wLZSsPAQSwgDem1KPBHVA=
26,4,YLZG15jq+WcDPPY2a0VVck3ufZc=,4BnXR9wLZSsPAQSwgDem1KPBHVA=
31,6,YLZG15jq+WcDPPY2a0VVck3ufZc=,4BnXR9wLZSsPAQSwgDem1KPBHVA=
31,1,YLZG15jq+WcDPPY2a0VVck3ufZc=,4BnXR9wLZSsPAQSwgDem1KPBHVA=
31,5,YLZG15jq+WcDPPY2a0VVck3ufZc=,4BnXR9wLZSsPAQSwgDem1KPBHVA=
31,4,YLZG15jq+WcDPPY2a0VVck3ufZc=,4BnXR9wLZSsPAQSwgDem1KPBHVA=
31,2,YLZG15jq+WcDPPY2a0VVck3ufZc=,4BnXR9wLZSsPAQSwgDem1KPBHVA=
31,3,YLZG15jq+WcDPPY2a0VVck3ufZc=,4BnXR9wLZSsPAQSwgDem1KPBHVA=
25,0,YLZG15jq+WcDPPY2a0VVck3ufZc=,4BnXR9wLZSsPAQSwgDem1KPBHVA=
26,0,YLZG15jq+WcDPPY2a0VVck3ufZc=,4BnXR9wLZSsPAQSwgDem1KPBHVA=
27,0,YLZG15jq+WcDPPY2a0VVck3ufZc=,4BnXR9wLZSsPAQSwgDem1KPBHVA=
28,0,YLZG15jq+WcDPPY2a0VVck3ufZc=,4BnXR9wLZSsPAQSwgDem1KPBHVA=
29,0,YLZG15jq+WcDPPY2a0VVck3ufZc=,4BnXR9wLZSsPAQSwgDem1KPBHVA=
30,0,YLZG15jq+WcDPPY2a0VVck3ufZc=,4BnXR9wLZSsPAQSwgDem1KPBHVA=
31,0,YLZG15jq+WcDPPY2a0VVck3ufZc=,4BnXR9wLZSsPAQSwgDem1KPBHVA=
27,7,YLZG15jq+WcDPPY2a0VVck3ufZc=,4BnXR9wLZSsPAQSwgDem1KPBHVA=
28,7,YLZG15jq+WcDPPY2a0VVck3ufZc=,4BnXR9wLZSsPAQSwgDem1KPBHVA=
29,7,YLZG15jq+WcDPPY2a0VVck3ufZc=,4BnXR9wLZSsPAQSwgDem1KPBHVA=
26,7,YLZG15jq+WcDPPY2a0VVck3ufZc=,4BnXR9wLZSsPAQSwgDem1KPBHVA=
30,7,YLZG15jq+WcDPPY2a0VVck3ufZc=,4BnXR9wLZSsPAQSwgDem1KPBHVA=
25,7,YLZG15jq+WcDPPY2a0VVck3ufZc=,4BnXR9wLZSsPAQSwgDem1KPBHVA=
31,7,YLZG15jq+WcDPPY2a0VVck3ufZc=,4BnXR9wLZSsPAQSwgDem1KPBHVA=
24,6,YLZG15jq+WcDPPY2a0VVck3ufZc=,4BnXR9wLZSsPAQSwgDem1KPBHVA=
24,5,YLZG15jq+WcDPPY2a0VVck3ufZc=,4BnXR9wLZSsPAQSwgDem1KPBHVA=
24,4,YLZG15jq+WcDPPY2a0VVck3ufZc=,4BnXR9wLZSsPAQSwgDem1KPBHVA=
24,3,YLZG15jq+WcDPPY2a0VVck3ufZc=,4BnXR9wLZSsPAQSwgDem1KPBHVA=
24,2,YLZG15jq+WcDPPY2a0VVck3ufZc=,4BnXR9wLZSsPAQSwgDem1KPBHVA=
24,1,YLZG15jq+WcDPPY2a0VVck3ufZc=,4BnXR9wLZSsPAQSwgDem1KPBHVA=
24,0,YLZG15jq+WcDPPY2a0VVck3ufZc=,4BnXR9wLZSsPAQSwgDem1KPBHVA=
24,7,YLZG15jq+WcDPPY2a0VVck3ufZc=,4BnXR9wLZSsPAQSwgDem1KPBHVA=
26,6,YLZG15jq+WcDPPY2a0VVck3ufZc=,4BnXR9wLZSsPAQSwgDem1KPBHVA=
