-64,96,l+YTrrMd6Z4BQo/PswLF7GYDhKo=,Ii7ZrwpzW9LJr+d4Bf3ovk6zteU=
-49,97,l+YTrrMd6Z4BQo/PswLF7GYDhKo=,Ii7ZrwpzW9LJr+d4Bf3ovk6zteU=
-64,98,l+YTrrMd6Z4BQo/PswLF7GYDhKo=,Ii7ZrwpzW9LJr+d4Bf3ovk6zteU=
-49,96,l+YTrrMd6Z4BQo/PswLF7GYDhKo=,Ii7ZrwpzW9LJr+d4Bf3ovk6zteU=
-50,97,l+YTrrMd6Z4BQo/PswLF7GYDhKo=,Ii7ZrwpzW9LJr+d4Bf3ovk6zteU=
-53,111,l+YTrrMd6Z4BQo/PswLF7GYDhKo=,Ii7ZrwpzW9LJr+d4Bf3ovk6zteU=
-51,111,l+YTrrMd6Z4BQo/PswLF7GYDhKo=,Ii7ZrwpzW9LJr+d4Bf3ovk6zteU=
-52,111,l+YTrrMd6Z4BQo/PswLF7GYDhKo=,Ii7ZrwpzW9LJr+d4Bf3ovk6zteU=
-49,111,l+YTrrMd6Z4BQo/PswLF7GYDhKo=,Ii7ZrwpzW9LJr+d4Bf3ovk6zteU=
-55,111,l+YTrrMd6Z4BQo/PswLF7GYDhKo=,Ii7ZrwpzW9LJr+d4Bf3ovk6zteU=
-56,111,l+YTrrMd6Z4BQo/PswLF7GYDhKo=,Ii7ZrwpzW9LJr+d4Bf3ovk6zteU=
-57,111,l+YTrrMd6Z4BQo/PswLF7GYDhKo=,Ii7ZrwpzW9LJr+d4Bf3ovk6zteU=
-60,111,l+YTrrMd6Z4BQo/PswLF7GYDhKo=,Ii7ZrwpzW9LJr+d4Bf3ovk6zteU=
-59,111,l+YTrrMd6Z4BQo/PswLF7GYDhKo=,Ii7ZrwpzW9LJr+d4Bf3ovk6zteU=
-62,111,l+YTrrMd6Z4BQo/PswLF7GYDhKo=,Ii7ZrwpzW9LJr+d4Bf3ovk6zteU=
-61,111,l+YTrrMd6Z4BQo/PswLF7GYDhKo=,Ii7ZrwpzW9LJr+d4Bf3ovk6zteU=
-58,111,l+YTrrMd6Z4BQo/PswLF7GYDhKo=,Ii7ZrwpzW9LJr+d4Bf3ovk6zteU=
-63,111,l+YTrrMd6Z4BQo/PswLF7GYDhKo=,Ii7ZrwpzW9LJr+d4Bf3ovk6zteU=
-50,96,l+YTrrMd6Z4BQo/PswLF7GYDhKo=,Ii7ZrwpzW9LJr+d4Bf3ovk6zteU=
-52,96,l+YTrrMd6Z4BQo/PswLF7GYDhKo=,Ii7ZrwpzW9LJr+d4Bf3ovk6zteU=
-53,96,l+YTrrMd6Z4BQo/PswLF7GYDhKo=,Ii7ZrwpzW9LJr+d4Bf3ovk6zteU=
-54,96,l+YTrrMd6Z4BQo/PswLF7GYDhKo=,Ii7ZrwpzW9LJr+d4Bf3ovk6zteU=
-56,96,l+YTrrMd6Z4BQo/PswLF7GYDhKo=,Ii7ZrwpzW9LJr+d4Bf3ovk6zteU=
-51,96,l+YTrrMd6Z4BQo/PswLF7GYDhKo=,Ii7ZrwpzW9LJr+d4Bf3ovk6zteU=
-57,96,l+YTrrMd6Z4BQo/PswLF7GYDhKo=,Ii7ZrwpzW9LJr+d4Bf3ovk6zteU=
-59,96,l+YTrrMd6Z4BQo/PswLF7GYDhKo=,Ii7ZrwpzW9LJr+d4Bf3ovk6zteU=
-55,96,l+YTrrMd6Z4BQo/PswLF7GYDhKo=,Ii7ZrwpzW9LJr+d4Bf3ovk6zteU=
-60,96,l+YTrrMd6Z4BQo/PswLF7GYDhKo=,Ii7ZrwpzW9LJr+d4Bf3ovk6zteU=
-61,96,l+YTrrMd6Z4BQo/PswLF7GYDhKo=,Ii7ZrwpzW9LJr+d4Bf3ovk6zteU=
-62,96,l+YTrrMd6Z4BQo/PswLF7GYDhKo=,Ii7ZrwpzW9LJr+d4Bf3ovk6zteU=
-63,96,l+YTrrMd6Z4BQo/PswLF7GYDhKo=,Ii7ZrwpzW9LJr+d4Bf3ovk6zteU=
-64,111,l+YTrrMd6Z4BQo/PswLF7GYDhKo=,Ii7ZrwpzW9LJr+d4Bf3ovk6zteU=
-51,97,l+YTrrMd6Z4BQo/PswLF7GYDhKo=,Ii7ZrwpzW9LJr+d4Bf3ovk6zteU=
-58,96,l+YTrrMd6Z4BQo/PswLF7GYDhKo=,Ii7ZrwpzW9LJr+d4Bf3ovk6zteU=
-49,110,l+YTrrMd6Z4BQo/PswLF7GYDhKo=,Ii7ZrwpzW9LJr+d4Bf3ovk6zteU=
-51,110,l+YTrrMd6Z4BQo/PswLF7GYDhKo=,Ii7ZrwpzW9LJr+d4Bf3ovk6zteU=
-52,110,l+YTrrMd6Z4BQo/PswLF7GYDhKo=,Ii7ZrwpzW9LJr+d4Bf3ovk6zteU=
-53,110,l+YTrrMd6Z4BQo/PswLF7GYDhKo=,Ii7ZrwpzW9LJr+d4Bf3ovk6zteU=
-54,110,l+YTrrMd6Z4BQo/PswLF7GYDhKo=,Ii7ZrwpzW9LJr+d4Bf3ovk6zteU=
-50,110,l+YTrrMd6Z4BQo/PswLF7GYDhKo=,Ii7ZrwpzW9LJr+d4Bf3ovk6zteU=
-56,110,l+YTrrMd6Z4BQo/PswLF7GYDhKo=,Ii7ZrwpzW9LJr+d4Bf3ovk6zteU=
-57,110,l+YTrrMd6Z4BQo/PswLF7GYDhKo=,Ii7ZrwpzW9LJr+d4Bf3ovk6zteU=
-58,110,l+YTrrMd6Z4BQo/PswLF7GYDhKo=,Ii7ZrwpzW9LJr+d4Bf3ovk6zteU=
-59,110,l+YTrrMd6Z4BQo/PswLF7GYDhKo=,Ii7ZrwpzW9LJr+d4Bf3ovk6zteU=
-61,110,l+YTrrMd6Z4BQo/PswLF7GYDhKo=,Ii7ZrwpzW9LJr+d4Bf3ovk6zteU=
-52,97,l+YTrrMd6Z4BQo/PswLF7GYDhKo=,Ii7ZrwpzW9LJr+d4Bf3ovk6zteU=
-60,110,l+YTrrMd6Z4BQo/PswLF7GYDhKo=,Ii7ZrwpzW9LJr+d4Bf3ovk6zteU=
-63,110,l+YTrrMd6Z4BQo/PswLF7GYDhKo=,Ii7ZrwpzW9LJr+d4Bf3ovk6zteU=
-64,110,l+YTrrMd6Z4BQo/PswLF7GYDhKo=,Ii7ZrwpzW9LJr+d4Bf3ovk6zteU=
-49,109,l+YTrrMd6Z4BQo/PswLF7GYDhKo=,Ii7ZrwpzW9LJr+d4Bf3ovk6zteU=
-50,109,l+YTrrMd6Z4BQo/PswLF7GYDhKo=,Ii7ZrwpzW9LJr+d4Bf3ovk6zteU=
-55,110,l+YTrrMd6Z4BQo/PswLF7GYDhKo=,Ii7ZrwpzW9LJr+d4Bf3ovk6zteU=
-62,110,l+YTrrMd6Z4BQo/PswLF7GYDhKo=,Ii7ZrwpzW9LJr+d4Bf3ovk6zteU=
-51,109,l+YTrrMd6Z4BQo/PswLF7GYDhKo=,Ii7ZrwpzW9LJr+d4Bf3ovk6zteU=
-53,109,l+YTrrMd6Z4BQo/PswLF7GYDhKo=,Ii7ZrwpzW9LJr+d4Bf3ovk6zteU=
-54,109,l+YTrrMd6Z4BQo/PswLF7GYDhKo=,Ii7ZrwpzW9LJr+d4Bf3ovk6zteU=
-52,109,l+YTrrMd6Z4BQo/PswLF7GYDhKo=,Ii7ZrwpzW9LJr+d4Bf3ovk6zteU=
-55,109,l+YTrrMd6Z4BQo/PswLF7GYDhKo=,Ii7ZrwpzW9LJr+d4Bf3ovk6zteU=
-56,109,l+YTrrMd6Z4BQo/PswLF7GYDhKo=,Ii7ZrwpzW9LJr+d4Bf3ovk6zteU=
-57,109,l+YTrrMd6Z4BQo/PswLF7GYDhKo=,Ii7ZrwpzW9LJr+d4Bf3ovk6zteU=
-59,109,l+YTrrMd6Z4BQo/PswLF7GYDhKo=,Ii7ZrwpzW9LJr+d4Bf3ovk6zteU=
-58,109,l+YTrrMd6Z4BQo/PswLF7GYDhKo=,Ii7ZrwpzW9LJr+d4Bf3ovk6zteU=
-61,109,l+YTrrMd6Z4BQo/PswLF7GYDhKo=,Ii7ZrwpzW9LJr+d4Bf3ovk6zteU=
-60,109,l+YTrrMd6Z4BQo/PswLF7GYDhKo=,Ii7ZrwpzW9LJr+d4Bf3ovk6zteU=
-62,109,l+YTrrMd6Z4BQo/PswLF7GYDhKo=,Ii7ZrwpzW9LJr+d4Bf3ovk6zteU=
-63,109,l+YTrrMd6Z4BQo/PswLF7GYDhKo=,Ii7ZrwpzW9LJr+d4Bf3ovk6zteU=
-49,108,l+YTrrMd6Z4BQo/PswLF7GYDhKo=,Ii7ZrwpzW9LJr+d4Bf3ovk6zteU=
-64,109,l+YTrrMd6Z4BQo/PswLF7GYDhKo=,Ii7ZrwpzW9LJr+d4Bf3ovk6zteU=
-51,108,l+YTrrMd6Z4BQo/PswLF7GYDhKo=,Ii7ZrwpzW9LJr+d4Bf3ovk6zteU=
-50,108,l+YTrrMd6Z4BQo/PswLF7GYDhKo=,Ii7ZrwpzW9LJr+d4Bf3ovk6zteU=
-52,108,l+YTrrMd6Z4BQo/PswLF7GYDhKo=,Ii7ZrwpzW9LJr+d4Bf3ovk6zteU=
-53,97,l+YTrrMd6Z4BQo/PswLF7GYDhKo=,Ii7ZrwpzW9LJr+d4Bf3ovk6zteU=
-54,108,l+YTrrMd6Z4BQo/PswLF7GYDhKo=,Ii7ZrwpzW9LJr+d4Bf3ovk6zteU=
-57,108,l+YTrrMd6Z4BQo/PswLF7GYDhKo=,Ii7ZrwpzW9LJr+d4Bf3ovk6zteU=
-53,108,l+YTrrMd6Z4BQo/PswLF7GYDhKo=,Ii7ZrwpzW9LJr+d4Bf3ovk6zteU=
-56,108,l+YTrrMd6Z4BQo/PswLF7GYDhKo=,Ii7ZrwpzW9LJr+d4Bf3ovk6zteU=
-60,108,l+YTrrMd6Z4BQo/PswLF7GYDhKo=,Ii7ZrwpzW9LJr+d4Bf3ovk6zteU=
-54,97,l+YTrrMd6Z4BQo/PswLF7GYDhKo=,Ii7ZrwpzW9LJr+d4Bf3ovk6zteU=
-59,108,l+YTrrMd6Z4BQo/PswLF7GYDhKo=,Ii7ZrwpzW9LJr+d4Bf3ovk6zteU=
-55,108,l+YTrrMd6Z4BQo/PswLF7GYDhKo=,Ii7ZrwpzW9LJr+d4Bf3ovk6zteU=
-62,108,l+YTrrMd6Z4BQo/PswLF7GYDhKo=,Ii7ZrwpzW9LJr+d4Bf3ovk6zteU=
-50,107,l+YTrrMd6Z4BQo/PswLF7GYDhKo=,Ii7ZrwpzW9LJr+d4Bf3ovk6zteU=
-63,108,l+YTrrMd6Z4BQo/PswLF7GYDhKo=,Ii7ZrwpzW9LJr+d4Bf3ovk6zteU=
-49,107,l+YTrrMd6Z4BQo/PswLF7GYDhKo=,Ii7ZrwpzW9LJr+d4Bf3ovk6zteU=
-52,107,l+YTrrMd6Z4BQo/PswLF7GYDhKo=,Ii7ZrwpzW9LJr+d4Bf3ovk6zteU=
-58,108,l+YTrrMd6Z4BQo/PswLF7GYDhKo=,Ii7ZrwpzW9LJr+d4Bf3ovk6zteU=
-64,108,l+YTrrMd6Z4BQo/PswLF7GYDhKo=,Ii7ZrwpzW9LJr+d4Bf3ovk6zteU=
-53,107,l+YTrrMd6Z4BQo/PswLF7GYDhKo=,Ii7ZrwpzW9LJr+d4Bf3ovk6zteU=
-61,108,l+YTrrMd6Z4BQo/PswLF7GYDhKo=,Ii7ZrwpzW9LJr+d4Bf3ovk6zteU=
-54,107,l+YTrrMd6Z4BQo/PswLF7GYDhKo=,Ii7ZrwpzW9LJr+d4Bf3ovk6zteU=
-56,107,l+YTrrMd6Z4BQo/PswLF7GYDhKo=,Ii7ZrwpzW9LJr+d4Bf3ovk6zteU=
-57,107,l+YTrrMd6Z4BQo/PswLF7GYDhKo=,Ii7ZrwpzW9LJr+d4Bf3ovk6zteU=
-55,107,l+YTrrMd6Z4BQo/PswLF7GYDhKo=,Ii7ZrwpzW9LJr+d4Bf3ovk6zteU=
-58,107,l+YTrrMd6Z4BQo/PswLF7GYDhKo=,Ii7ZrwpzW9LJr+d4Bf3ovk6zteU=
-55,97,l+YTrrMd6Z4BQo/PswLF7GYDhKo=,Ii7ZrwpzW9LJr+d4Bf3ovk6zteU=
-60,107,l+YTrrMd6Z4BQo/PswLF7GYDhKo=,Ii7ZrwpzW9LJr+d4Bf3ovk6zteU=
-61,107,l+YTrrMd6Z4BQo/PswLF7GYDhKo=,Ii7ZrwpzW9LJr+d4Bf3ovk6zteU=
-63,107,l+YTrrMd6Z4BQo/PswLF7GYDhKo=,Ii7ZrwpzW9LJr+d4Bf3ovk6zteU=
-59,107,l+YTrrMd6Z4BQo/PswLF7GYDhKo=,Ii7ZrwpzW9LJr+d4Bf3ovk6zteU=
-64,107,l+YTrrMd6Z4BQo/PswLF7GYDhKo=,Ii7ZrwpzW9LJr+d4Bf3ovk6zteU=
-51,107,l+YTrrMd6Z4BQo/PswLF7GYDhKo=,Ii7ZrwpzW9LJr+d4Bf3ovk6zteU=
-62,107,l+YTrrMd6Z4BQo/PswLF7GYDhKo=,Ii7ZrwpzW9LJr+d4Bf3ovk6zteU=
-51,106,l+YTrrMd6Z4BQo/PswLF7GYDhKo=,Ii7ZrwpzW9LJr+d4Bf3ovk6zteU=
-50,106,l+YTrrMd6Z4BQo/PswLF7GYDhKo=,Ii7ZrwpzW9LJr+d4Bf3ovk6zteU=
-53,106,l+YTrrMd6Z4BQo/PswLF7GYDhKo=,Ii7ZrwpzW9LJr+d4Bf3ovk6zteU=
-49,106,l+YTrrMd6Z4BQo/PswLF7GYDhKo=,Ii7ZrwpzW9LJr+d4Bf3ovk6zteU=
-52,106,l+YTrrMd6Z4BQo/PswLF7GYDhKo=,Ii7ZrwpzW9LJr+d4Bf3ovk6zteU=
-54,106,l+YTrrMd6Z4BQo/PswLF7GYDhKo=,Ii7ZrwpzW9LJr+d4Bf3ovk6zteU=
-56,106,l+YTrrMd6Z4BQo/PswLF7GYDhKo=,Ii7ZrwpzW9LJr+d4Bf3ovk6zteU=
-57,106,l+YTrrMd6Z4BQo/PswLF7GYDhKo=,Ii7ZrwpzW9LJr+d4Bf3ovk6zteU=
-55,106,l+YTrrMd6Z4BQo/PswLF7GYDhKo=,Ii7ZrwpzW9LJr+d4Bf3ovk6zteU=
-58,106,l+YTrrMd6Z4BQo/PswLF7GYDhKo=,Ii7ZrwpzW9LJr+d4Bf3ovk6zteU=
-59,106,l+YTrrMd6Z4BQo/PswLF7GYDhKo=,Ii7ZrwpzW9LJr+d4Bf3ovk6zteU=
-56,97,l+YTrrMd6Z4BQo/PswLF7GYDhKo=,Ii7ZrwpzW9LJr+d4Bf3ovk6zteU=
-62,106,l+YTrrMd6Z4BQo/PswLF7GYDhKo=,Ii7ZrwpzW9LJr+d4Bf3ovk6zteU=
-61,106,l+YTrrMd6Z4BQo/PswLF7GYDhKo=,Ii7ZrwpzW9LJr+d4Bf3ovk6zteU=
-60,106,l+YTrrMd6Z4BQo/PswLF7GYDhKo=,Ii7ZrwpzW9LJr+d4Bf3ovk6zteU=
-63,106,l+YTrrMd6Z4BQo/PswLF7GYDhKo=,Ii7ZrwpzW9LJr+d4Bf3ovk6zteU=
-64,106,l+YTrrMd6Z4BQo/PswLF7GYDhKo=,Ii7ZrwpzW9LJr+d4Bf3ovk6zteU=
-50,105,l+YTrrMd6Z4BQo/PswLF7GYDhKo=,Ii7ZrwpzW9LJr+d4Bf3ovk6zteU=
-49,105,l+YTrrMd6Z4BQo/PswLF7GYDhKo=,Ii7ZrwpzW9LJr+d4Bf3ovk6zteU=
-51,105,l+YTrrMd6Z4BQo/PswLF7GYDhKo=,Ii7ZrwpzW9LJr+d4Bf3ovk6zteU=
-53,105,l+YTrrMd6Z4BQo/PswLF7GYDhKo=,Ii7ZrwpzW9LJr+d4Bf3ovk6zteU=
-52,105,l+YTrrMd6Z4BQo/PswLF7GYDhKo=,Ii7ZrwpzW9LJr+d4Bf3ovk6zteU=
-54,105,l+YTrrMd6Z4BQo/PswLF7GYDhKo=,Ii7ZrwpzW9LJr+d4Bf3ovk6zteU=
-55,105,l+YTrrMd6Z4BQo/PswLF7GYDhKo=,Ii7ZrwpzW9LJr+d4Bf3ovk6zteU=
-56,105,l+YTrrMd6Z4BQo/PswLF7GYDhKo=,Ii7ZrwpzW9LJr+d4Bf3ovk6zteU=
-57,105,l+YTrrMd6Z4BQo/PswLF7GYDhKo=,Ii7ZrwpzW9LJr+d4Bf3ovk6zteU=
-58,105,l+YTrrMd6Z4BQo/PswLF7GYDhKo=,Ii7ZrwpzW9LJr+d4Bf3ovk6zteU=
-57,97,l+YTrrMd6Z4BQo/PswLF7GYDhKo=,Ii7ZrwpzW9LJr+d4Bf3ovk6zteU=
-59,105,l+YTrrMd6Z4BQo/PswLF7GYDhKo=,Ii7ZrwpzW9LJr+d4Bf3ovk6zteU=
-61,105,l+YTrrMd6Z4BQo/PswLF7GYDhKo=,Ii7ZrwpzW9LJr+d4Bf3ovk6zteU=
-60,105,l+YTrrMd6Z4BQo/PswLF7GYDhKo=,Ii7ZrwpzW9LJr+d4Bf3ovk6zteU=
-64,105,l+YTrrMd6Z4BQo/PswLF7GYDhKo=,Ii7ZrwpzW9LJr+d4Bf3ovk6zteU=
-63,105,l+YTrrMd6Z4BQo/PswLF7GYDhKo=,Ii7ZrwpzW9LJr+d4Bf3ovk6zteU=
-62,105,l+YTrrMd6Z4BQo/PswLF7GYDhKo=,Ii7ZrwpzW9LJr+d4Bf3ovk6zteU=
-50,104,l+YTrrMd6Z4BQo/PswLF7GYDhKo=,Ii7ZrwpzW9LJr+d4Bf3ovk6zteU=
-51,104,l+YTrrMd6Z4BQo/PswLF7GYDhKo=,Ii7ZrwpzW9LJr+d4Bf3ovk6zteU=
-53,104,l+YTrrMd6Z4BQo/PswLF7GYDhKo=,Ii7ZrwpzW9LJr+d4Bf3ovk6zteU=
-52,104,l+YTrrMd6Z4BQo/PswLF7GYDhKo=,Ii7ZrwpzW9LJr+d4Bf3ovk6zteU=
-54,104,l+YTrrMd6Z4BQo/PswLF7GYDhKo=,Ii7ZrwpzW9LJr+d4Bf3ovk6zteU=
-55,104,l+YTrrMd6Z4BQo/PswLF7GYDhKo=,Ii7ZrwpzW9LJr+d4Bf3ovk6zteU=
-49,104,l+YTrrMd6Z4BQo/PswLF7GYDhKo=,Ii7ZrwpzW9LJr+d4Bf3ovk6zteU=
-58,97,l+YTrrMd6Z4BQo/PswLF7GYDhKo=,Ii7ZrwpzW9LJr+d4Bf3ovk6zteU=
-56,104,l+YTrrMd6Z4BQo/PswLF7GYDhKo=,Ii7ZrwpzW9LJr+d4Bf3ovk6zteU=
-57,104,l+YTrrMd6Z4BQo/PswLF7GYDhKo=,Ii7ZrwpzW9LJr+d4Bf3ovk6zteU=
-59,104,l+YTrrMd6Z4BQo/PswLF7GYDhKo=,Ii7ZrwpzW9LJr+d4Bf3ovk6zteU=
-49,103,l+YTrrMd6Z4BQo/PswLF7GYDhKo=,Ii7ZrwpzW9LJr+d4Bf3ovk6zteU=
-62,104,l+YTrrMd6Z4BQo/PswLF7GYDhKo=,Ii7ZrwpzW9LJr+d4Bf3ovk6zteU=
-63,104,l+YTrrMd6Z4BQo/PswLF7GYDhKo=,Ii7ZrwpzW9LJr+d4Bf3ovk6zteU=
-60,104,l+YTrrMd6Z4BQo/PswLF7GYDhKo=,Ii7ZrwpzW9LJr+d4Bf3ovk6zteU=
-64,104,l+YTrrMd6Z4BQo/PswLF7GYDhKo=,Ii7ZrwpzW9LJr+d4Bf3ovk6zteU=
-61,104,l+YTrrMd6Z4BQo/PswLF7GYDhKo=,Ii7ZrwpzW9LJr+d4Bf3ovk6zteU=
-58,104,l+YTrrMd6Z4BQo/PswLF7GYDhKo=,Ii7ZrwpzW9LJr+d4Bf3ovk6zteU=
-52,103,l+YTrrMd6Z4BQo/PswLF7GYDhKo=,Ii7ZrwpzW9LJr+d4Bf3ovk6zteU=
-50,103,l+YTrrMd6Z4BQo/PswLF7GYDhKo=,Ii7ZrwpzW9LJr+d4Bf3ovk6zteU=
-51,103,l+YTrrMd6Z4BQo/PswLF7GYDhKo=,Ii7ZrwpzW9LJr+d4Bf3ovk6zteU=
-55,103,l+YTrrMd6Z4BQo/PswLF7GYDhKo=,Ii7ZrwpzW9LJr+d4Bf3ovk6zteU=
-53,103,l+YTrrMd6Z4BQo/PswLF7GYDhKo=,Ii7ZrwpzW9LJr+d4Bf3ovk6zteU=
-54,103,l+YTrrMd6Z4BQo/PswLF7GYDhKo=,Ii7ZrwpzW9LJr+d4Bf3ovk6zteU=
-56,103,l+YTrrMd6Z4BQo/PswLF7GYDhKo=,Ii7ZrwpzW9LJr+d4Bf3ovk6zteU=
-59,97,l+YTrrMd6Z4BQo/PswLF7GYDhKo=,Ii7ZrwpzW9LJr+d4Bf3ovk6zteU=
-57,103,l+YTrrMd6Z4BQo/PswLF7GYDhKo=,Ii7ZrwpzW9LJr+d4Bf3ovk6zteU=
-59,103,l+YTrrMd6Z4BQo/PswLF7GYDhKo=,Ii7ZrwpzW9LJr+d4Bf3ovk6zteU=
-61,103,l+YTrrMd6Z4BQo/PswLF7GYDhKo=,Ii7ZrwpzW9LJr+d4Bf3ovk6zteU=
-58,103,l+YTrrMd6Z4BQo/PswLF7GYDhKo=,Ii7ZrwpzW9LJr+d4Bf3ovk6zteU=
-60,103,l+YTrrMd6Z4BQo/PswLF7GYDhKo=,Ii7ZrwpzW9LJr+d4Bf3ovk6zteU=
-62,103,l+YTrrMd6Z4BQo/PswLF7GYDhKo=,Ii7ZrwpzW9LJr+d4Bf3ovk6zteU=
-64,103,l+YTrrMd6Z4BQo/PswLF7GYDhKo=,Ii7ZrwpzW9LJr+d4Bf3ovk6zteU=
-63,103,l+YTrrMd6Z4BQo/PswLF7GYDhKo=,Ii7ZrwpzW9LJr+d4Bf3ovk6zteU=
-50,102,l+YTrrMd6Z4BQo/PswLF7GYDhKo=,Ii7ZrwpzW9LJr+d4Bf3ovk6zteU=
-51,102,l+YTrrMd6Z4BQo/PswLF7GYDhKo=,Ii7ZrwpzW9LJr+d4Bf3ovk6zteU=
-49,102,l+YTrrMd6Z4BQo/PswLF7GYDhKo=,Ii7ZrwpzW9LJr+d4Bf3ovk6zteU=
-53,102,l+YTrrMd6Z4BQo/PswLF7GYDhKo=,Ii7ZrwpzW9LJr+d4Bf3ovk6zteU=
-54,102,l+YTrrMd6Z4BQo/PswLF7GYDhKo=,Ii7ZrwpzW9LJr+d4Bf3ovk6zteU=
-52,102,l+YTrrMd6Z4BQo/PswLF7GYDhKo=,Ii7ZrwpzW9LJr+d4Bf3ovk6zteU=
-56,102,l+YTrrMd6Z4BQo/PswLF7GYDhKo=,Ii7ZrwpzW9LJr+d4Bf3ovk6zteU=
-60,97,l+YTrrMd6Z4BQo/PswLF7GYDhKo=,Ii7ZrwpzW9LJr+d4Bf3ovk6zteU=
-58,102,l+YTrrMd6Z4BQo/PswLF7GYDhKo=,Ii7ZrwpzW9LJr+d4Bf3ovk6zteU=
-55,102,l+YTrrMd6Z4BQo/PswLF7GYDhKo=,Ii7ZrwpzW9LJr+d4Bf3ovk6zteU=
-59,102,l+YTrrMd6Z4BQo/PswLF7GYDhKo=,Ii7ZrwpzW9LJr+d4Bf3ovk6zteU=
-57,102,l+YTrrMd6Z4BQo/PswLF7GYDhKo=,Ii7ZrwpzW9LJr+d4Bf3ovk6zteU=
-61,102,l+YTrrMd6Z4BQo/PswLF7GYDhKo=,Ii7ZrwpzW9LJr+d4Bf3ovk6zteU=
-60,102,l+YTrrMd6Z4BQo/PswLF7GYDhKo=,Ii7ZrwpzW9LJr+d4Bf3ovk6zteU=
-62,102,l+YTrrMd6Z4BQo/PswLF7GYDhKo=,Ii7ZrwpzW9LJr+d4Bf3ovk6zteU=
-63,102,l+YTrrMd6Z4BQo/PswLF7GYDhKo=,Ii7ZrwpzW9LJr+d4Bf3ovk6zteU=
-51,101,l+YTrrMd6Z4BQo/PswLF7GYDhKo=,Ii7ZrwpzW9LJr+d4Bf3ovk6zteU=
-64,102,l+YTrrMd6Z4BQo/PswLF7GYDhKo=,Ii7ZrwpzW9LJr+d4Bf3ovk6zteU=
-50,101,l+YTrrMd6Z4BQo/PswLF7GYDhKo=,Ii7ZrwpzW9LJr+d4Bf3ovk6zteU=
-49,101,l+YTrrMd6Z4BQo/PswLF7GYDhKo=,Ii7ZrwpzW9LJr+d4Bf3ovk6zteU=
-53,101,l+YTrrMd6Z4BQo/PswLF7GYDhKo=,Ii7ZrwpzW9LJr+d4Bf3ovk6zteU=
-54,101,l+YTrrMd6Z4BQo/PswLF7GYDhKo=,Ii7ZrwpzW9LJr+d4Bf3ovk6zteU=
-52,101,l+YTrrMd6Z4BQo/PswLF7GYDhKo=,Ii7ZrwpzW9LJr+d4Bf3ovk6zteU=
-61,97,l+YTrrMd6Z4BQo/PswLF7GYDhKo=,Ii7ZrwpzW9LJr+d4Bf3ovk6zteU=
-58,101,l+YTrrMd6Z4BQo/PswLF7GYDhKo=,Ii7ZrwpzW9LJr+d4Bf3ovk6zteU=
-57,101,l+YTrrMd6Z4BQo/PswLF7GYDhKo=,Ii7ZrwpzW9LJr+d4Bf3ovk6zteU=
-56,101,l+YTrrMd6Z4BQo/PswLF7GYDhKo=,Ii7ZrwpzW9LJr+d4Bf3ovk6zteU=
-60,101,l+YTrrMd6Z4BQo/PswLF7GYDhKo=,Ii7ZrwpzW9LJr+d4Bf3ovk6zteU=
-61,101,l+YTrrMd6Z4BQo/PswLF7GYDhKo=,Ii7ZrwpzW9LJr+d4Bf3ovk6zteU=
-59,101,l+YTrrMd6Z4BQo/PswLF7GYDhKo=,Ii7ZrwpzW9LJr+d4Bf3ovk6zteU=
-55,101,l+YTrrMd6Z4BQo/PswLF7GYDhKo=,Ii7ZrwpzW9LJr+d4Bf3ovk6zteU=
-63,101,l+YTrrMd6Z4BQo/PswLF7GYDhKo=,Ii7ZrwpzW9LJr+d4Bf3ovk6zteU=
-62,101,l+YTrrMd6Z4BQo/PswLF7GYDhKo=,Ii7ZrwpzW9LJr+d4Bf3ovk6zteU=
-64,101,l+YTrrMd6Z4BQo/PswLF7GYDhKo=,Ii7ZrwpzW9LJr+d4Bf3ovk6zteU=
-49,100,l+YTrrMd6Z4BQo/PswLF7GYDhKo=,Ii7ZrwpzW9LJr+d4Bf3ovk6zteU=
-51,100,l+YTrrMd6Z4BQo/PswLF7GYDhKo=,Ii7ZrwpzW9LJr+d4Bf3ovk6zteU=
-62,97,l+YTrrMd6Z4BQo/PswLF7GYDhKo=,Ii7ZrwpzW9LJr+d4Bf3ovk6zteU=
-50,100,l+YTrrMd6Z4BQo/PswLF7GYDhKo=,Ii7ZrwpzW9LJr+d4Bf3ovk6zteU=
-52,100,l+YTrrMd6Z4BQo/PswLF7GYDhKo=,Ii7ZrwpzW9LJr+d4Bf3ovk6zteU=
-57,100,l+YTrrMd6Z4BQo/PswLF7GYDhKo=,Ii7ZrwpzW9LJr+d4Bf3ovk6zteU=
-56,100,l+YTrrMd6Z4BQo/PswLF7GYDhKo=,Ii7ZrwpzW9LJr+d4Bf3ovk6zteU=
-53,100,l+YTrrMd6Z4BQo/PswLF7GYDhKo=,Ii7ZrwpzW9LJr+d4Bf3ovk6zteU=
-55,100,l+YTrrMd6Z4BQo/PswLF7GYDhKo=,Ii7ZrwpzW9LJr+d4Bf3ovk6zteU=
-61,100,l+YTrrMd6Z4BQo/PswLF7GYDhKo=,Ii7ZrwpzW9LJr+d4Bf3ovk6zteU=
-62,100,l+YTrrMd6Z4BQo/PswLF7GYDhKo=,Ii7ZrwpzW9LJr+d4Bf3ovk6zteU=
-63,100,l+YTrrMd6Z4BQo/PswLF7GYDhKo=,Ii7ZrwpzW9LJr+d4Bf3ovk6zteU=
-60,100,l+YTrrMd6Z4BQo/PswLF7GYDhKo=,Ii7ZrwpzW9LJr+d4Bf3ovk6zteU=
-59,100,l+YTrrMd6Z4BQo/PswLF7GYDhKo=,Ii7ZrwpzW9LJr+d4Bf3ovk6zteU=
-58,100,l+YTrrMd6Z4BQo/PswLF7GYDhKo=,Ii7ZrwpzW9LJr+d4Bf3ovk6zteU=
-54,100,l+YTrrMd6Z4BQo/PswLF7GYDhKo=,Ii7ZrwpzW9LJr+d4Bf3ovk6zteU=
-50,99,l+YTrrMd6Z4BQo/PswLF7GYDhKo=,Ii7ZrwpzW9LJr+d4Bf3ovk6zteU=
-49,99,l+YTrrMd6Z4BQo/PswLF7GYDhKo=,Ii7ZrwpzW9LJr+d4Bf3ovk6zteU=
-51,99,l+YTrrMd6Z4BQo/PswLF7GYDhKo=,Ii7ZrwpzW9LJr+d4Bf3ovk6zteU=
-63,97,l+YTrrMd6Z4BQo/PswLF7GYDhKo=,Ii7ZrwpzW9LJr+d4Bf3ovk6zteU=
-64,100,l+YTrrMd6Z4BQo/PswLF7GYDhKo=,Ii7ZrwpzW9LJr+d4Bf3ovk6zteU=
-53,99,l+YTrrMd6Z4BQo/PswLF7GYDhKo=,Ii7ZrwpzW9LJr+d4Bf3ovk6zteU=
-52,99,l+YTrrMd6Z4BQo/PswLF7GYDhKo=,Ii7ZrwpzW9LJr+d4Bf3ovk6zteU=
-55,99,l+YTrrMd6Z4BQo/PswLF7GYDhKo=,Ii7ZrwpzW9LJr+d4Bf3ovk6zteU=
-54,99,l+YTrrMd6Z4BQo/PswLF7GYDhKo=,Ii7ZrwpzW9LJr+d4Bf3ovk6zteU=
-57,99,l+YTrrMd6Z4BQo/PswLF7GYDhKo=,Ii7ZrwpzW9LJr+d4Bf3ovk6zteU=
-60,99,l+YTrrMd6Z4BQo/PswLF7GYDhKo=,Ii7ZrwpzW9LJr+d4Bf3ovk6zteU=
-56,99,l+YTrrMd6Z4BQo/PswLF7GYDhKo=,Ii7ZrwpzW9LJr+d4Bf3ovk6zteU=
-59,99,l+YTrrMd6Z4BQo/PswLF7GYDhKo=,Ii7ZrwpzW9LJr+d4Bf3ovk6zteU=
-61,99,l+YTrrMd6Z4BQo/PswLF7GYDhKo=,Ii7ZrwpzW9LJr+d4Bf3ovk6zteU=
-58,99,l+YTrrMd6Z4BQo/PswLF7GYDhKo=,Ii7ZrwpzW9LJr+d4Bf3ovk6zteU=
-63,99,l+YTrrMd6Z4BQo/PswLF7GYDhKo=,Ii7ZrwpzW9LJr+d4Bf3ovk6zteU=
-49,98,l+YTrrMd6Z4BQo/PswLF7GYDhKo=,Ii7ZrwpzW9LJr+d4Bf3ovk6zteU=
-62,99,l+YTrrMd6Z4BQo/PswLF7GYDhKo=,Ii7ZrwpzW9LJr+d4Bf3ovk6zteU=
-52,98,l+YTrrMd6Z4BQo/PswLF7GYDhKo=,Ii7ZrwpzW9LJr+d4Bf3ovk6zteU=
-51,98,l+YTrrMd6Z4BQo/PswLF7GYDhKo=,Ii7ZrwpzW9LJr+d4Bf3ovk6zteU=
-64,99,l+YTrrMd6Z4BQo/PswLF7GYDhKo=,Ii7ZrwpzW9LJr+d4Bf3ovk6zteU=
-50,98,l+YTrrMd6Z4BQo/PswLF7GYDhKo=,Ii7ZrwpzW9LJr+d4Bf3ovk6zteU=
-54,98,l+YTrrMd6Z4BQo/PswLF7GYDhKo=,Ii7ZrwpzW9LJr+d4Bf3ovk6zteU=
-64,97,l+YTrrMd6Z4BQo/PswLF7GYDhKo=,Ii7ZrwpzW9LJr+d4Bf3ovk6zteU=
-56,98,l+YTrrMd6Z4BQo/PswLF7GYDhKo=,Ii7ZrwpzW9LJr+d4Bf3ovk6zteU=
-53,98,l+YTrrMd6Z4BQo/PswLF7GYDhKo=,Ii7ZrwpzW9LJr+d4Bf3ovk6zteU=
-55,98,l+YTrrMd6Z4BQo/PswLF7GYDhKo=,Ii7ZrwpzW9LJr+d4Bf3ovk6zteU=
-57,98,l+YTrrMd6Z4BQo/PswLF7GYDhKo=,Ii7ZrwpzW9LJr+d4Bf3ovk6zteU=
-59,98,l+YTrrMd6Z4BQo/PswLF7GYDhKo=,Ii7ZrwpzW9LJr+d4Bf3ovk6zteU=
-58,98,l+YTrrMd6Z4BQo/PswLF7GYDhKo=,Ii7ZrwpzW9LJr+d4Bf3ovk6zteU=
-60,98,l+YTrrMd6Z4BQo/PswLF7GYDhKo=,Ii7ZrwpzW9LJr+d4Bf3ovk6zteU=
-62,98,l+YTrrMd6Z4BQo/PswLF7GYDhKo=,Ii7ZrwpzW9LJr+d4Bf3ovk6zteU=
-61,98,l+YTrrMd6Z4BQo/PswLF7GYDhKo=,Ii7ZrwpzW9LJr+d4Bf3ovk6zteU=
-50,111,l+YTrrMd6Z4BQo/PswLF7GYDhKo=,Ii7ZrwpzW9LJr+d4Bf3ovk6zteU=
-63,98,l+YTrrMd6Z4BQo/PswLF7GYDhKo=,Ii7ZrwpzW9LJr+d4Bf3ovk6zteU=
-54,111,l+YTrrMd6Z4BQo/PswLF7GYDhKo=,Ii7ZrwpzW9LJr+d4Bf3ovk6zteU=
-33,96,l+YTrrMd6Z4BQo/PswLF7GYDhKo=,Ii7ZrwpzW9LJr+d4Bf3ovk6zteU=
-48,96,l+YTrrMd6Z4BQo/PswLF7GYDhKo=,Ii7ZrwpzW9LJr+d4Bf3ovk6zteU=
-47,97,l+YTrrMd6Z4BQo/PswLF7GYDhKo=,Ii7ZrwpzW9LJr+d4Bf3ovk6zteU=
-46,97,l+YTrrMd6Z4BQo/PswLF7GYDhKo=,Ii7ZrwpzW9LJr+d4Bf3ovk6zteU=
-45,97,l+YTrrMd6Z4BQo/PswLF7GYDhKo=,Ii7ZrwpzW9LJr+d4Bf3ovk6zteU=
-44,97,l+YTrrMd6Z4BQo/PswLF7GYDhKo=,Ii7ZrwpzW9LJr+d4Bf3ovk6zteU=
-43,97,l+YTrrMd6Z4BQo/PswLF7GYDhKo=,Ii7ZrwpzW9LJr+d4Bf3ovk6zteU=
-36,111,l+YTrrMd6Z4BQo/PswLF7GYDhKo=,Ii7ZrwpzW9LJr+d4Bf3ovk6zteU=
-42,97,l+YTrrMd6Z4BQo/PswLF7GYDhKo=,Ii7ZrwpzW9LJr+d4Bf3ovk6zteU=
-37,111,l+YTrrMd6Z4BQo/PswLF7GYDhKo=,Ii7ZrwpzW9LJr+d4Bf3ovk6zteU=
-41,97,l+YTrrMd6Z4BQo/PswLF7GYDhKo=,Ii7ZrwpzW9LJr+d4Bf3ovk6zteU=
-40,97,l+YTrrMd6Z4BQo/PswLF7GYDhKo=,Ii7ZrwpzW9LJr+d4Bf3ovk6zteU=
-38,111,l+YTrrMd6Z4BQo/PswLF7GYDhKo=,Ii7ZrwpzW9LJr+d4Bf3ovk6zteU=
-39,97,l+YTrrMd6Z4BQo/PswLF7GYDhKo=,Ii7ZrwpzW9LJr+d4Bf3ovk6zteU=
-40,111,l+YTrrMd6Z4BQo/PswLF7GYDhKo=,Ii7ZrwpzW9LJr+d4Bf3ovk6zteU=
-38,97,l+YTrrMd6Z4BQo/PswLF7GYDhKo=,Ii7ZrwpzW9LJr+d4Bf3ovk6zteU=
-41,111,l+YTrrMd6Z4BQo/PswLF7GYDhKo=,Ii7ZrwpzW9LJr+d4Bf3ovk6zteU=
-37,97,l+YTrrMd6Z4BQo/PswLF7GYDhKo=,Ii7ZrwpzW9LJr+d4Bf3ovk6zteU=
-42,111,l+YTrrMd6Z4BQo/PswLF7GYDhKo=,Ii7ZrwpzW9LJr+d4Bf3ovk6zteU=
-39,111,l+YTrrMd6Z4BQo/PswLF7GYDhKo=,Ii7ZrwpzW9LJr+d4Bf3ovk6zteU=
-36,97,l+YTrrMd6Z4BQo/PswLF7GYDhKo=,Ii7ZrwpzW9LJr+d4Bf3ovk6zteU=
-43,111,l+YTrrMd6Z4BQo/PswLF7GYDhKo=,Ii7ZrwpzW9LJr+d4Bf3ovk6zteU=
-44,111,l+YTrrMd6Z4BQo/PswLF7GYDhKo=,Ii7ZrwpzW9LJr+d4Bf3ovk6zteU=
-35,97,l+YTrrMd6Z4BQo/PswLF7GYDhKo=,Ii7ZrwpzW9LJr+d4Bf3ovk6zteU=
-45,111,l+YTrrMd6Z4BQo/PswLF7GYDhKo=,Ii7ZrwpzW9LJr+d4Bf3ovk6zteU=
-46,111,l+YTrrMd6Z4BQo/PswLF7GYDhKo=,Ii7ZrwpzW9LJr+d4Bf3ovk6zteU=
-47,96,l+YTrrMd6Z4BQo/PswLF7GYDhKo=,Ii7ZrwpzW9LJr+d4Bf3ovk6zteU=
-33,110,l+YTrrMd6Z4BQo/PswLF7GYDhKo=,Ii7ZrwpzW9LJr+d4Bf3ovk6zteU=
-47,111,l+YTrrMd6Z4BQo/PswLF7GYDhKo=,Ii7ZrwpzW9LJr+d4Bf3ovk6zteU=
-48,111,l+YTrrMd6Z4BQo/PswLF7GYDhKo=,Ii7ZrwpzW9LJr+d4Bf3ovk6zteU=
-34,97,l+YTrrMd6Z4BQo/PswLF7GYDhKo=,Ii7ZrwpzW9LJr+d4Bf3ovk6zteU=
-34,110,l+YTrrMd6Z4BQo/PswLF7GYDhKo=,Ii7ZrwpzW9LJr+d4Bf3ovk6zteU=
-35,110,l+YTrrMd6Z4BQo/PswLF7GYDhKo=,Ii7ZrwpzW9LJr+d4Bf3ovk6zteU=
-36,110,l+YTrrMd6Z4BQo/PswLF7GYDhKo=,Ii7ZrwpzW9LJr+d4Bf3ovk6zteU=
-39,110,l+YTrrMd6Z4BQo/PswLF7GYDhKo=,Ii7ZrwpzW9LJr+d4Bf3ovk6zteU=
-46,96,l+YTrrMd6Z4BQo/PswLF7GYDhKo=,Ii7ZrwpzW9LJr+d4Bf3ovk6zteU=
-38,110,l+YTrrMd6Z4BQo/PswLF7GYDhKo=,Ii7ZrwpzW9LJr+d4Bf3ovk6zteU=
-40,110,l+YTrrMd6Z4BQo/PswLF7GYDhKo=,Ii7ZrwpzW9LJr+d4Bf3ovk6zteU=
-33,97,l+YTrrMd6Z4BQo/PswLF7GYDhKo=,Ii7ZrwpzW9LJr+d4Bf3ovk6zteU=
-42,110,l+YTrrMd6Z4BQo/PswLF7GYDhKo=,Ii7ZrwpzW9LJr+d4Bf3ovk6zteU=
-48,98,l+YTrrMd6Z4BQo/PswLF7GYDhKo=,Ii7ZrwpzW9LJr+d4Bf3ovk6zteU=
-41,110,l+YTrrMd6Z4BQo/PswLF7GYDhKo=,Ii7ZrwpzW9LJr+d4Bf3ovk6zteU=
-47,98,l+YTrrMd6Z4BQo/PswLF7GYDhKo=,Ii7ZrwpzW9LJr+d4Bf3ovk6zteU=
-43,110,l+YTrrMd6Z4BQo/PswLF7GYDhKo=,Ii7ZrwpzW9LJr+d4Bf3ovk6zteU=
-44,110,l+YTrrMd6Z4BQo/PswLF7GYDhKo=,Ii7ZrwpzW9LJr+d4Bf3ovk6zteU=
-45,110,l+YTrrMd6Z4BQo/PswLF7GYDhKo=,Ii7ZrwpzW9LJr+d4Bf3ovk6zteU=
-46,98,l+YTrrMd6Z4BQo/PswLF7GYDhKo=,Ii7ZrwpzW9LJr+d4Bf3ovk6zteU=
-46,110,l+YTrrMd6Z4BQo/PswLF7GYDhKo=,Ii7ZrwpzW9LJr+d4Bf3ovk6zteU=
-47,110,l+YTrrMd6Z4BQo/PswLF7GYDhKo=,Ii7ZrwpzW9LJr+d4Bf3ovk6zteU=
-45,98,l+YTrrMd6Z4BQo/PswLF7GYDhKo=,Ii7ZrwpzW9LJr+d4Bf3ovk6zteU=
-48,110,l+YTrrMd6Z4BQo/PswLF7GYDhKo=,Ii7ZrwpzW9LJr+d4Bf3ovk6zteU=
-37,110,l+YTrrMd6Z4BQo/PswLF7GYDhKo=,Ii7ZrwpzW9LJr+d4Bf3ovk6zteU=
-44,98,l+YTrrMd6Z4BQo/PswLF7GYDhKo=,Ii7ZrwpzW9LJr+d4Bf3ovk6zteU=
-34,96,l+YTrrMd6Z4BQo/PswLF7GYDhKo=,Ii7ZrwpzW9LJr+d4Bf3ovk6zteU=
-34,109,l+YTrrMd6Z4BQo/PswLF7GYDhKo=,Ii7ZrwpzW9LJr+d4Bf3ovk6zteU=
-35,109,l+YTrrMd6Z4BQo/PswLF7GYDhKo=,Ii7ZrwpzW9LJr+d4Bf3ovk6zteU=
-43,98,l+YTrrMd6Z4BQo/PswLF7GYDhKo=,Ii7ZrwpzW9LJr+d4Bf3ovk6zteU=
-33,109,l+YTrrMd6Z4BQo/PswLF7GYDhKo=,Ii7ZrwpzW9LJr+d4Bf3ovk6zteU=
-37,109,l+YTrrMd6Z4BQo/PswLF7GYDhKo=,Ii7ZrwpzW9LJr+d4Bf3ovk6zteU=
-36,109,l+YTrrMd6Z4BQo/PswLF7GYDhKo=,Ii7ZrwpzW9LJr+d4Bf3ovk6zteU=
-42,98,l+YTrrMd6Z4BQo/PswLF7GYDhKo=,Ii7ZrwpzW9LJr+d4Bf3ovk6zteU=
-38,109,l+YTrrMd6Z4BQo/PswLF7GYDhKo=,Ii7ZrwpzW9LJr+d4Bf3ovk6zteU=
-39,109,l+YTrrMd6Z4BQo/PswLF7GYDhKo=,Ii7ZrwpzW9LJr+d4Bf3ovk6zteU=
-40,109,l+YTrrMd6Z4BQo/PswLF7GYDhKo=,Ii7ZrwpzW9LJr+d4Bf3ovk6zteU=
-41,98,l+YTrrMd6Z4BQo/PswLF7GYDhKo=,Ii7ZrwpzW9LJr+d4Bf3ovk6zteU=
-43,109,l+YTrrMd6Z4BQo/PswLF7GYDhKo=,Ii7ZrwpzW9LJr+d4Bf3ovk6zteU=
-42,109,l+YTrrMd6Z4BQo/PswLF7GYDhKo=,Ii7ZrwpzW9LJr+d4Bf3ovk6zteU=
-40,98,l+YTrrMd6Z4BQo/PswLF7GYDhKo=,Ii7ZrwpzW9LJr+d4Bf3ovk6zteU=
-39,98,l+YTrrMd6Z4BQo/PswLF7GYDhKo=,Ii7ZrwpzW9LJr+d4Bf3ovk6zteU=
-45,109,l+YTrrMd6Z4BQo/PswLF7GYDhKo=,Ii7ZrwpzW9LJr+d4Bf3ovk6zteU=
-41,109,l+YTrrMd6Z4BQo/PswLF7GYDhKo=,Ii7ZrwpzW9LJr+d4Bf3ovk6zteU=
-46,109,l+YTrrMd6Z4BQo/PswLF7GYDhKo=,Ii7ZrwpzW9LJr+d4Bf3ovk6zteU=
-37,98,l+YTrrMd6Z4BQo/PswLF7GYDhKo=,Ii7ZrwpzW9LJr+d4Bf3ovk6zteU=
-48,109,l+YTrrMd6Z4BQo/PswLF7GYDhKo=,Ii7ZrwpzW9LJr+d4Bf3ovk6zteU=
-38,98,l+YTrrMd6Z4BQo/PswLF7GYDhKo=,Ii7ZrwpzW9LJr+d4Bf3ovk6zteU=
-35,96,l+YTrrMd6Z4BQo/PswLF7GYDhKo=,Ii7ZrwpzW9LJr+d4Bf3ovk6zteU=
-35,108,l+YTrrMd6Z4BQo/PswLF7GYDhKo=,Ii7ZrwpzW9LJr+d4Bf3ovk6zteU=
-33,108,l+YTrrMd6Z4BQo/PswLF7GYDhKo=,Ii7ZrwpzW9LJr+d4Bf3ovk6zteU=
-34,108,l+YTrrMd6Z4BQo/PswLF7GYDhKo=,Ii7ZrwpzW9LJr+d4Bf3ovk6zteU=
-37,108,l+YTrrMd6Z4BQo/PswLF7GYDhKo=,Ii7ZrwpzW9LJr+d4Bf3ovk6zteU=
-35,98,l+YTrrMd6Z4BQo/PswLF7GYDhKo=,Ii7ZrwpzW9LJr+d4Bf3ovk6zteU=
-36,98,l+YTrrMd6Z4BQo/PswLF7GYDhKo=,Ii7ZrwpzW9LJr+d4Bf3ovk6zteU=
-39,108,l+YTrrMd6Z4BQo/PswLF7GYDhKo=,Ii7ZrwpzW9LJr+d4Bf3ovk6zteU=
-40,108,l+YTrrMd6Z4BQo/PswLF7GYDhKo=,Ii7ZrwpzW9LJr+d4Bf3ovk6zteU=
-41,108,l+YTrrMd6Z4BQo/PswLF7GYDhKo=,Ii7ZrwpzW9LJr+d4Bf3ovk6zteU=
-34,98,l+YTrrMd6Z4BQo/PswLF7GYDhKo=,Ii7ZrwpzW9LJr+d4Bf3ovk6zteU=
-33,98,l+YTrrMd6Z4BQo/PswLF7GYDhKo=,Ii7ZrwpzW9LJr+d4Bf3ovk6zteU=
-43,108,l+YTrrMd6Z4BQo/PswLF7GYDhKo=,Ii7ZrwpzW9LJr+d4Bf3ovk6zteU=
-36,108,l+YTrrMd6Z4BQo/PswLF7GYDhKo=,Ii7ZrwpzW9LJr+d4Bf3ovk6zteU=
-42,108,l+YTrrMd6Z4BQo/PswLF7GYDhKo=,Ii7ZrwpzW9LJr+d4Bf3ovk6zteU=
-44,108,l+YTrrMd6Z4BQo/PswLF7GYDhKo=,Ii7ZrwpzW9LJr+d4Bf3ovk6zteU=
-45,108,l+YTrrMd6Z4BQo/PswLF7GYDhKo=,Ii7ZrwpzW9LJr+d4Bf3ovk6zteU=
-38,108,l+YTrrMd6Z4BQo/PswLF7GYDhKo=,Ii7ZrwpzW9LJr+d4Bf3ovk6zteU=
-45,96,l+YTrrMd6Z4BQo/PswLF7GYDhKo=,Ii7ZrwpzW9LJr+d4Bf3ovk6zteU=
-48,108,l+YTrrMd6Z4BQo/PswLF7GYDhKo=,Ii7ZrwpzW9LJr+d4Bf3ovk6zteU=
-46,108,l+YTrrMd6Z4BQo/PswLF7GYDhKo=,Ii7ZrwpzW9LJr+d4Bf3ovk6zteU=
-48,99,l+YTrrMd6Z4BQo/PswLF7GYDhKo=,Ii7ZrwpzW9LJr+d4Bf3ovk6zteU=
-33,107,l+YTrrMd6Z4BQo/PswLF7GYDhKo=,Ii7ZrwpzW9LJr+d4Bf3ovk6zteU=
-34,107,l+YTrrMd6Z4BQo/PswLF7GYDhKo=,Ii7ZrwpzW9LJr+d4Bf3ovk6zteU=
-35,107,l+YTrrMd6Z4BQo/PswLF7GYDhKo=,Ii7ZrwpzW9LJr+d4Bf3ovk6zteU=
-36,107,l+YTrrMd6Z4BQo/PswLF7GYDhKo=,Ii7ZrwpzW9LJr+d4Bf3ovk6zteU=
-47,99,l+YTrrMd6Z4BQo/PswLF7GYDhKo=,Ii7ZrwpzW9LJr+d4Bf3ovk6zteU=
-37,107,l+YTrrMd6Z4BQo/PswLF7GYDhKo=,Ii7ZrwpzW9LJr+d4Bf3ovk6zteU=
-38,107,l+YTrrMd6Z4BQo/PswLF7GYDhKo=,Ii7ZrwpzW9LJr+d4Bf3ovk6zteU=
-39,107,l+YTrrMd6Z4BQo/PswLF7GYDhKo=,Ii7ZrwpzW9LJr+d4Bf3ovk6zteU=
-46,99,l+YTrrMd6Z4BQo/PswLF7GYDhKo=,Ii7ZrwpzW9LJr+d4Bf3ovk6zteU=
-47,108,l+YTrrMd6Z4BQo/PswLF7GYDhKo=,Ii7ZrwpzW9LJr+d4Bf3ovk6zteU=
-40,107,l+YTrrMd6Z4BQo/PswLF7GYDhKo=,Ii7ZrwpzW9LJr+d4Bf3ovk6zteU=
-43,107,l+YTrrMd6Z4BQo/PswLF7GYDhKo=,Ii7ZrwpzW9LJr+d4Bf3ovk6zteU=
-42,107,l+YTrrMd6Z4BQo/PswLF7GYDhKo=,Ii7ZrwpzW9LJr+d4Bf3ovk6zteU=
-44,107,l+YTrrMd6Z4BQo/PswLF7GYDhKo=,Ii7ZrwpzW9LJr+d4Bf3ovk6zteU=
-41,107,l+YTrrMd6Z4BQo/PswLF7GYDhKo=,Ii7ZrwpzW9LJr+d4Bf3ovk6zteU=
-45,99,l+YTrrMd6Z4BQo/PswLF7GYDhKo=,Ii7ZrwpzW9LJr+d4Bf3ovk6zteU=
-45,107,l+YTrrMd6Z4BQo/PswLF7GYDhKo=,Ii7ZrwpzW9LJr+d4Bf3ovk6zteU=
-46,107,l+YTrrMd6Z4BQo/PswLF7GYDhKo=,Ii7ZrwpzW9LJr+d4Bf3ovk6zteU=
-48,107,l+YTrrMd6Z4BQo/PswLF7GYDhKo=,Ii7ZrwpzW9LJr+d4Bf3ovk6zteU=
-47,107,l+YTrrMd6Z4BQo/PswLF7GYDhKo=,Ii7ZrwpzW9LJr+d4Bf3ovk6zteU=
-44,99,l+YTrrMd6Z4BQo/PswLF7GYDhKo=,Ii7ZrwpzW9LJr+d4Bf3ovk6zteU=
-37,96,l+YTrrMd6Z4BQo/PswLF7GYDhKo=,Ii7ZrwpzW9LJr+d4Bf3ovk6zteU=
-33,106,l+YTrrMd6Z4BQo/PswLF7GYDhKo=,Ii7ZrwpzW9LJr+d4Bf3ovk6zteU=
-34,106,l+YTrrMd6Z4BQo/PswLF7GYDhKo=,Ii7ZrwpzW9LJr+d4Bf3ovk6zteU=
-35,106,l+YTrrMd6Z4BQo/PswLF7GYDhKo=,Ii7ZrwpzW9LJr+d4Bf3ovk6zteU=
-37,106,l+YTrrMd6Z4BQo/PswLF7GYDhKo=,Ii7ZrwpzW9LJr+d4Bf3ovk6zteU=
-39,106,l+YTrrMd6Z4BQo/PswLF7GYDhKo=,Ii7ZrwpzW9LJr+d4Bf3ovk6zteU=
-43,99,l+YTrrMd6Z4BQo/PswLF7GYDhKo=,Ii7ZrwpzW9LJr+d4Bf3ovk6zteU=
-40,106,l+YTrrMd6Z4BQo/PswLF7GYDhKo=,Ii7ZrwpzW9LJr+d4Bf3ovk6zteU=
-38,106,l+YTrrMd6Z4BQo/PswLF7GYDhKo=,Ii7ZrwpzW9LJr+d4Bf3ovk6zteU=
-36,106,l+YTrrMd6Z4BQo/PswLF7GYDhKo=,Ii7ZrwpzW9LJr+d4Bf3ovk6zteU=
-41,106,l+YTrrMd6Z4BQo/PswLF7GYDhKo=,Ii7ZrwpzW9LJr+d4Bf3ovk6zteU=
-42,99,l+YTrrMd6Z4BQo/PswLF7GYDhKo=,Ii7ZrwpzW9LJr+d4Bf3ovk6zteU=
-42,106,l+YTrrMd6Z4BQo/PswLF7GYDhKo=,Ii7ZrwpzW9LJr+d4Bf3ovk6zteU=
-43,106,l+YTrrMd6Z4BQo/PswLF7GYDhKo=,Ii7ZrwpzW9LJr+d4Bf3ovk6zteU=
-44,106,l+YTrrMd6Z4BQo/PswLF7GYDhKo=,Ii7ZrwpzW9LJr+d4Bf3ovk6zteU=
-41,99,l+YTrrMd6Z4BQo/PswLF7GYDhKo=,Ii7ZrwpzW9LJr+d4Bf3ovk6zteU=
-47,106,l+YTrrMd6Z4BQo/PswLF7GYDhKo=,Ii7ZrwpzW9LJr+d4Bf3ovk6zteU=
-48,106,l+YTrrMd6Z4BQo/PswLF7GYDhKo=,Ii7ZrwpzW9LJr+d4Bf3ovk6zteU=
-45,106,l+YTrrMd6Z4BQo/PswLF7GYDhKo=,Ii7ZrwpzW9LJr+d4Bf3ovk6zteU=
-46,106,l+YTrrMd6Z4BQo/PswLF7GYDhKo=,Ii7ZrwpzW9LJr+d4Bf3ovk6zteU=
-40,99,l+YTrrMd6Z4BQo/PswLF7GYDhKo=,Ii7ZrwpzW9LJr+d4Bf3ovk6zteU=
-38,96,l+YTrrMd6Z4BQo/PswLF7GYDhKo=,Ii7ZrwpzW9LJr+d4Bf3ovk6zteU=
-33,105,l+YTrrMd6Z4BQo/PswLF7GYDhKo=,Ii7ZrwpzW9LJr+d4Bf3ovk6zteU=
-34,105,l+YTrrMd6Z4BQo/PswLF7GYDhKo=,Ii7ZrwpzW9LJr+d4Bf3ovk6zteU=
-35,105,l+YTrrMd6Z4BQo/PswLF7GYDhKo=,Ii7ZrwpzW9LJr+d4Bf3ovk6zteU=
-36,105,l+YTrrMd6Z4BQo/PswLF7GYDhKo=,Ii7ZrwpzW9LJr+d4Bf3ovk6zteU=
-38,105,l+YTrrMd6Z4BQo/PswLF7GYDhKo=,Ii7ZrwpzW9LJr+d4Bf3ovk6zteU=
-39,99,l+YTrrMd6Z4BQo/PswLF7GYDhKo=,Ii7ZrwpzW9LJr+d4Bf3ovk6zteU=
-40,105,l+YTrrMd6Z4BQo/PswLF7GYDhKo=,Ii7ZrwpzW9LJr+d4Bf3ovk6zteU=
-39,105,l+YTrrMd6Z4BQo/PswLF7GYDhKo=,Ii7ZrwpzW9LJr+d4Bf3ovk6zteU=
-37,105,l+YTrrMd6Z4BQo/PswLF7GYDhKo=,Ii7ZrwpzW9LJr+d4Bf3ovk6zteU=
-41,105,l+YTrrMd6Z4BQo/PswLF7GYDhKo=,Ii7ZrwpzW9LJr+d4Bf3ovk6zteU=
-38,99,l+YTrrMd6Z4BQo/PswLF7GYDhKo=,Ii7ZrwpzW9LJr+d4Bf3ovk6zteU=
-45,105,l+YTrrMd6Z4BQo/PswLF7GYDhKo=,Ii7ZrwpzW9LJr+d4Bf3ovk6zteU=
-43,105,l+YTrrMd6Z4BQo/PswLF7GYDhKo=,Ii7ZrwpzW9LJr+d4Bf3ovk6zteU=
-37,99,l+YTrrMd6Z4BQo/PswLF7GYDhKo=,Ii7ZrwpzW9LJr+d4Bf3ovk6zteU=
-42,105,l+YTrrMd6Z4BQo/PswLF7GYDhKo=,Ii7ZrwpzW9LJr+d4Bf3ovk6zteU=
-44,105,l+YTrrMd6Z4BQo/PswLF7GYDhKo=,Ii7ZrwpzW9LJr+d4Bf3ovk6zteU=
-46,105,l+YTrrMd6Z4BQo/PswLF7GYDhKo=,Ii7ZrwpzW9LJr+d4Bf3ovk6zteU=
-48,105,l+YTrrMd6Z4BQo/PswLF7GYDhKo=,Ii7ZrwpzW9LJr+d4Bf3ovk6zteU=
-47,105,l+YTrrMd6Z4BQo/PswLF7GYDhKo=,Ii7ZrwpzW9LJr+d4Bf3ovk6zteU=
-36,99,l+YTrrMd6Z4BQo/PswLF7GYDhKo=,Ii7ZrwpzW9LJr+d4Bf3ovk6zteU=
-34,104,l+YTrrMd6Z4BQo/PswLF7GYDhKo=,Ii7ZrwpzW9LJr+d4Bf3ovk6zteU=
-35,104,l+YTrrMd6Z4BQo/PswLF7GYDhKo=,Ii7ZrwpzW9LJr+d4Bf3ovk6zteU=
-33,104,l+YTrrMd6Z4BQo/PswLF7GYDhKo=,Ii7ZrwpzW9LJr+d4Bf3ovk6zteU=
-39,96,l+YTrrMd6Z4BQo/PswLF7GYDhKo=,Ii7ZrwpzW9LJr+d4Bf3ovk6zteU=
-36,104,l+YTrrMd6Z4BQo/PswLF7GYDhKo=,Ii7ZrwpzW9LJr+d4Bf3ovk6zteU=
-35,99,l+YTrrMd6Z4BQo/PswLF7GYDhKo=,Ii7ZrwpzW9LJr+d4Bf3ovk6zteU=
-38,104,l+YTrrMd6Z4BQo/PswLF7GYDhKo=,Ii7ZrwpzW9LJr+d4Bf3ovk6zteU=
-37,104,l+YTrrMd6Z4BQo/PswLF7GYDhKo=,Ii7ZrwpzW9LJr+d4Bf3ovk6zteU=
-40,104,l+YTrrMd6Z4BQo/PswLF7GYDhKo=,Ii7ZrwpzW9LJr+d4Bf3ovk6zteU=
-39,104,l+YTrrMd6Z4BQo/PswLF7GYDhKo=,Ii7ZrwpzW9LJr+d4Bf3ovk6zteU=
-34,99,l+YTrrMd6Z4BQo/PswLF7GYDhKo=,Ii7ZrwpzW9LJr+d4Bf3ovk6zteU=
-41,104,l+YTrrMd6Z4BQo/PswLF7GYDhKo=,Ii7ZrwpzW9LJr+d4Bf3ovk6zteU=
-43,104,l+YTrrMd6Z4BQo/PswLF7GYDhKo=,Ii7ZrwpzW9LJr+d4Bf3ovk6zteU=
-42,104,l+YTrrMd6Z4BQo/PswLF7GYDhKo=,Ii7ZrwpzW9LJr+d4Bf3ovk6zteU=
-45,104,l+YTrrMd6Z4BQo/PswLF7GYDhKo=,Ii7ZrwpzW9LJr+d4Bf3ovk6zteU=
-44,104,l+YTrrMd6Z4BQo/PswLF7GYDhKo=,Ii7ZrwpzW9LJr+d4Bf3ovk6zteU=
-46,104,l+YTrrMd6Z4BQo/PswLF7GYDhKo=,Ii7ZrwpzW9LJr+d4Bf3ovk6zteU=
-33,99,l+YTrrMd6Z4BQo/PswLF7GYDhKo=,Ii7ZrwpzW9LJr+d4Bf3ovk6zteU=
-48,104,l+YTrrMd6Z4BQo/PswLF7GYDhKo=,Ii7ZrwpzW9LJr+d4Bf3ovk6zteU=
-47,104,l+YTrrMd6Z4BQo/PswLF7GYDhKo=,Ii7ZrwpzW9LJr+d4Bf3ovk6zteU=
-40,96,l+YTrrMd6Z4BQo/PswLF7GYDhKo=,Ii7ZrwpzW9LJr+d4Bf3ovk6zteU=
-35,103,l+YTrrMd6Z4BQo/PswLF7GYDhKo=,Ii7ZrwpzW9LJr+d4Bf3ovk6zteU=
-44,96,l+YTrrMd6Z4BQo/PswLF7GYDhKo=,Ii7ZrwpzW9LJr+d4Bf3ovk6zteU=
-34,103,l+YTrrMd6Z4BQo/PswLF7GYDhKo=,Ii7ZrwpzW9LJr+d4Bf3ovk6zteU=
-33,103,l+YTrrMd6Z4BQo/PswLF7GYDhKo=,Ii7ZrwpzW9LJr+d4Bf3ovk6zteU=
-36,103,l+YTrrMd6Z4BQo/PswLF7GYDhKo=,Ii7ZrwpzW9LJr+d4Bf3ovk6zteU=
-37,103,l+YTrrMd6Z4BQo/PswLF7GYDhKo=,Ii7ZrwpzW9LJr+d4Bf3ovk6zteU=
-48,100,l+YTrrMd6Z4BQo/PswLF7GYDhKo=,Ii7ZrwpzW9LJr+d4Bf3ovk6zteU=
-39,103,l+YTrrMd6Z4BQo/PswLF7GYDhKo=,Ii7ZrwpzW9LJr+d4Bf3ovk6zteU=
-38,103,l+YTrrMd6Z4BQo/PswLF7GYDhKo=,Ii7ZrwpzW9LJr+d4Bf3ovk6zteU=
-40,103,l+YTrrMd6Z4BQo/PswLF7GYDhKo=,Ii7ZrwpzW9LJr+d4Bf3ovk6zteU=
-43,103,l+YTrrMd6Z4BQo/PswLF7GYDhKo=,Ii7ZrwpzW9LJr+d4Bf3ovk6zteU=
-42,103,l+YTrrMd6Z4BQo/PswLF7GYDhKo=,Ii7ZrwpzW9LJr+d4Bf3ovk6zteU=
-41,103,l+YTrrMd6Z4BQo/PswLF7GYDhKo=,Ii7ZrwpzW9LJr+d4Bf3ovk6zteU=
-47,100,l+YTrrMd6Z4BQo/PswLF7GYDhKo=,Ii7ZrwpzW9LJr+d4Bf3ovk6zteU=
-44,103,l+YTrrMd6Z4BQo/PswLF7GYDhKo=,Ii7ZrwpzW9LJr+d4Bf3ovk6zteU=
-46,103,l+YTrrMd6Z4BQo/PswLF7GYDhKo=,Ii7ZrwpzW9LJr+d4Bf3ovk6zteU=
-45,103,l+YTrrMd6Z4BQo/PswLF7GYDhKo=,Ii7ZrwpzW9LJr+d4Bf3ovk6zteU=
-47,103,l+YTrrMd6Z4BQo/PswLF7GYDhKo=,Ii7ZrwpzW9LJr+d4Bf3ovk6zteU=
-48,103,l+YTrrMd6Z4BQo/PswLF7GYDhKo=,Ii7ZrwpzW9LJr+d4Bf3ovk6zteU=
-46,100,l+YTrrMd6Z4BQo/PswLF7GYDhKo=,Ii7ZrwpzW9LJr+d4Bf3ovk6zteU=
-41,96,l+YTrrMd6Z4BQo/PswLF7GYDhKo=,Ii7ZrwpzW9LJr+d4Bf3ovk6zteU=
-34,102,l+YTrrMd6Z4BQo/PswLF7GYDhKo=,Ii7ZrwpzW9LJr+d4Bf3ovk6zteU=
-33,102,l+YTrrMd6Z4BQo/PswLF7GYDhKo=,Ii7ZrwpzW9LJr+d4Bf3ovk6zteU=
-36,102,l+YTrrMd6Z4BQo/PswLF7GYDhKo=,Ii7ZrwpzW9LJr+d4Bf3ovk6zteU=
-38,102,l+YTrrMd6Z4BQo/PswLF7GYDhKo=,Ii7ZrwpzW9LJr+d4Bf3ovk6zteU=
-35,102,l+YTrrMd6Z4BQo/PswLF7GYDhKo=,Ii7ZrwpzW9LJr+d4Bf3ovk6zteU=
-37,102,l+YTrrMd6Z4BQo/PswLF7GYDhKo=,Ii7ZrwpzW9LJr+d4Bf3ovk6zteU=
-45,100,l+YTrrMd6Z4BQo/PswLF7GYDhKo=,Ii7ZrwpzW9LJr+d4Bf3ovk6zteU=
-39,102,l+YTrrMd6Z4BQo/PswLF7GYDhKo=,Ii7ZrwpzW9LJr+d4Bf3ovk6zteU=
-40,102,l+YTrrMd6Z4BQo/PswLF7GYDhKo=,Ii7ZrwpzW9LJr+d4Bf3ovk6zteU=
-42,102,l+YTrrMd6Z4BQo/PswLF7GYDhKo=,Ii7ZrwpzW9LJr+d4Bf3ovk6zteU=
-41,102,l+YTrrMd6Z4BQo/PswLF7GYDhKo=,Ii7ZrwpzW9LJr+d4Bf3ovk6zteU=
-44,100,l+YTrrMd6Z4BQo/PswLF7GYDhKo=,Ii7ZrwpzW9LJr+d4Bf3ovk6zteU=
-44,102,l+YTrrMd6Z4BQo/PswLF7GYDhKo=,Ii7ZrwpzW9LJr+d4Bf3ovk6zteU=
-46,102,l+YTrrMd6Z4BQo/PswLF7GYDhKo=,Ii7ZrwpzW9LJr+d4Bf3ovk6zteU=
-45,102,l+YTrrMd6Z4BQo/PswLF7GYDhKo=,Ii7ZrwpzW9LJr+d4Bf3ovk6zteU=
-47,102,l+YTrrMd6Z4BQo/PswLF7GYDhKo=,Ii7ZrwpzW9LJr+d4Bf3ovk6zteU=
-43,102,l+YTrrMd6Z4BQo/PswLF7GYDhKo=,Ii7ZrwpzW9LJr+d4Bf3ovk6zteU=
-43,100,l+YTrrMd6Z4BQo/PswLF7GYDhKo=,Ii7ZrwpzW9LJr+d4Bf3ovk6zteU=
-42,96,l+YTrrMd6Z4BQo/PswLF7GYDhKo=,Ii7ZrwpzW9LJr+d4Bf3ovk6zteU=
-48,102,l+YTrrMd6Z4BQo/PswLF7GYDhKo=,Ii7ZrwpzW9LJr+d4Bf3ovk6zteU=
-33,101,l+YTrrMd6Z4BQo/PswLF7GYDhKo=,Ii7ZrwpzW9LJr+d4Bf3ovk6zteU=
-34,101,l+YTrrMd6Z4BQo/PswLF7GYDhKo=,Ii7ZrwpzW9LJr+d4Bf3ovk6zteU=
-42,100,l+YTrrMd6Z4BQo/PswLF7GYDhKo=,Ii7ZrwpzW9LJr+d4Bf3ovk6zteU=
-37,101,l+YTrrMd6Z4BQo/PswLF7GYDhKo=,Ii7ZrwpzW9LJr+d4Bf3ovk6zteU=
-38,101,l+YTrrMd6Z4BQo/PswLF7GYDhKo=,Ii7ZrwpzW9LJr+d4Bf3ovk6zteU=
-36,101,l+YTrrMd6Z4BQo/PswLF7GYDhKo=,Ii7ZrwpzW9LJr+d4Bf3ovk6zteU=
-35,101,l+YTrrMd6Z4BQo/PswLF7GYDhKo=,Ii7ZrwpzW9LJr+d4Bf3ovk6zteU=
-40,101,l+YTrrMd6Z4BQo/PswLF7GYDhKo=,Ii7ZrwpzW9LJr+d4Bf3ovk6zteU=
-39,101,l+YTrrMd6Z4BQo/PswLF7GYDhKo=,Ii7ZrwpzW9LJr+d4Bf3ovk6zteU=
-41,101,l+YTrrMd6Z4BQo/PswLF7GYDhKo=,Ii7ZrwpzW9LJr+d4Bf3ovk6zteU=
-43,101,l+YTrrMd6Z4BQo/PswLF7GYDhKo=,Ii7ZrwpzW9LJr+d4Bf3ovk6zteU=
-42,101,l+YTrrMd6Z4BQo/PswLF7GYDhKo=,Ii7ZrwpzW9LJr+d4Bf3ovk6zteU=
-41,100,l+YTrrMd6Z4BQo/PswLF7GYDhKo=,Ii7ZrwpzW9LJr+d4Bf3ovk6zteU=
-44,101,l+YTrrMd6Z4BQo/PswLF7GYDhKo=,Ii7ZrwpzW9LJr+d4Bf3ovk6zteU=
-46,101,l+YTrrMd6Z4BQo/PswLF7GYDhKo=,Ii7ZrwpzW9LJr+d4Bf3ovk6zteU=
-45,101,l+YTrrMd6Z4BQo/PswLF7GYDhKo=,Ii7ZrwpzW9LJr+d4Bf3ovk6zteU=
-48,101,l+YTrrMd6Z4BQo/PswLF7GYDhKo=,Ii7ZrwpzW9LJr+d4Bf3ovk6zteU=
-40,100,l+YTrrMd6Z4BQo/PswLF7GYDhKo=,Ii7ZrwpzW9LJr+d4Bf3ovk6zteU=
-43,96,l+YTrrMd6Z4BQo/PswLF7GYDhKo=,Ii7ZrwpzW9LJr+d4Bf3ovk6zteU=
-33,100,l+YTrrMd6Z4BQo/PswLF7GYDhKo=,Ii7ZrwpzW9LJr+d4Bf3ovk6zteU=
-34,100,l+YTrrMd6Z4BQo/PswLF7GYDhKo=,Ii7ZrwpzW9LJr+d4Bf3ovk6zteU=
-35,100,l+YTrrMd6Z4BQo/PswLF7GYDhKo=,Ii7ZrwpzW9LJr+d4Bf3ovk6zteU=
-47,101,l+YTrrMd6Z4BQo/PswLF7GYDhKo=,Ii7ZrwpzW9LJr+d4Bf3ovk6zteU=
-36,100,l+YTrrMd6Z4BQo/PswLF7GYDhKo=,Ii7ZrwpzW9LJr+d4Bf3ovk6zteU=
-39,100,l+YTrrMd6Z4BQo/PswLF7GYDhKo=,Ii7ZrwpzW9LJr+d4Bf3ovk6zteU=
-38,100,l+YTrrMd6Z4BQo/PswLF7GYDhKo=,Ii7ZrwpzW9LJr+d4Bf3ovk6zteU=
-37,100,l+YTrrMd6Z4BQo/PswLF7GYDhKo=,Ii7ZrwpzW9LJr+d4Bf3ovk6zteU=
-44,109,l+YTrrMd6Z4BQo/PswLF7GYDhKo=,Ii7ZrwpzW9LJr+d4Bf3ovk6zteU=
-35,111,l+YTrrMd6Z4BQo/PswLF7GYDhKo=,Ii7ZrwpzW9LJr+d4Bf3ovk6zteU=
-33,111,l+YTrrMd6Z4BQo/PswLF7GYDhKo=,Ii7ZrwpzW9LJr+d4Bf3ovk6zteU=
-34,111,l+YTrrMd6Z4BQo/PswLF7GYDhKo=,Ii7ZrwpzW9LJr+d4Bf3ovk6zteU=
-36,96,l+YTrrMd6Z4BQo/PswLF7GYDhKo=,Ii7ZrwpzW9LJr+d4Bf3ovk6zteU=
-48,97,l+YTrrMd6Z4BQo/PswLF7GYDhKo=,Ii7ZrwpzW9LJr+d4Bf3ovk6zteU=
-47,109,l+YTrrMd6Z4BQo/PswLF7GYDhKo=,Ii7ZrwpzW9LJr+d4Bf3ovk6zteU=
-64,112,l+YTrrMd6Z4BQo/PswLF7GYDhKo=,Ii7ZrwpzW9LJr+d4Bf3ovk6zteU=
-63,113,l+YTrrMd6Z4BQo/PswLF7GYDhKo=,Ii7ZrwpzW9LJr+d4Bf3ovk6zteU=
-62,113,l+YTrrMd6Z4BQo/PswLF7GYDhKo=,Ii7ZrwpzW9LJr+d4Bf3ovk6zteU=
-64,113,l+YTrrMd6Z4BQo/PswLF7GYDhKo=,Ii7ZrwpzW9LJr+d4Bf3ovk6zteU=
-61,113,l+YTrrMd6Z4BQo/PswLF7GYDhKo=,Ii7ZrwpzW9LJr+d4Bf3ovk6zteU=
-60,113,l+YTrrMd6Z4BQo/PswLF7GYDhKo=,Ii7ZrwpzW9LJr+d4Bf3ovk6zteU=
-58,113,l+YTrrMd6Z4BQo/PswLF7GYDhKo=,Ii7ZrwpzW9LJr+d4Bf3ovk6zteU=
-59,113,l+YTrrMd6Z4BQo/PswLF7GYDhKo=,Ii7ZrwpzW9LJr+d4Bf3ovk6zteU=
-57,113,l+YTrrMd6Z4BQo/PswLF7GYDhKo=,Ii7ZrwpzW9LJr+d4Bf3ovk6zteU=
-56,113,l+YTrrMd6Z4BQo/PswLF7GYDhKo=,Ii7ZrwpzW9LJr+d4Bf3ovk6zteU=
-55,113,l+YTrrMd6Z4BQo/PswLF7GYDhKo=,Ii7ZrwpzW9LJr+d4Bf3ovk6zteU=
-54,113,l+YTrrMd6Z4BQo/PswLF7GYDhKo=,Ii7ZrwpzW9LJr+d4Bf3ovk6zteU=
-53,113,l+YTrrMd6Z4BQo/PswLF7GYDhKo=,Ii7ZrwpzW9LJr+d4Bf3ovk6zteU=
-49,112,l+YTrrMd6Z4BQo/PswLF7GYDhKo=,Ii7ZrwpzW9LJr+d4Bf3ovk6zteU=
-52,113,l+YTrrMd6Z4BQo/PswLF7GYDhKo=,Ii7ZrwpzW9LJr+d4Bf3ovk6zteU=
-51,113,l+YTrrMd6Z4BQo/PswLF7GYDhKo=,Ii7ZrwpzW9LJr+d4Bf3ovk6zteU=
-50,113,l+YTrrMd6Z4BQo/PswLF7GYDhKo=,Ii7ZrwpzW9LJr+d4Bf3ovk6zteU=
-49,113,l+YTrrMd6Z4BQo/PswLF7GYDhKo=,Ii7ZrwpzW9LJr+d4Bf3ovk6zteU=
-49,127,l+YTrrMd6Z4BQo/PswLF7GYDhKo=,Ii7ZrwpzW9LJr+d4Bf3ovk6zteU=
-64,114,l+YTrrMd6Z4BQo/PswLF7GYDhKo=,Ii7ZrwpzW9LJr+d4Bf3ovk6zteU=
-63,112,l+YTrrMd6Z4BQo/PswLF7GYDhKo=,Ii7ZrwpzW9LJr+d4Bf3ovk6zteU=
-63,114,l+YTrrMd6Z4BQo/PswLF7GYDhKo=,Ii7ZrwpzW9LJr+d4Bf3ovk6zteU=
-62,114,l+YTrrMd6Z4BQo/PswLF7GYDhKo=,Ii7ZrwpzW9LJr+d4Bf3ovk6zteU=
-50,127,l+YTrrMd6Z4BQo/PswLF7GYDhKo=,Ii7ZrwpzW9LJr+d4Bf3ovk6zteU=
-61,114,l+YTrrMd6Z4BQo/PswLF7GYDhKo=,Ii7ZrwpzW9LJr+d4Bf3ovk6zteU=
-60,114,l+YTrrMd6Z4BQo/PswLF7GYDhKo=,Ii7ZrwpzW9LJr+d4Bf3ovk6zteU=
-52,127,l+YTrrMd6Z4BQo/PswLF7GYDhKo=,Ii7ZrwpzW9LJr+d4Bf3ovk6zteU=
-59,114,l+YTrrMd6Z4BQo/PswLF7GYDhKo=,Ii7ZrwpzW9LJr+d4Bf3ovk6zteU=
-58,114,l+YTrrMd6Z4BQo/PswLF7GYDhKo=,Ii7ZrwpzW9LJr+d4Bf3ovk6zteU=
-57,114,l+YTrrMd6Z4BQo/PswLF7GYDhKo=,Ii7ZrwpzW9LJr+d4Bf3ovk6zteU=
-53,127,l+YTrrMd6Z4BQo/PswLF7GYDhKo=,Ii7ZrwpzW9LJr+d4Bf3ovk6zteU=
-56,114,l+YTrrMd6Z4BQo/PswLF7GYDhKo=,Ii7ZrwpzW9LJr+d4Bf3ovk6zteU=
-55,114,l+YTrrMd6Z4BQo/PswLF7GYDhKo=,Ii7ZrwpzW9LJr+d4Bf3ovk6zteU=
-54,127,l+YTrrMd6Z4BQo/PswLF7GYDhKo=,Ii7ZrwpzW9LJr+d4Bf3ovk6zteU=
-54,114,l+YTrrMd6Z4BQo/PswLF7GYDhKo=,Ii7ZrwpzW9LJr+d4Bf3ovk6zteU=
-56,127,l+YTrrMd6Z4BQo/PswLF7GYDhKo=,Ii7ZrwpzW9LJr+d4Bf3ovk6zteU=
-57,127,l+YTrrMd6Z4BQo/PswLF7GYDhKo=,Ii7ZrwpzW9LJr+d4Bf3ovk6zteU=
-55,127,l+YTrrMd6Z4BQo/PswLF7GYDhKo=,Ii7ZrwpzW9LJr+d4Bf3ovk6zteU=
-59,127,l+YTrrMd6Z4BQo/PswLF7GYDhKo=,Ii7ZrwpzW9LJr+d4Bf3ovk6zteU=
-60,127,l+YTrrMd6Z4BQo/PswLF7GYDhKo=,Ii7ZrwpzW9LJr+d4Bf3ovk6zteU=
-62,127,l+YTrrMd6Z4BQo/PswLF7GYDhKo=,Ii7ZrwpzW9LJr+d4Bf3ovk6zteU=
-63,127,l+YTrrMd6Z4BQo/PswLF7GYDhKo=,Ii7ZrwpzW9LJr+d4Bf3ovk6zteU=
-50,112,l+YTrrMd6Z4BQo/PswLF7GYDhKo=,Ii7ZrwpzW9LJr+d4Bf3ovk6zteU=
-64,127,l+YTrrMd6Z4BQo/PswLF7GYDhKo=,Ii7ZrwpzW9LJr+d4Bf3ovk6zteU=
-61,127,l+YTrrMd6Z4BQo/PswLF7GYDhKo=,Ii7ZrwpzW9LJr+d4Bf3ovk6zteU=
-49,126,l+YTrrMd6Z4BQo/PswLF7GYDhKo=,Ii7ZrwpzW9LJr+d4Bf3ovk6zteU=
-50,126,l+YTrrMd6Z4BQo/PswLF7GYDhKo=,Ii7ZrwpzW9LJr+d4Bf3ovk6zteU=
-52,126,l+YTrrMd6Z4BQo/PswLF7GYDhKo=,Ii7ZrwpzW9LJr+d4Bf3ovk6zteU=
-51,126,l+YTrrMd6Z4BQo/PswLF7GYDhKo=,Ii7ZrwpzW9LJr+d4Bf3ovk6zteU=
-53,126,l+YTrrMd6Z4BQo/PswLF7GYDhKo=,Ii7ZrwpzW9LJr+d4Bf3ovk6zteU=
-58,127,l+YTrrMd6Z4BQo/PswLF7GYDhKo=,Ii7ZrwpzW9LJr+d4Bf3ovk6zteU=
-55,126,l+YTrrMd6Z4BQo/PswLF7GYDhKo=,Ii7ZrwpzW9LJr+d4Bf3ovk6zteU=
-56,126,l+YTrrMd6Z4BQo/PswLF7GYDhKo=,Ii7ZrwpzW9LJr+d4Bf3ovk6zteU=
-54,126,l+YTrrMd6Z4BQo/PswLF7GYDhKo=,Ii7ZrwpzW9LJr+d4Bf3ovk6zteU=
-57,126,l+YTrrMd6Z4BQo/PswLF7GYDhKo=,Ii7ZrwpzW9LJr+d4Bf3ovk6zteU=
-58,126,l+YTrrMd6Z4BQo/PswLF7GYDhKo=,Ii7ZrwpzW9LJr+d4Bf3ovk6zteU=
-59,126,l+YTrrMd6Z4BQo/PswLF7GYDhKo=,Ii7ZrwpzW9LJr+d4Bf3ovk6zteU=
-60,126,l+YTrrMd6Z4BQo/PswLF7GYDhKo=,Ii7ZrwpzW9LJr+d4Bf3ovk6zteU=
-62,126,l+YTrrMd6Z4BQo/PswLF7GYDhKo=,Ii7ZrwpzW9LJr+d4Bf3ovk6zteU=
-63,126,l+YTrrMd6Z4BQo/PswLF7GYDhKo=,Ii7ZrwpzW9LJr+d4Bf3ovk6zteU=
-51,112,l+YTrrMd6Z4BQo/PswLF7GYDhKo=,Ii7ZrwpzW9LJr+d4Bf3ovk6zteU=
-49,125,l+YTrrMd6Z4BQo/PswLF7GYDhKo=,Ii7ZrwpzW9LJr+d4Bf3ovk6zteU=
-50,125,l+YTrrMd6Z4BQo/PswLF7GYDhKo=,Ii7ZrwpzW9LJr+d4Bf3ovk6zteU=
-51,125,l+YTrrMd6Z4BQo/PswLF7GYDhKo=,Ii7ZrwpzW9LJr+d4Bf3ovk6zteU=
-52,125,l+YTrrMd6Z4BQo/PswLF7GYDhKo=,Ii7ZrwpzW9LJr+d4Bf3ovk6zteU=
-61,126,l+YTrrMd6Z4BQo/PswLF7GYDhKo=,Ii7ZrwpzW9LJr+d4Bf3ovk6zteU=
-53,125,l+YTrrMd6Z4BQo/PswLF7GYDhKo=,Ii7ZrwpzW9LJr+d4Bf3ovk6zteU=
-54,125,l+YTrrMd6Z4BQo/PswLF7GYDhKo=,Ii7ZrwpzW9LJr+d4Bf3ovk6zteU=
-56,125,l+YTrrMd6Z4BQo/PswLF7GYDhKo=,Ii7ZrwpzW9LJr+d4Bf3ovk6zteU=
-58,125,l+YTrrMd6Z4BQo/PswLF7GYDhKo=,Ii7ZrwpzW9LJr+d4Bf3ovk6zteU=
-55,125,l+YTrrMd6Z4BQo/PswLF7GYDhKo=,Ii7ZrwpzW9LJr+d4Bf3ovk6zteU=
-57,125,l+YTrrMd6Z4BQo/PswLF7GYDhKo=,Ii7ZrwpzW9LJr+d4Bf3ovk6zteU=
-59,125,l+YTrrMd6Z4BQo/PswLF7GYDhKo=,Ii7ZrwpzW9LJr+d4Bf3ovk6zteU=
-60,125,l+YTrrMd6Z4BQo/PswLF7GYDhKo=,Ii7ZrwpzW9LJr+d4Bf3ovk6zteU=
-62,125,l+YTrrMd6Z4BQo/PswLF7GYDhKo=,Ii7ZrwpzW9LJr+d4Bf3ovk6zteU=
-52,112,l+YTrrMd6Z4BQo/PswLF7GYDhKo=,Ii7ZrwpzW9LJr+d4Bf3ovk6zteU=
-63,125,l+YTrrMd6Z4BQo/PswLF7GYDhKo=,Ii7ZrwpzW9LJr+d4Bf3ovk6zteU=
-64,125,l+YTrrMd6Z4BQo/PswLF7GYDhKo=,Ii7ZrwpzW9LJr+d4Bf3ovk6zteU=
-49,124,l+YTrrMd6Z4BQo/PswLF7GYDhKo=,Ii7ZrwpzW9LJr+d4Bf3ovk6zteU=
-50,124,l+YTrrMd6Z4BQo/PswLF7GYDhKo=,Ii7ZrwpzW9LJr+d4Bf3ovk6zteU=
-52,124,l+YTrrMd6Z4BQo/PswLF7GYDhKo=,Ii7ZrwpzW9LJr+d4Bf3ovk6zteU=
-51,124,l+YTrrMd6Z4BQo/PswLF7GYDhKo=,Ii7ZrwpzW9LJr+d4Bf3ovk6zteU=
-53,124,l+YTrrMd6Z4BQo/PswLF7GYDhKo=,Ii7ZrwpzW9LJr+d4Bf3ovk6zteU=
-56,124,l+YTrrMd6Z4BQo/PswLF7GYDhKo=,Ii7ZrwpzW9LJr+d4Bf3ovk6zteU=
-55,124,l+YTrrMd6Z4BQo/PswLF7GYDhKo=,Ii7ZrwpzW9LJr+d4Bf3ovk6zteU=
-57,124,l+YTrrMd6Z4BQo/PswLF7GYDhKo=,Ii7ZrwpzW9LJr+d4Bf3ovk6zteU=
-59,124,l+YTrrMd6Z4BQo/PswLF7GYDhKo=,Ii7ZrwpzW9LJr+d4Bf3ovk6zteU=
-60,124,l+YTrrMd6Z4BQo/PswLF7GYDhKo=,Ii7ZrwpzW9LJr+d4Bf3ovk6zteU=
-61,124,l+YTrrMd6Z4BQo/PswLF7GYDhKo=,Ii7ZrwpzW9LJr+d4Bf3ovk6zteU=
-62,124,l+YTrrMd6Z4BQo/PswLF7GYDhKo=,Ii7ZrwpzW9LJr+d4Bf3ovk6zteU=
-49,123,l+YTrrMd6Z4BQo/PswLF7GYDhKo=,Ii7ZrwpzW9LJr+d4Bf3ovk6zteU=
-63,124,l+YTrrMd6Z4BQo/PswLF7GYDhKo=,Ii7ZrwpzW9LJr+d4Bf3ovk6zteU=
-50,123,l+YTrrMd6Z4BQo/PswLF7GYDhKo=,Ii7ZrwpzW9LJr+d4Bf3ovk6zteU=
-64,124,l+YTrrMd6Z4BQo/PswLF7GYDhKo=,Ii7ZrwpzW9LJr+d4Bf3ovk6zteU=
-51,123,l+YTrrMd6Z4BQo/PswLF7GYDhKo=,Ii7ZrwpzW9LJr+d4Bf3ovk6zteU=
-54,124,l+YTrrMd6Z4BQo/PswLF7GYDhKo=,Ii7ZrwpzW9LJr+d4Bf3ovk6zteU=
-52,123,l+YTrrMd6Z4BQo/PswLF7GYDhKo=,Ii7ZrwpzW9LJr+d4Bf3ovk6zteU=
-53,123,l+YTrrMd6Z4BQo/PswLF7GYDhKo=,Ii7ZrwpzW9LJr+d4Bf3ovk6zteU=
-53,112,l+YTrrMd6Z4BQo/PswLF7GYDhKo=,Ii7ZrwpzW9LJr+d4Bf3ovk6zteU=
-54,123,l+YTrrMd6Z4BQo/PswLF7GYDhKo=,Ii7ZrwpzW9LJr+d4Bf3ovk6zteU=
-55,123,l+YTrrMd6Z4BQo/PswLF7GYDhKo=,Ii7ZrwpzW9LJr+d4Bf3ovk6zteU=
-56,123,l+YTrrMd6Z4BQo/PswLF7GYDhKo=,Ii7ZrwpzW9LJr+d4Bf3ovk6zteU=
-57,123,l+YTrrMd6Z4BQo/PswLF7GYDhKo=,Ii7ZrwpzW9LJr+d4Bf3ovk6zteU=
-58,123,l+YTrrMd6Z4BQo/PswLF7GYDhKo=,Ii7ZrwpzW9LJr+d4Bf3ovk6zteU=
-59,123,l+YTrrMd6Z4BQo/PswLF7GYDhKo=,Ii7ZrwpzW9LJr+d4Bf3ovk6zteU=
-60,123,l+YTrrMd6Z4BQo/PswLF7GYDhKo=,Ii7ZrwpzW9LJr+d4Bf3ovk6zteU=
-61,123,l+YTrrMd6Z4BQo/PswLF7GYDhKo=,Ii7ZrwpzW9LJr+d4Bf3ovk6zteU=
-54,112,l+YTrrMd6Z4BQo/PswLF7GYDhKo=,Ii7ZrwpzW9LJr+d4Bf3ovk6zteU=
-62,123,l+YTrrMd6Z4BQo/PswLF7GYDhKo=,Ii7ZrwpzW9LJr+d4Bf3ovk6zteU=
-63,123,l+YTrrMd6Z4BQo/PswLF7GYDhKo=,Ii7ZrwpzW9LJr+d4Bf3ovk6zteU=
-49,122,l+YTrrMd6Z4BQo/PswLF7GYDhKo=,Ii7ZrwpzW9LJr+d4Bf3ovk6zteU=
-51,122,l+YTrrMd6Z4BQo/PswLF7GYDhKo=,Ii7ZrwpzW9LJr+d4Bf3ovk6zteU=
-52,122,l+YTrrMd6Z4BQo/PswLF7GYDhKo=,Ii7ZrwpzW9LJr+d4Bf3ovk6zteU=
-50,122,l+YTrrMd6Z4BQo/PswLF7GYDhKo=,Ii7ZrwpzW9LJr+d4Bf3ovk6zteU=
-64,123,l+YTrrMd6Z4BQo/PswLF7GYDhKo=,Ii7ZrwpzW9LJr+d4Bf3ovk6zteU=
-53,122,l+YTrrMd6Z4BQo/PswLF7GYDhKo=,Ii7ZrwpzW9LJr+d4Bf3ovk6zteU=
-54,122,l+YTrrMd6Z4BQo/PswLF7GYDhKo=,Ii7ZrwpzW9LJr+d4Bf3ovk6zteU=
-58,122,l+YTrrMd6Z4BQo/PswLF7GYDhKo=,Ii7ZrwpzW9LJr+d4Bf3ovk6zteU=
-55,122,l+YTrrMd6Z4BQo/PswLF7GYDhKo=,Ii7ZrwpzW9LJr+d4Bf3ovk6zteU=
-59,122,l+YTrrMd6Z4BQo/PswLF7GYDhKo=,Ii7ZrwpzW9LJr+d4Bf3ovk6zteU=
-60,122,l+YTrrMd6Z4BQo/PswLF7GYDhKo=,Ii7ZrwpzW9LJr+d4Bf3ovk6zteU=
-57,122,l+YTrrMd6Z4BQo/PswLF7GYDhKo=,Ii7ZrwpzW9LJr+d4Bf3ovk6zteU=
-61,122,l+YTrrMd6Z4BQo/PswLF7GYDhKo=,Ii7ZrwpzW9LJr+d4Bf3ovk6zteU=
-63,122,l+YTrrMd6Z4BQo/PswLF7GYDhKo=,Ii7ZrwpzW9LJr+d4Bf3ovk6zteU=
-62,122,l+YTrrMd6Z4BQo/PswLF7GYDhKo=,Ii7ZrwpzW9LJr+d4Bf3ovk6zteU=
-55,112,l+YTrrMd6Z4BQo/PswLF7GYDhKo=,Ii7ZrwpzW9LJr+d4Bf3ovk6zteU=
-56,122,l+YTrrMd6Z4BQo/PswLF7GYDhKo=,Ii7ZrwpzW9LJr+d4Bf3ovk6zteU=
-64,122,l+YTrrMd6Z4BQo/PswLF7GYDhKo=,Ii7ZrwpzW9LJr+d4Bf3ovk6zteU=
-49,121,l+YTrrMd6Z4BQo/PswLF7GYDhKo=,Ii7ZrwpzW9LJr+d4Bf3ovk6zteU=
-50,121,l+YTrrMd6Z4BQo/PswLF7GYDhKo=,Ii7ZrwpzW9LJr+d4Bf3ovk6zteU=
-51,121,l+YTrrMd6Z4BQo/PswLF7GYDhKo=,Ii7ZrwpzW9LJr+d4Bf3ovk6zteU=
-52,121,l+YTrrMd6Z4BQo/PswLF7GYDhKo=,Ii7ZrwpzW9LJr+d4Bf3ovk6zteU=
-53,121,l+YTrrMd6Z4BQo/PswLF7GYDhKo=,Ii7ZrwpzW9LJr+d4Bf3ovk6zteU=
-54,121,l+YTrrMd6Z4BQo/PswLF7GYDhKo=,Ii7ZrwpzW9LJr+d4Bf3ovk6zteU=
-55,121,l+YTrrMd6Z4BQo/PswLF7GYDhKo=,Ii7ZrwpzW9LJr+d4Bf3ovk6zteU=
-57,121,l+YTrrMd6Z4BQo/PswLF7GYDhKo=,Ii7ZrwpzW9LJr+d4Bf3ovk6zteU=
-59,121,l+YTrrMd6Z4BQo/PswLF7GYDhKo=,Ii7ZrwpzW9LJr+d4Bf3ovk6zteU=
-60,121,l+YTrrMd6Z4BQo/PswLF7GYDhKo=,Ii7ZrwpzW9LJr+d4Bf3ovk6zteU=
-56,121,l+YTrrMd6Z4BQo/PswLF7GYDhKo=,Ii7ZrwpzW9LJr+d4Bf3ovk6zteU=
-61,121,l+YTrrMd6Z4BQo/PswLF7GYDhKo=,Ii7ZrwpzW9LJr+d4Bf3ovk6zteU=
-56,112,l+YTrrMd6Z4BQo/PswLF7GYDhKo=,Ii7ZrwpzW9LJr+d4Bf3ovk6zteU=
-58,121,l+YTrrMd6Z4BQo/PswLF7GYDhKo=,Ii7ZrwpzW9LJr+d4Bf3ovk6zteU=
-62,121,l+YTrrMd6Z4BQo/PswLF7GYDhKo=,Ii7ZrwpzW9LJr+d4Bf3ovk6zteU=
-63,121,l+YTrrMd6Z4BQo/PswLF7GYDhKo=,Ii7ZrwpzW9LJr+d4Bf3ovk6zteU=
-64,121,l+YTrrMd6Z4BQo/PswLF7GYDhKo=,Ii7ZrwpzW9LJr+d4Bf3ovk6zteU=
-49,120,l+YTrrMd6Z4BQo/PswLF7GYDhKo=,Ii7ZrwpzW9LJr+d4Bf3ovk6zteU=
-51,120,l+YTrrMd6Z4BQo/PswLF7GYDhKo=,Ii7ZrwpzW9LJr+d4Bf3ovk6zteU=
-52,120,l+YTrrMd6Z4BQo/PswLF7GYDhKo=,Ii7ZrwpzW9LJr+d4Bf3ovk6zteU=
-54,120,l+YTrrMd6Z4BQo/PswLF7GYDhKo=,Ii7ZrwpzW9LJr+d4Bf3ovk6zteU=
-50,120,l+YTrrMd6Z4BQo/PswLF7GYDhKo=,Ii7ZrwpzW9LJr+d4Bf3ovk6zteU=
-53,120,l+YTrrMd6Z4BQo/PswLF7GYDhKo=,Ii7ZrwpzW9LJr+d4Bf3ovk6zteU=
-56,120,l+YTrrMd6Z4BQo/PswLF7GYDhKo=,Ii7ZrwpzW9LJr+d4Bf3ovk6zteU=
-55,120,l+YTrrMd6Z4BQo/PswLF7GYDhKo=,Ii7ZrwpzW9LJr+d4Bf3ovk6zteU=
-57,120,l+YTrrMd6Z4BQo/PswLF7GYDhKo=,Ii7ZrwpzW9LJr+d4Bf3ovk6zteU=
-61,120,l+YTrrMd6Z4BQo/PswLF7GYDhKo=,Ii7ZrwpzW9LJr+d4Bf3ovk6zteU=
-60,120,l+YTrrMd6Z4BQo/PswLF7GYDhKo=,Ii7ZrwpzW9LJr+d4Bf3ovk6zteU=
-59,120,l+YTrrMd6Z4BQo/PswLF7GYDhKo=,Ii7ZrwpzW9LJr+d4Bf3ovk6zteU=
-62,120,l+YTrrMd6Z4BQo/PswLF7GYDhKo=,Ii7ZrwpzW9LJr+d4Bf3ovk6zteU=
-57,112,l+YTrrMd6Z4BQo/PswLF7GYDhKo=,Ii7ZrwpzW9LJr+d4Bf3ovk6zteU=
-64,120,l+YTrrMd6Z4BQo/PswLF7GYDhKo=,Ii7ZrwpzW9LJr+d4Bf3ovk6zteU=
-63,120,l+YTrrMd6Z4BQo/PswLF7GYDhKo=,Ii7ZrwpzW9LJr+d4Bf3ovk6zteU=
-49,119,l+YTrrMd6Z4BQo/PswLF7GYDhKo=,Ii7ZrwpzW9LJr+d4Bf3ovk6zteU=
-50,119,l+YTrrMd6Z4BQo/PswLF7GYDhKo=,Ii7ZrwpzW9LJr+d4Bf3ovk6zteU=
-51,119,l+YTrrMd6Z4BQo/PswLF7GYDhKo=,Ii7ZrwpzW9LJr+d4Bf3ovk6zteU=
-54,119,l+YTrrMd6Z4BQo/PswLF7GYDhKo=,Ii7ZrwpzW9LJr+d4Bf3ovk6zteU=
-53,119,l+YTrrMd6Z4BQo/PswLF7GYDhKo=,Ii7ZrwpzW9LJr+d4Bf3ovk6zteU=
-58,120,l+YTrrMd6Z4BQo/PswLF7GYDhKo=,Ii7ZrwpzW9LJr+d4Bf3ovk6zteU=
-55,119,l+YTrrMd6Z4BQo/PswLF7GYDhKo=,Ii7ZrwpzW9LJr+d4Bf3ovk6zteU=
-57,119,l+YTrrMd6Z4BQo/PswLF7GYDhKo=,Ii7ZrwpzW9LJr+d4Bf3ovk6zteU=
-59,119,l+YTrrMd6Z4BQo/PswLF7GYDhKo=,Ii7ZrwpzW9LJr+d4Bf3ovk6zteU=
-58,119,l+YTrrMd6Z4BQo/PswLF7GYDhKo=,Ii7ZrwpzW9LJr+d4Bf3ovk6zteU=
-60,119,l+YTrrMd6Z4BQo/PswLF7GYDhKo=,Ii7ZrwpzW9LJr+d4Bf3ovk6zteU=
-61,119,l+YTrrMd6Z4BQo/PswLF7GYDhKo=,Ii7ZrwpzW9LJr+d4Bf3ovk6zteU=
-56,119,l+YTrrMd6Z4BQo/PswLF7GYDhKo=,Ii7ZrwpzW9LJr+d4Bf3ovk6zteU=
-62,119,l+YTrrMd6Z4BQo/PswLF7GYDhKo=,Ii7ZrwpzW9LJr+d4Bf3ovk6zteU=
-52,119,l+YTrrMd6Z4BQo/PswLF7GYDhKo=,Ii7ZrwpzW9LJr+d4Bf3ovk6zteU=
-58,112,l+YTrrMd6Z4BQo/PswLF7GYDhKo=,Ii7ZrwpzW9LJr+d4Bf3ovk6zteU=
-49,118,l+YTrrMd6Z4BQo/PswLF7GYDhKo=,Ii7ZrwpzW9LJr+d4Bf3ovk6zteU=
-50,118,l+YTrrMd6Z4BQo/PswLF7GYDhKo=,Ii7ZrwpzW9LJr+d4Bf3ovk6zteU=
-63,119,l+YTrrMd6Z4BQo/PswLF7GYDhKo=,Ii7ZrwpzW9LJr+d4Bf3ovk6zteU=
-64,119,l+YTrrMd6Z4BQo/PswLF7GYDhKo=,Ii7ZrwpzW9LJr+d4Bf3ovk6zteU=
-52,118,l+YTrrMd6Z4BQo/PswLF7GYDhKo=,Ii7ZrwpzW9LJr+d4Bf3ovk6zteU=
-51,118,l+YTrrMd6Z4BQo/PswLF7GYDhKo=,Ii7ZrwpzW9LJr+d4Bf3ovk6zteU=
-53,118,l+YTrrMd6Z4BQo/PswLF7GYDhKo=,Ii7ZrwpzW9LJr+d4Bf3ovk6zteU=
-55,118,l+YTrrMd6Z4BQo/PswLF7GYDhKo=,Ii7ZrwpzW9LJr+d4Bf3ovk6zteU=
-59,118,l+YTrrMd6Z4BQo/PswLF7GYDhKo=,Ii7ZrwpzW9LJr+d4Bf3ovk6zteU=
-58,118,l+YTrrMd6Z4BQo/PswLF7GYDhKo=,Ii7ZrwpzW9LJr+d4Bf3ovk6zteU=
-56,118,l+YTrrMd6Z4BQo/PswLF7GYDhKo=,Ii7ZrwpzW9LJr+d4Bf3ovk6zteU=
-61,118,l+YTrrMd6Z4BQo/PswLF7GYDhKo=,Ii7ZrwpzW9LJr+d4Bf3ovk6zteU=
-57,118,l+YTrrMd6Z4BQo/PswLF7GYDhKo=,Ii7ZrwpzW9LJr+d4Bf3ovk6zteU=
-60,118,l+YTrrMd6Z4BQo/PswLF7GYDhKo=,Ii7ZrwpzW9LJr+d4Bf3ovk6zteU=
-54,118,l+YTrrMd6Z4BQo/PswLF7GYDhKo=,Ii7ZrwpzW9LJr+d4Bf3ovk6zteU=
-62,118,l+YTrrMd6Z4BQo/PswLF7GYDhKo=,Ii7ZrwpzW9LJr+d4Bf3ovk6zteU=
-63,118,l+YTrrMd6Z4BQo/PswLF7GYDhKo=,Ii7ZrwpzW9LJr+d4Bf3ovk6zteU=
-64,118,l+YTrrMd6Z4BQo/PswLF7GYDhKo=,Ii7ZrwpzW9LJr+d4Bf3ovk6zteU=
-49,117,l+YTrrMd6Z4BQo/PswLF7GYDhKo=,Ii7ZrwpzW9LJr+d4Bf3ovk6zteU=
-59,112,l+YTrrMd6Z4BQo/PswLF7GYDhKo=,Ii7ZrwpzW9LJr+d4Bf3ovk6zteU=
-51,117,l+YTrrMd6Z4BQo/PswLF7GYDhKo=,Ii7ZrwpzW9LJr+d4Bf3ovk6zteU=
-52,117,l+YTrrMd6Z4BQo/PswLF7GYDhKo=,Ii7ZrwpzW9LJr+d4Bf3ovk6zteU=
-56,117,l+YTrrMd6Z4BQo/PswLF7GYDhKo=,Ii7ZrwpzW9LJr+d4Bf3ovk6zteU=
-53,117,l+YTrrMd6Z4BQo/PswLF7GYDhKo=,Ii7ZrwpzW9LJr+d4Bf3ovk6zteU=
-58,117,l+YTrrMd6Z4BQo/PswLF7GYDhKo=,Ii7ZrwpzW9LJr+d4Bf3ovk6zteU=
-55,117,l+YTrrMd6Z4BQo/PswLF7GYDhKo=,Ii7ZrwpzW9LJr+d4Bf3ovk6zteU=
-54,117,l+YTrrMd6Z4BQo/PswLF7GYDhKo=,Ii7ZrwpzW9LJr+d4Bf3ovk6zteU=
-60,117,l+YTrrMd6Z4BQo/PswLF7GYDhKo=,Ii7ZrwpzW9LJr+d4Bf3ovk6zteU=
-50,117,l+YTrrMd6Z4BQo/PswLF7GYDhKo=,Ii7ZrwpzW9LJr+d4Bf3ovk6zteU=
-59,117,l+YTrrMd6Z4BQo/PswLF7GYDhKo=,Ii7ZrwpzW9LJr+d4Bf3ovk6zteU=
-57,117,l+YTrrMd6Z4BQo/PswLF7GYDhKo=,Ii7ZrwpzW9LJr+d4Bf3ovk6zteU=
-62,117,l+YTrrMd6Z4BQo/PswLF7GYDhKo=,Ii7ZrwpzW9LJr+d4Bf3ovk6zteU=
-63,117,l+YTrrMd6Z4BQo/PswLF7GYDhKo=,Ii7ZrwpzW9LJr+d4Bf3ovk6zteU=
-61,117,l+YTrrMd6Z4BQo/PswLF7GYDhKo=,Ii7ZrwpzW9LJr+d4Bf3ovk6zteU=
-64,117,l+YTrrMd6Z4BQo/PswLF7GYDhKo=,Ii7ZrwpzW9LJr+d4Bf3ovk6zteU=
-49,116,l+YTrrMd6Z4BQo/PswLF7GYDhKo=,Ii7ZrwpzW9LJr+d4Bf3ovk6zteU=
-60,112,l+YTrrMd6Z4BQo/PswLF7GYDhKo=,Ii7ZrwpzW9LJr+d4Bf3ovk6zteU=
-50,116,l+YTrrMd6Z4BQo/PswLF7GYDhKo=,Ii7ZrwpzW9LJr+d4Bf3ovk6zteU=
-51,116,l+YTrrMd6Z4BQo/PswLF7GYDhKo=,Ii7ZrwpzW9LJr+d4Bf3ovk6zteU=
-52,116,l+YTrrMd6Z4BQo/PswLF7GYDhKo=,Ii7ZrwpzW9LJr+d4Bf3ovk6zteU=
-53,116,l+YTrrMd6Z4BQo/PswLF7GYDhKo=,Ii7ZrwpzW9LJr+d4Bf3ovk6zteU=
-55,116,l+YTrrMd6Z4BQo/PswLF7GYDhKo=,Ii7ZrwpzW9LJr+d4Bf3ovk6zteU=
-56,116,l+YTrrMd6Z4BQo/PswLF7GYDhKo=,Ii7ZrwpzW9LJr+d4Bf3ovk6zteU=
-54,116,l+YTrrMd6Z4BQo/PswLF7GYDhKo=,Ii7ZrwpzW9LJr+d4Bf3ovk6zteU=
-57,116,l+YTrrMd6Z4BQo/PswLF7GYDhKo=,Ii7ZrwpzW9LJr+d4Bf3ovk6zteU=
-58,116,l+YTrrMd6Z4BQo/PswLF7GYDhKo=,Ii7ZrwpzW9LJr+d4Bf3ovk6zteU=
-61,116,l+YTrrMd6Z4BQo/PswLF7GYDhKo=,Ii7ZrwpzW9LJr+d4Bf3ovk6zteU=
-60,116,l+YTrrMd6Z4BQo/PswLF7GYDhKo=,Ii7ZrwpzW9LJr+d4Bf3ovk6zteU=
-64,116,l+YTrrMd6Z4BQo/PswLF7GYDhKo=,Ii7ZrwpzW9LJr+d4Bf3ovk6zteU=
-61,112,l+YTrrMd6Z4BQo/PswLF7GYDhKo=,Ii7ZrwpzW9LJr+d4Bf3ovk6zteU=
-59,116,l+YTrrMd6Z4BQo/PswLF7GYDhKo=,Ii7ZrwpzW9LJr+d4Bf3ovk6zteU=
-62,116,l+YTrrMd6Z4BQo/PswLF7GYDhKo=,Ii7ZrwpzW9LJr+d4Bf3ovk6zteU=
-50,115,l+YTrrMd6Z4BQo/PswLF7GYDhKo=,Ii7ZrwpzW9LJr+d4Bf3ovk6zteU=
-49,115,l+YTrrMd6Z4BQo/PswLF7GYDhKo=,Ii7ZrwpzW9LJr+d4Bf3ovk6zteU=
-51,115,l+YTrrMd6Z4BQo/PswLF7GYDhKo=,Ii7ZrwpzW9LJr+d4Bf3ovk6zteU=
-63,116,l+YTrrMd6Z4BQo/PswLF7GYDhKo=,Ii7ZrwpzW9LJr+d4Bf3ovk6zteU=
-52,115,l+YTrrMd6Z4BQo/PswLF7GYDhKo=,Ii7ZrwpzW9LJr+d4Bf3ovk6zteU=
-53,115,l+YTrrMd6Z4BQo/PswLF7GYDhKo=,Ii7ZrwpzW9LJr+d4Bf3ovk6zteU=
-56,115,l+YTrrMd6Z4BQo/PswLF7GYDhKo=,Ii7ZrwpzW9LJr+d4Bf3ovk6zteU=
-54,115,l+YTrrMd6Z4BQo/PswLF7GYDhKo=,Ii7ZrwpzW9LJr+d4Bf3ovk6zteU=
-57,115,l+YTrrMd6Z4BQo/PswLF7GYDhKo=,Ii7ZrwpzW9LJr+d4Bf3ovk6zteU=
-59,115,l+YTrrMd6Z4BQo/PswLF7GYDhKo=,Ii7ZrwpzW9LJr+d4Bf3ovk6zteU=
-58,115,l+YTrrMd6Z4BQo/PswLF7GYDhKo=,Ii7ZrwpzW9LJr+d4Bf3ovk6zteU=
-60,115,l+YTrrMd6Z4BQo/PswLF7GYDhKo=,Ii7ZrwpzW9LJr+d4Bf3ovk6zteU=
-62,115,l+YTrrMd6Z4BQo/PswLF7GYDhKo=,Ii7ZrwpzW9LJr+d4Bf3ovk6zteU=
-55,115,l+YTrrMd6Z4BQo/PswLF7GYDhKo=,Ii7ZrwpzW9LJr+d4Bf3ovk6zteU=
-63,115,l+YTrrMd6Z4BQo/PswLF7GYDhKo=,Ii7ZrwpzW9LJr+d4Bf3ovk6zteU=
-61,115,l+YTrrMd6Z4BQo/PswLF7GYDhKo=,Ii7ZrwpzW9LJr+d4Bf3ovk6zteU=
-62,112,l+YTrrMd6Z4BQo/PswLF7GYDhKo=,Ii7ZrwpzW9LJr+d4Bf3ovk6zteU=
-64,115,l+YTrrMd6Z4BQo/PswLF7GYDhKo=,Ii7ZrwpzW9LJr+d4Bf3ovk6zteU=
-50,114,l+YTrrMd6Z4BQo/PswLF7GYDhKo=,Ii7ZrwpzW9LJr+d4Bf3ovk6zteU=
-51,114,l+YTrrMd6Z4BQo/PswLF7GYDhKo=,Ii7ZrwpzW9LJr+d4Bf3ovk6zteU=
-53,114,l+YTrrMd6Z4BQo/PswLF7GYDhKo=,Ii7ZrwpzW9LJr+d4Bf3ovk6zteU=
-49,114,l+YTrrMd6Z4BQo/PswLF7GYDhKo=,Ii7ZrwpzW9LJr+d4Bf3ovk6zteU=
-64,126,l+YTrrMd6Z4BQo/PswLF7GYDhKo=,Ii7ZrwpzW9LJr+d4Bf3ovk6zteU=
-52,114,l+YTrrMd6Z4BQo/PswLF7GYDhKo=,Ii7ZrwpzW9LJr+d4Bf3ovk6zteU=
-51,127,l+YTrrMd6Z4BQo/PswLF7GYDhKo=,Ii7ZrwpzW9LJr+d4Bf3ovk6zteU=
-58,124,l+YTrrMd6Z4BQo/PswLF7GYDhKo=,Ii7ZrwpzW9LJr+d4Bf3ovk6zteU=
-61,125,l+YTrrMd6Z4BQo/PswLF7GYDhKo=,Ii7ZrwpzW9LJr+d4Bf3ovk6zteU=
-33,127,l+YTrrMd6Z4BQo/PswLF7GYDhKo=,Ii7ZrwpzW9LJr+d4Bf3ovk6zteU=
-47,113,l+YTrrMd6Z4BQo/PswLF7GYDhKo=,Ii7ZrwpzW9LJr+d4Bf3ovk6zteU=
-46,113,l+YTrrMd6Z4BQo/PswLF7GYDhKo=,Ii7ZrwpzW9LJr+d4Bf3ovk6zteU=
-45,113,l+YTrrMd6Z4BQo/PswLF7GYDhKo=,Ii7ZrwpzW9LJr+d4Bf3ovk6zteU=
-34,127,l+YTrrMd6Z4BQo/PswLF7GYDhKo=,Ii7ZrwpzW9LJr+d4Bf3ovk6zteU=
-48,113,l+YTrrMd6Z4BQo/PswLF7GYDhKo=,Ii7ZrwpzW9LJr+d4Bf3ovk6zteU=
-44,113,l+YTrrMd6Z4BQo/PswLF7GYDhKo=,Ii7ZrwpzW9LJr+d4Bf3ovk6zteU=
-43,113,l+YTrrMd6Z4BQo/PswLF7GYDhKo=,Ii7ZrwpzW9LJr+d4Bf3ovk6zteU=
-42,113,l+YTrrMd6Z4BQo/PswLF7GYDhKo=,Ii7ZrwpzW9LJr+d4Bf3ovk6zteU=
-33,112,l+YTrrMd6Z4BQo/PswLF7GYDhKo=,Ii7ZrwpzW9LJr+d4Bf3ovk6zteU=
-41,113,l+YTrrMd6Z4BQo/PswLF7GYDhKo=,Ii7ZrwpzW9LJr+d4Bf3ovk6zteU=
-40,113,l+YTrrMd6Z4BQo/PswLF7GYDhKo=,Ii7ZrwpzW9LJr+d4Bf3ovk6zteU=
-39,113,l+YTrrMd6Z4BQo/PswLF7GYDhKo=,Ii7ZrwpzW9LJr+d4Bf3ovk6zteU=
-34,112,l+YTrrMd6Z4BQo/PswLF7GYDhKo=,Ii7ZrwpzW9LJr+d4Bf3ovk6zteU=
-38,113,l+YTrrMd6Z4BQo/PswLF7GYDhKo=,Ii7ZrwpzW9LJr+d4Bf3ovk6zteU=
-37,112,l+YTrrMd6Z4BQo/PswLF7GYDhKo=,Ii7ZrwpzW9LJr+d4Bf3ovk6zteU=
-36,112,l+YTrrMd6Z4BQo/PswLF7GYDhKo=,Ii7ZrwpzW9LJr+d4Bf3ovk6zteU=
-38,112,l+YTrrMd6Z4BQo/PswLF7GYDhKo=,Ii7ZrwpzW9LJr+d4Bf3ovk6zteU=
-39,112,l+YTrrMd6Z4BQo/PswLF7GYDhKo=,Ii7ZrwpzW9LJr+d4Bf3ovk6zteU=
-41,112,l+YTrrMd6Z4BQo/PswLF7GYDhKo=,Ii7ZrwpzW9LJr+d4Bf3ovk6zteU=
-40,112,l+YTrrMd6Z4BQo/PswLF7GYDhKo=,Ii7ZrwpzW9LJr+d4Bf3ovk6zteU=
-44,112,l+YTrrMd6Z4BQo/PswLF7GYDhKo=,Ii7ZrwpzW9LJr+d4Bf3ovk6zteU=
-45,112,l+YTrrMd6Z4BQo/PswLF7GYDhKo=,Ii7ZrwpzW9LJr+d4Bf3ovk6zteU=
-43,112,l+YTrrMd6Z4BQo/PswLF7GYDhKo=,Ii7ZrwpzW9LJr+d4Bf3ovk6zteU=
-46,112,l+YTrrMd6Z4BQo/PswLF7GYDhKo=,Ii7ZrwpzW9LJr+d4Bf3ovk6zteU=
-47,112,l+YTrrMd6Z4BQo/PswLF7GYDhKo=,Ii7ZrwpzW9LJr+d4Bf3ovk6zteU=
-35,127,l+YTrrMd6Z4BQo/PswLF7GYDhKo=,Ii7ZrwpzW9LJr+d4Bf3ovk6zteU=
-48,112,l+YTrrMd6Z4BQo/PswLF7GYDhKo=,Ii7ZrwpzW9LJr+d4Bf3ovk6zteU=
-37,127,l+YTrrMd6Z4BQo/PswLF7GYDhKo=,Ii7ZrwpzW9LJr+d4Bf3ovk6zteU=
-36,127,l+YTrrMd6Z4BQo/PswLF7GYDhKo=,Ii7ZrwpzW9LJr+d4Bf3ovk6zteU=
-38,127,l+YTrrMd6Z4BQo/PswLF7GYDhKo=,Ii7ZrwpzW9LJr+d4Bf3ovk6zteU=
-39,127,l+YTrrMd6Z4BQo/PswLF7GYDhKo=,Ii7ZrwpzW9LJr+d4Bf3ovk6zteU=
-41,127,l+YTrrMd6Z4BQo/PswLF7GYDhKo=,Ii7ZrwpzW9LJr+d4Bf3ovk6zteU=
-40,127,l+YTrrMd6Z4BQo/PswLF7GYDhKo=,Ii7ZrwpzW9LJr+d4Bf3ovk6zteU=
-42,127,l+YTrrMd6Z4BQo/PswLF7GYDhKo=,Ii7ZrwpzW9LJr+d4Bf3ovk6zteU=
-43,127,l+YTrrMd6Z4BQo/PswLF7GYDhKo=,Ii7ZrwpzW9LJr+d4Bf3ovk6zteU=
-45,127,l+YTrrMd6Z4BQo/PswLF7GYDhKo=,Ii7ZrwpzW9LJr+d4Bf3ovk6zteU=
-47,127,l+YTrrMd6Z4BQo/PswLF7GYDhKo=,Ii7ZrwpzW9LJr+d4Bf3ovk6zteU=
-46,127,l+YTrrMd6Z4BQo/PswLF7GYDhKo=,Ii7ZrwpzW9LJr+d4Bf3ovk6zteU=
-48,127,l+YTrrMd6Z4BQo/PswLF7GYDhKo=,Ii7ZrwpzW9LJr+d4Bf3ovk6zteU=
-33,126,l+YTrrMd6Z4BQo/PswLF7GYDhKo=,Ii7ZrwpzW9LJr+d4Bf3ovk6zteU=
-35,126,l+YTrrMd6Z4BQo/PswLF7GYDhKo=,Ii7ZrwpzW9LJr+d4Bf3ovk6zteU=
-34,126,l+YTrrMd6Z4BQo/PswLF7GYDhKo=,Ii7ZrwpzW9LJr+d4Bf3ovk6zteU=
-36,126,l+YTrrMd6Z4BQo/PswLF7GYDhKo=,Ii7ZrwpzW9LJr+d4Bf3ovk6zteU=
-44,127,l+YTrrMd6Z4BQo/PswLF7GYDhKo=,Ii7ZrwpzW9LJr+d4Bf3ovk6zteU=
-38,126,l+YTrrMd6Z4BQo/PswLF7GYDhKo=,Ii7ZrwpzW9LJr+d4Bf3ovk6zteU=
-37,126,l+YTrrMd6Z4BQo/PswLF7GYDhKo=,Ii7ZrwpzW9LJr+d4Bf3ovk6zteU=
-40,126,l+YTrrMd6Z4BQo/PswLF7GYDhKo=,Ii7ZrwpzW9LJr+d4Bf3ovk6zteU=
-39,126,l+YTrrMd6Z4BQo/PswLF7GYDhKo=,Ii7ZrwpzW9LJr+d4Bf3ovk6zteU=
-42,126,l+YTrrMd6Z4BQo/PswLF7GYDhKo=,Ii7ZrwpzW9LJr+d4Bf3ovk6zteU=
-43,126,l+YTrrMd6Z4BQo/PswLF7GYDhKo=,Ii7ZrwpzW9LJr+d4Bf3ovk6zteU=
-41,126,l+YTrrMd6Z4BQo/PswLF7GYDhKo=,Ii7ZrwpzW9LJr+d4Bf3ovk6zteU=
-44,126,l+YTrrMd6Z4BQo/PswLF7GYDhKo=,Ii7ZrwpzW9LJr+d4Bf3ovk6zteU=
-46,126,l+YTrrMd6Z4BQo/PswLF7GYDhKo=,Ii7ZrwpzW9LJr+d4Bf3ovk6zteU=
-45,126,l+YTrrMd6Z4BQo/PswLF7GYDhKo=,Ii7ZrwpzW9LJr+d4Bf3ovk6zteU=
-47,126,l+YTrrMd6Z4BQo/PswLF7GYDhKo=,Ii7ZrwpzW9LJr+d4Bf3ovk6zteU=
-33,125,l+YTrrMd6Z4BQo/PswLF7GYDhKo=,Ii7ZrwpzW9LJr+d4Bf3ovk6zteU=
-34,125,l+YTrrMd6Z4BQo/PswLF7GYDhKo=,Ii7ZrwpzW9LJr+d4Bf3ovk6zteU=
-35,125,l+YTrrMd6Z4BQo/PswLF7GYDhKo=,Ii7ZrwpzW9LJr+d4Bf3ovk6zteU=
-48,126,l+YTrrMd6Z4BQo/PswLF7GYDhKo=,Ii7ZrwpzW9LJr+d4Bf3ovk6zteU=
-36,125,l+YTrrMd6Z4BQo/PswLF7GYDhKo=,Ii7ZrwpzW9LJr+d4Bf3ovk6zteU=
-38,125,l+YTrrMd6Z4BQo/PswLF7GYDhKo=,Ii7ZrwpzW9LJr+d4Bf3ovk6zteU=
-39,125,l+YTrrMd6Z4BQo/PswLF7GYDhKo=,Ii7ZrwpzW9LJr+d4Bf3ovk6zteU=
-42,125,l+YTrrMd6Z4BQo/PswLF7GYDhKo=,Ii7ZrwpzW9LJr+d4Bf3ovk6zteU=
-43,125,l+YTrrMd6Z4BQo/PswLF7GYDhKo=,Ii7ZrwpzW9LJr+d4Bf3ovk6zteU=
-40,125,l+YTrrMd6Z4BQo/PswLF7GYDhKo=,Ii7ZrwpzW9LJr+d4Bf3ovk6zteU=
-45,125,l+YTrrMd6Z4BQo/PswLF7GYDhKo=,Ii7ZrwpzW9LJr+d4Bf3ovk6zteU=
-44,125,l+YTrrMd6Z4BQo/PswLF7GYDhKo=,Ii7ZrwpzW9LJr+d4Bf3ovk6zteU=
-46,125,l+YTrrMd6Z4BQo/PswLF7GYDhKo=,Ii7ZrwpzW9LJr+d4Bf3ovk6zteU=
-48,125,l+YTrrMd6Z4BQo/PswLF7GYDhKo=,Ii7ZrwpzW9LJr+d4Bf3ovk6zteU=
-33,124,l+YTrrMd6Z4BQo/PswLF7GYDhKo=,Ii7ZrwpzW9LJr+d4Bf3ovk6zteU=
-37,125,l+YTrrMd6Z4BQo/PswLF7GYDhKo=,Ii7ZrwpzW9LJr+d4Bf3ovk6zteU=
-35,124,l+YTrrMd6Z4BQo/PswLF7GYDhKo=,Ii7ZrwpzW9LJr+d4Bf3ovk6zteU=
-34,124,l+YTrrMd6Z4BQo/PswLF7GYDhKo=,Ii7ZrwpzW9LJr+d4Bf3ovk6zteU=
-47,125,l+YTrrMd6Z4BQo/PswLF7GYDhKo=,Ii7ZrwpzW9LJr+d4Bf3ovk6zteU=
-37,124,l+YTrrMd6Z4BQo/PswLF7GYDhKo=,Ii7ZrwpzW9LJr+d4Bf3ovk6zteU=
-38,124,l+YTrrMd6Z4BQo/PswLF7GYDhKo=,Ii7ZrwpzW9LJr+d4Bf3ovk6zteU=
-39,124,l+YTrrMd6Z4BQo/PswLF7GYDhKo=,Ii7ZrwpzW9LJr+d4Bf3ovk6zteU=
-40,124,l+YTrrMd6Z4BQo/PswLF7GYDhKo=,Ii7ZrwpzW9LJr+d4Bf3ovk6zteU=
-43,124,l+YTrrMd6Z4BQo/PswLF7GYDhKo=,Ii7ZrwpzW9LJr+d4Bf3ovk6zteU=
-36,124,l+YTrrMd6Z4BQo/PswLF7GYDhKo=,Ii7ZrwpzW9LJr+d4Bf3ovk6zteU=
-45,124,l+YTrrMd6Z4BQo/PswLF7GYDhKo=,Ii7ZrwpzW9LJr+d4Bf3ovk6zteU=
-47,124,l+YTrrMd6Z4BQo/PswLF7GYDhKo=,Ii7ZrwpzW9LJr+d4Bf3ovk6zteU=
-44,124,l+YTrrMd6Z4BQo/PswLF7GYDhKo=,Ii7ZrwpzW9LJr+d4Bf3ovk6zteU=
-48,124,l+YTrrMd6Z4BQo/PswLF7GYDhKo=,Ii7ZrwpzW9LJr+d4Bf3ovk6zteU=
-42,124,l+YTrrMd6Z4BQo/PswLF7GYDhKo=,Ii7ZrwpzW9LJr+d4Bf3ovk6zteU=
-33,123,l+YTrrMd6Z4BQo/PswLF7GYDhKo=,Ii7ZrwpzW9LJr+d4Bf3ovk6zteU=
-46,124,l+YTrrMd6Z4BQo/PswLF7GYDhKo=,Ii7ZrwpzW9LJr+d4Bf3ovk6zteU=
-34,123,l+YTrrMd6Z4BQo/PswLF7GYDhKo=,Ii7ZrwpzW9LJr+d4Bf3ovk6zteU=
-35,123,l+YTrrMd6Z4BQo/PswLF7GYDhKo=,Ii7ZrwpzW9LJr+d4Bf3ovk6zteU=
-38,123,l+YTrrMd6Z4BQo/PswLF7GYDhKo=,Ii7ZrwpzW9LJr+d4Bf3ovk6zteU=
-37,123,l+YTrrMd6Z4BQo/PswLF7GYDhKo=,Ii7ZrwpzW9LJr+d4Bf3ovk6zteU=
-39,123,l+YTrrMd6Z4BQo/PswLF7GYDhKo=,Ii7ZrwpzW9LJr+d4Bf3ovk6zteU=
-36,123,l+YTrrMd6Z4BQo/PswLF7GYDhKo=,Ii7ZrwpzW9LJr+d4Bf3ovk6zteU=
-43,123,l+YTrrMd6Z4BQo/PswLF7GYDhKo=,Ii7ZrwpzW9LJr+d4Bf3ovk6zteU=
-42,123,l+YTrrMd6Z4BQo/PswLF7GYDhKo=,Ii7ZrwpzW9LJr+d4Bf3ovk6zteU=
-41,123,l+YTrrMd6Z4BQo/PswLF7GYDhKo=,Ii7ZrwpzW9LJr+d4Bf3ovk6zteU=
-44,123,l+YTrrMd6Z4BQo/PswLF7GYDhKo=,Ii7ZrwpzW9LJr+d4Bf3ovk6zteU=
-40,123,l+YTrrMd6Z4BQo/PswLF7GYDhKo=,Ii7ZrwpzW9LJr+d4Bf3ovk6zteU=
-46,123,l+YTrrMd6Z4BQo/PswLF7GYDhKo=,Ii7ZrwpzW9LJr+d4Bf3ovk6zteU=
-48,123,l+YTrrMd6Z4BQo/PswLF7GYDhKo=,Ii7ZrwpzW9LJr+d4Bf3ovk6zteU=
-45,123,l+YTrrMd6Z4BQo/PswLF7GYDhKo=,Ii7ZrwpzW9LJr+d4Bf3ovk6zteU=
-47,123,l+YTrrMd6Z4BQo/PswLF7GYDhKo=,Ii7ZrwpzW9LJr+d4Bf3ovk6zteU=
-35,122,l+YTrrMd6Z4BQo/PswLF7GYDhKo=,Ii7ZrwpzW9LJr+d4Bf3ovk6zteU=
-33,122,l+YTrrMd6Z4BQo/PswLF7GYDhKo=,Ii7ZrwpzW9LJr+d4Bf3ovk6zteU=
-36,122,l+YTrrMd6Z4BQo/PswLF7GYDhKo=,Ii7ZrwpzW9LJr+d4Bf3ovk6zteU=
-37,122,l+YTrrMd6Z4BQo/PswLF7GYDhKo=,Ii7ZrwpzW9LJr+d4Bf3ovk6zteU=
-38,122,l+YTrrMd6Z4BQo/PswLF7GYDhKo=,Ii7ZrwpzW9LJr+d4Bf3ovk6zteU=
-34,122,l+YTrrMd6Z4BQo/PswLF7GYDhKo=,Ii7ZrwpzW9LJr+d4Bf3ovk6zteU=
-40,122,l+YTrrMd6Z4BQo/PswLF7GYDhKo=,Ii7ZrwpzW9LJr+d4Bf3ovk6zteU=
-41,122,l+YTrrMd6Z4BQo/PswLF7GYDhKo=,Ii7ZrwpzW9LJr+d4Bf3ovk6zteU=
-42,122,l+YTrrMd6Z4BQo/PswLF7GYDhKo=,Ii7ZrwpzW9LJr+d4Bf3ovk6zteU=
-43,122,l+YTrrMd6Z4BQo/PswLF7GYDhKo=,Ii7ZrwpzW9LJr+d4Bf3ovk6zteU=
-39,122,l+YTrrMd6Z4BQo/PswLF7GYDhKo=,Ii7ZrwpzW9LJr+d4Bf3ovk6zteU=
-46,122,l+YTrrMd6Z4BQo/PswLF7GYDhKo=,Ii7ZrwpzW9LJr+d4Bf3ovk6zteU=
-44,122,l+YTrrMd6Z4BQo/PswLF7GYDhKo=,Ii7ZrwpzW9LJr+d4Bf3ovk6zteU=
-47,122,l+YTrrMd6Z4BQo/PswLF7GYDhKo=,Ii7ZrwpzW9LJr+d4Bf3ovk6zteU=
-45,122,l+YTrrMd6Z4BQo/PswLF7GYDhKo=,Ii7ZrwpzW9LJr+d4Bf3ovk6zteU=
-33,121,l+YTrrMd6Z4BQo/PswLF7GYDhKo=,Ii7ZrwpzW9LJr+d4Bf3ovk6zteU=
-34,121,l+YTrrMd6Z4BQo/PswLF7GYDhKo=,Ii7ZrwpzW9LJr+d4Bf3ovk6zteU=
-36,121,l+YTrrMd6Z4BQo/PswLF7GYDhKo=,Ii7ZrwpzW9LJr+d4Bf3ovk6zteU=
-48,122,l+YTrrMd6Z4BQo/PswLF7GYDhKo=,Ii7ZrwpzW9LJr+d4Bf3ovk6zteU=
-35,121,l+YTrrMd6Z4BQo/PswLF7GYDhKo=,Ii7ZrwpzW9LJr+d4Bf3ovk6zteU=
-37,121,l+YTrrMd6Z4BQo/PswLF7GYDhKo=,Ii7ZrwpzW9LJr+d4Bf3ovk6zteU=
-39,121,l+YTrrMd6Z4BQo/PswLF7GYDhKo=,Ii7ZrwpzW9LJr+d4Bf3ovk6zteU=
-38,121,l+YTrrMd6Z4BQo/PswLF7GYDhKo=,Ii7ZrwpzW9LJr+d4Bf3ovk6zteU=
-40,121,l+YTrrMd6Z4BQo/PswLF7GYDhKo=,Ii7ZrwpzW9LJr+d4Bf3ovk6zteU=
-41,121,l+YTrrMd6Z4BQo/PswLF7GYDhKo=,Ii7ZrwpzW9LJr+d4Bf3ovk6zteU=
-43,121,l+YTrrMd6Z4BQo/PswLF7GYDhKo=,Ii7ZrwpzW9LJr+d4Bf3ovk6zteU=
-42,121,l+YTrrMd6Z4BQo/PswLF7GYDhKo=,Ii7ZrwpzW9LJr+d4Bf3ovk6zteU=
-44,121,l+YTrrMd6Z4BQo/PswLF7GYDhKo=,Ii7ZrwpzW9LJr+d4Bf3ovk6zteU=
-46,121,l+YTrrMd6Z4BQo/PswLF7GYDhKo=,Ii7ZrwpzW9LJr+d4Bf3ovk6zteU=
-45,121,l+YTrrMd6Z4BQo/PswLF7GYDhKo=,Ii7ZrwpzW9LJr+d4Bf3ovk6zteU=
-48,121,l+YTrrMd6Z4BQo/PswLF7GYDhKo=,Ii7ZrwpzW9LJr+d4Bf3ovk6zteU=
-47,121,l+YTrrMd6Z4BQo/PswLF7GYDhKo=,Ii7ZrwpzW9LJr+d4Bf3ovk6zteU=
-33,120,l+YTrrMd6Z4BQo/PswLF7GYDhKo=,Ii7ZrwpzW9LJr+d4Bf3ovk6zteU=
-36,120,l+YTrrMd6Z4BQo/PswLF7GYDhKo=,Ii7ZrwpzW9LJr+d4Bf3ovk6zteU=
-34,120,l+YTrrMd6Z4BQo/PswLF7GYDhKo=,Ii7ZrwpzW9LJr+d4Bf3ovk6zteU=
-40,120,l+YTrrMd6Z4BQo/PswLF7GYDhKo=,Ii7ZrwpzW9LJr+d4Bf3ovk6zteU=
-38,120,l+YTrrMd6Z4BQo/PswLF7GYDhKo=,Ii7ZrwpzW9LJr+d4Bf3ovk6zteU=
-41,120,l+YTrrMd6Z4BQo/PswLF7GYDhKo=,Ii7ZrwpzW9LJr+d4Bf3ovk6zteU=
-37,120,l+YTrrMd6Z4BQo/PswLF7GYDhKo=,Ii7ZrwpzW9LJr+d4Bf3ovk6zteU=
-39,120,l+YTrrMd6Z4BQo/PswLF7GYDhKo=,Ii7ZrwpzW9LJr+d4Bf3ovk6zteU=
-43,120,l+YTrrMd6Z4BQo/PswLF7GYDhKo=,Ii7ZrwpzW9LJr+d4Bf3ovk6zteU=
-44,120,l+YTrrMd6Z4BQo/PswLF7GYDhKo=,Ii7ZrwpzW9LJr+d4Bf3ovk6zteU=
-45,120,l+YTrrMd6Z4BQo/PswLF7GYDhKo=,Ii7ZrwpzW9LJr+d4Bf3ovk6zteU=
-42,120,l+YTrrMd6Z4BQo/PswLF7GYDhKo=,Ii7ZrwpzW9LJr+d4Bf3ovk6zteU=
-47,120,l+YTrrMd6Z4BQo/PswLF7GYDhKo=,Ii7ZrwpzW9LJr+d4Bf3ovk6zteU=
-33,119,l+YTrrMd6Z4BQo/PswLF7GYDhKo=,Ii7ZrwpzW9LJr+d4Bf3ovk6zteU=
-48,120,l+YTrrMd6Z4BQo/PswLF7GYDhKo=,Ii7ZrwpzW9LJr+d4Bf3ovk6zteU=
-34,119,l+YTrrMd6Z4BQo/PswLF7GYDhKo=,Ii7ZrwpzW9LJr+d4Bf3ovk6zteU=
-35,120,l+YTrrMd6Z4BQo/PswLF7GYDhKo=,Ii7ZrwpzW9LJr+d4Bf3ovk6zteU=
-46,120,l+YTrrMd6Z4BQo/PswLF7GYDhKo=,Ii7ZrwpzW9LJr+d4Bf3ovk6zteU=
-35,119,l+YTrrMd6Z4BQo/PswLF7GYDhKo=,Ii7ZrwpzW9LJr+d4Bf3ovk6zteU=
-36,119,l+YTrrMd6Z4BQo/PswLF7GYDhKo=,Ii7ZrwpzW9LJr+d4Bf3ovk6zteU=
-41,119,l+YTrrMd6Z4BQo/PswLF7GYDhKo=,Ii7ZrwpzW9LJr+d4Bf3ovk6zteU=
-40,119,l+YTrrMd6Z4BQo/PswLF7GYDhKo=,Ii7ZrwpzW9LJr+d4Bf3ovk6zteU=
-42,119,l+YTrrMd6Z4BQo/PswLF7GYDhKo=,Ii7ZrwpzW9LJr+d4Bf3ovk6zteU=
-43,119,l+YTrrMd6Z4BQo/PswLF7GYDhKo=,Ii7ZrwpzW9LJr+d4Bf3ovk6zteU=
-39,119,l+YTrrMd6Z4BQo/PswLF7GYDhKo=,Ii7ZrwpzW9LJr+d4Bf3ovk6zteU=
-45,119,l+YTrrMd6Z4BQo/PswLF7GYDhKo=,Ii7ZrwpzW9LJr+d4Bf3ovk6zteU=
-44,119,l+YTrrMd6Z4BQo/PswLF7GYDhKo=,Ii7ZrwpzW9LJr+d4Bf3ovk6zteU=
-37,119,l+YTrrMd6Z4BQo/PswLF7GYDhKo=,Ii7ZrwpzW9LJr+d4Bf3ovk6zteU=
-38,119,l+YTrrMd6Z4BQo/PswLF7GYDhKo=,Ii7ZrwpzW9LJr+d4Bf3ovk6zteU=
-46,119,l+YTrrMd6Z4BQo/PswLF7GYDhKo=,Ii7ZrwpzW9LJr+d4Bf3ovk6zteU=
-47,119,l+YTrrMd6Z4BQo/PswLF7GYDhKo=,Ii7ZrwpzW9LJr+d4Bf3ovk6zteU=
-48,119,l+YTrrMd6Z4BQo/PswLF7GYDhKo=,Ii7ZrwpzW9LJr+d4Bf3ovk6zteU=
-35,118,l+YTrrMd6Z4BQo/PswLF7GYDhKo=,Ii7ZrwpzW9LJr+d4Bf3ovk6zteU=
-34,118,l+YTrrMd6Z4BQo/PswLF7GYDhKo=,Ii7ZrwpzW9LJr+d4Bf3ovk6zteU=
-37,118,l+YTrrMd6Z4BQo/PswLF7GYDhKo=,Ii7ZrwpzW9LJr+d4Bf3ovk6zteU=
-36,118,l+YTrrMd6Z4BQo/PswLF7GYDhKo=,Ii7ZrwpzW9LJr+d4Bf3ovk6zteU=
-38,118,l+YTrrMd6Z4BQo/PswLF7GYDhKo=,Ii7ZrwpzW9LJr+d4Bf3ovk6zteU=
-39,118,l+YTrrMd6Z4BQo/PswLF7GYDhKo=,Ii7ZrwpzW9LJr+d4Bf3ovk6zteU=
-33,118,l+YTrrMd6Z4BQo/PswLF7GYDhKo=,Ii7ZrwpzW9LJr+d4Bf3ovk6zteU=
-41,118,l+YTrrMd6Z4BQo/PswLF7GYDhKo=,Ii7ZrwpzW9LJr+d4Bf3ovk6zteU=
-40,118,l+YTrrMd6Z4BQo/PswLF7GYDhKo=,Ii7ZrwpzW9LJr+d4Bf3ovk6zteU=
-43,118,l+YTrrMd6Z4BQo/PswLF7GYDhKo=,Ii7ZrwpzW9LJr+d4Bf3ovk6zteU=
-42,118,l+YTrrMd6Z4BQo/PswLF7GYDhKo=,Ii7ZrwpzW9LJr+d4Bf3ovk6zteU=
-44,118,l+YTrrMd6Z4BQo/PswLF7GYDhKo=,Ii7ZrwpzW9LJr+d4Bf3ovk6zteU=
-47,118,l+YTrrMd6Z4BQo/PswLF7GYDhKo=,Ii7ZrwpzW9LJr+d4Bf3ovk6zteU=
-45,118,l+YTrrMd6Z4BQo/PswLF7GYDhKo=,Ii7ZrwpzW9LJr+d4Bf3ovk6zteU=
-48,118,l+YTrrMd6Z4BQo/PswLF7GYDhKo=,Ii7ZrwpzW9LJr+d4Bf3ovk6zteU=
-33,117,l+YTrrMd6Z4BQo/PswLF7GYDhKo=,Ii7ZrwpzW9LJr+d4Bf3ovk6zteU=
-46,118,l+YTrrMd6Z4BQo/PswLF7GYDhKo=,Ii7ZrwpzW9LJr+d4Bf3ovk6zteU=
-34,117,l+YTrrMd6Z4BQo/PswLF7GYDhKo=,Ii7ZrwpzW9LJr+d4Bf3ovk6zteU=
-38,117,l+YTrrMd6Z4BQo/PswLF7GYDhKo=,Ii7ZrwpzW9LJr+d4Bf3ovk6zteU=
-37,117,l+YTrrMd6Z4BQo/PswLF7GYDhKo=,Ii7ZrwpzW9LJr+d4Bf3ovk6zteU=
-36,117,l+YTrrMd6Z4BQo/PswLF7GYDhKo=,Ii7ZrwpzW9LJr+d4Bf3ovk6zteU=
-39,117,l+YTrrMd6Z4BQo/PswLF7GYDhKo=,Ii7ZrwpzW9LJr+d4Bf3ovk6zteU=
-40,117,l+YTrrMd6Z4BQo/PswLF7GYDhKo=,Ii7ZrwpzW9LJr+d4Bf3ovk6zteU=
-41,117,l+YTrrMd6Z4BQo/PswLF7GYDhKo=,Ii7ZrwpzW9LJr+d4Bf3ovk6zteU=
-42,117,l+YTrrMd6Z4BQo/PswLF7GYDhKo=,Ii7ZrwpzW9LJr+d4Bf3ovk6zteU=
-44,117,l+YTrrMd6Z4BQo/PswLF7GYDhKo=,Ii7ZrwpzW9LJr+d4Bf3ovk6zteU=
-35,117,l+YTrrMd6Z4BQo/PswLF7GYDhKo=,Ii7ZrwpzW9LJr+d4Bf3ovk6zteU=
-45,117,l+YTrrMd6Z4BQo/PswLF7GYDhKo=,Ii7ZrwpzW9LJr+d4Bf3ovk6zteU=
-43,117,l+YTrrMd6Z4BQo/PswLF7GYDhKo=,Ii7ZrwpzW9LJr+d4Bf3ovk6zteU=
-46,117,l+YTrrMd6Z4BQo/PswLF7GYDhKo=,Ii7ZrwpzW9LJr+d4Bf3ovk6zteU=
-47,117,l+YTrrMd6Z4BQo/PswLF7GYDhKo=,Ii7ZrwpzW9LJr+d4Bf3ovk6zteU=
-48,117,l+YTrrMd6Z4BQo/PswLF7GYDhKo=,Ii7ZrwpzW9LJr+d4Bf3ovk6zteU=
-35,116,l+YTrrMd6Z4BQo/PswLF7GYDhKo=,Ii7ZrwpzW9LJr+d4Bf3ovk6zteU=
-34,116,l+YTrrMd6Z4BQo/PswLF7GYDhKo=,Ii7ZrwpzW9LJr+d4Bf3ovk6zteU=
-33,116,l+YTrrMd6Z4BQo/PswLF7GYDhKo=,Ii7ZrwpzW9LJr+d4Bf3ovk6zteU=
-37,116,l+YTrrMd6Z4BQo/PswLF7GYDhKo=,Ii7ZrwpzW9LJr+d4Bf3ovk6zteU=
-39,116,l+YTrrMd6Z4BQo/PswLF7GYDhKo=,Ii7ZrwpzW9LJr+d4Bf3ovk6zteU=
-40,116,l+YTrrMd6Z4BQo/PswLF7GYDhKo=,Ii7ZrwpzW9LJr+d4Bf3ovk6zteU=
-38,116,l+YTrrMd6Z4BQo/PswLF7GYDhKo=,Ii7ZrwpzW9LJr+d4Bf3ovk6zteU=
-41,116,l+YTrrMd6Z4BQo/PswLF7GYDhKo=,Ii7ZrwpzW9LJr+d4Bf3ovk6zteU=
-44,116,l+YTrrMd6Z4BQo/PswLF7GYDhKo=,Ii7ZrwpzW9LJr+d4Bf3ovk6zteU=
-42,116,l+YTrrMd6Z4BQo/PswLF7GYDhKo=,Ii7ZrwpzW9LJr+d4Bf3ovk6zteU=
-43,116,l+YTrrMd6Z4BQo/PswLF7GYDhKo=,Ii7ZrwpzW9LJr+d4Bf3ovk6zteU=
-36,116,l+YTrrMd6Z4BQo/PswLF7GYDhKo=,Ii7ZrwpzW9LJr+d4Bf3ovk6zteU=
-45,116,l+YTrrMd6Z4BQo/PswLF7GYDhKo=,Ii7ZrwpzW9LJr+d4Bf3ovk6zteU=
-46,116,l+YTrrMd6Z4BQo/PswLF7GYDhKo=,Ii7ZrwpzW9LJr+d4Bf3ovk6zteU=
-48,116,l+YTrrMd6Z4BQo/PswLF7GYDhKo=,Ii7ZrwpzW9LJr+d4Bf3ovk6zteU=
-47,116,l+YTrrMd6Z4BQo/PswLF7GYDhKo=,Ii7ZrwpzW9LJr+d4Bf3ovk6zteU=
-36,115,l+YTrrMd6Z4BQo/PswLF7GYDhKo=,Ii7ZrwpzW9LJr+d4Bf3ovk6zteU=
-34,115,l+YTrrMd6Z4BQo/PswLF7GYDhKo=,Ii7ZrwpzW9LJr+d4Bf3ovk6zteU=
-37,115,l+YTrrMd6Z4BQo/PswLF7GYDhKo=,Ii7ZrwpzW9LJr+d4Bf3ovk6zteU=
-35,115,l+YTrrMd6Z4BQo/PswLF7GYDhKo=,Ii7ZrwpzW9LJr+d4Bf3ovk6zteU=
-33,115,l+YTrrMd6Z4BQo/PswLF7GYDhKo=,Ii7ZrwpzW9LJr+d4Bf3ovk6zteU=
-38,115,l+YTrrMd6Z4BQo/PswLF7GYDhKo=,Ii7ZrwpzW9LJr+d4Bf3ovk6zteU=
-41,115,l+YTrrMd6Z4BQo/PswLF7GYDhKo=,Ii7ZrwpzW9LJr+d4Bf3ovk6zteU=
-39,115,l+YTrrMd6Z4BQo/PswLF7GYDhKo=,Ii7ZrwpzW9LJr+d4Bf3ovk6zteU=
-42,115,l+YTrrMd6Z4BQo/PswLF7GYDhKo=,Ii7ZrwpzW9LJr+d4Bf3ovk6zteU=
-43,115,l+YTrrMd6Z4BQo/PswLF7GYDhKo=,Ii7ZrwpzW9LJr+d4Bf3ovk6zteU=
-45,115,l+YTrrMd6Z4BQo/PswLF7GYDhKo=,Ii7ZrwpzW9LJr+d4Bf3ovk6zteU=
-46,115,l+YTrrMd6Z4BQo/PswLF7GYDhKo=,Ii7ZrwpzW9LJr+d4Bf3ovk6zteU=
-44,115,l+YTrrMd6Z4BQo/PswLF7GYDhKo=,Ii7ZrwpzW9LJr+d4Bf3ovk6zteU=
-40,115,l+YTrrMd6Z4BQo/PswLF7GYDhKo=,Ii7ZrwpzW9LJr+d4Bf3ovk6zteU=
-48,115,l+YTrrMd6Z4BQo/PswLF7GYDhKo=,Ii7ZrwpzW9LJr+d4Bf3ovk6zteU=
-34,114,l+YTrrMd6Z4BQo/PswLF7GYDhKo=,Ii7ZrwpzW9LJr+d4Bf3ovk6zteU=
-47,115,l+YTrrMd6Z4BQo/PswLF7GYDhKo=,Ii7ZrwpzW9LJr+d4Bf3ovk6zteU=
-33,114,l+YTrrMd6Z4BQo/PswLF7GYDhKo=,Ii7ZrwpzW9LJr+d4Bf3ovk6zteU=
-35,114,l+YTrrMd6Z4BQo/PswLF7GYDhKo=,Ii7ZrwpzW9LJr+d4Bf3ovk6zteU=
-37,114,l+YTrrMd6Z4BQo/PswLF7GYDhKo=,Ii7ZrwpzW9LJr+d4Bf3ovk6zteU=
-39,114,l+YTrrMd6Z4BQo/PswLF7GYDhKo=,Ii7ZrwpzW9LJr+d4Bf3ovk6zteU=
-40,114,l+YTrrMd6Z4BQo/PswLF7GYDhKo=,Ii7ZrwpzW9LJr+d4Bf3ovk6zteU=
-41,114,l+YTrrMd6Z4BQo/PswLF7GYDhKo=,Ii7ZrwpzW9LJr+d4Bf3ovk6zteU=
-38,114,l+YTrrMd6Z4BQo/PswLF7GYDhKo=,Ii7ZrwpzW9LJr+d4Bf3ovk6zteU=
-42,114,l+YTrrMd6Z4BQo/PswLF7GYDhKo=,Ii7ZrwpzW9LJr+d4Bf3ovk6zteU=
-44,114,l+YTrrMd6Z4BQo/PswLF7GYDhKo=,Ii7ZrwpzW9LJr+d4Bf3ovk6zteU=
-36,114,l+YTrrMd6Z4BQo/PswLF7GYDhKo=,Ii7ZrwpzW9LJr+d4Bf3ovk6zteU=
-43,114,l+YTrrMd6Z4BQo/PswLF7GYDhKo=,Ii7ZrwpzW9LJr+d4Bf3ovk6zteU=
-46,114,l+YTrrMd6Z4BQo/PswLF7GYDhKo=,Ii7ZrwpzW9LJr+d4Bf3ovk6zteU=
-45,114,l+YTrrMd6Z4BQo/PswLF7GYDhKo=,Ii7ZrwpzW9LJr+d4Bf3ovk6zteU=
-47,114,l+YTrrMd6Z4BQo/PswLF7GYDhKo=,Ii7ZrwpzW9LJr+d4Bf3ovk6zteU=
-48,114,l+YTrrMd6Z4BQo/PswLF7GYDhKo=,Ii7ZrwpzW9LJr+d4Bf3ovk6zteU=
-33,113,l+YTrrMd6Z4BQo/PswLF7GYDhKo=,Ii7ZrwpzW9LJr+d4Bf3ovk6zteU=
-35,113,l+YTrrMd6Z4BQo/PswLF7GYDhKo=,Ii7ZrwpzW9LJr+d4Bf3ovk6zteU=
-34,113,l+YTrrMd6Z4BQo/PswLF7GYDhKo=,Ii7ZrwpzW9LJr+d4Bf3ovk6zteU=
-35,112,l+YTrrMd6Z4BQo/PswLF7GYDhKo=,Ii7ZrwpzW9LJr+d4Bf3ovk6zteU=
-36,113,l+YTrrMd6Z4BQo/PswLF7GYDhKo=,Ii7ZrwpzW9LJr+d4Bf3ovk6zteU=
-41,125,l+YTrrMd6Z4BQo/PswLF7GYDhKo=,Ii7ZrwpzW9LJr+d4Bf3ovk6zteU=
-37,113,l+YTrrMd6Z4BQo/PswLF7GYDhKo=,Ii7ZrwpzW9LJr+d4Bf3ovk6zteU=
-41,124,l+YTrrMd6Z4BQo/PswLF7GYDhKo=,Ii7ZrwpzW9LJr+d4Bf3ovk6zteU=
-42,112,l+YTrrMd6Z4BQo/PswLF7GYDhKo=,Ii7ZrwpzW9LJr+d4Bf3ovk6zteU=
