32,96,nhvXhuXP657dgdodAFGt3fEWruw=,LfdimCGgTCDNSqPre7G9G2S0DGc=
47,111,nhvXhuXP657dgdodAFGt3fEWruw=,LfdimCGgTCDNSqPre7G9G2S0DGc=
46,97,nhvXhuXP657dgdodAFGt3fEWruw=,LfdimCGgTCDNSqPre7G9G2S0DGc=
46,111,nhvXhuXP657dgdodAFGt3fEWruw=,LfdimCGgTCDNSqPre7G9G2S0DGc=
45,111,nhvXhuXP657dgdodAFGt3fEWruw=,LfdimCGgTCDNSqPre7G9G2S0DGc=
44,111,nhvXhuXP657dgdodAFGt3fEWruw=,LfdimCGgTCDNSqPre7G9G2S0DGc=
43,111,nhvXhuXP657dgdodAFGt3fEWruw=,LfdimCGgTCDNSqPre7G9G2S0DGc=
42,111,nhvXhuXP657dgdodAFGt3fEWruw=,LfdimCGgTCDNSqPre7G9G2S0DGc=
41,111,nhvXhuXP657dgdodAFGt3fEWruw=,LfdimCGgTCDNSqPre7G9G2S0DGc=
40,111,nhvXhuXP657dgdodAFGt3fEWruw=,LfdimCGgTCDNSqPre7G9G2S0DGc=
38,111,nhvXhuXP657dgdodAFGt3fEWruw=,LfdimCGgTCDNSqPre7G9G2S0DGc=
39,111,nhvXhuXP657dgdodAFGt3fEWruw=,LfdimCGgTCDNSqPre7G9G2S0DGc=
37,111,nhvXhuXP657dgdodAFGt3fEWruw=,LfdimCGgTCDNSqPre7G9G2S0DGc=
36,111,nhvXhuXP657dgdodAFGt3fEWruw=,LfdimCGgTCDNSqPre7G9G2S0DGc=
35,111,nhvXhuXP657dgdodAFGt3fEWruw=,LfdimCGgTCDNSqPre7G9G2S0DGc=
34,111,nhvXhuXP657dgdodAFGt3fEWruw=,LfdimCGgTCDNSqPre7G9G2S0DGc=
46,96,nhvXhuXP657dgdodAFGt3fEWruw=,LfdimCGgTCDNSqPre7G9G2S0DGc=
33,111,nhvXhuXP657dgdodAFGt3fEWruw=,LfdimCGgTCDNSqPre7G9G2S0DGc=
45,96,nhvXhuXP657dgdodAFGt3fEWruw=,LfdimCGgTCDNSqPre7G9G2S0DGc=
44,96,nhvXhuXP657dgdodAFGt3fEWruw=,LfdimCGgTCDNSqPre7G9G2S0DGc=
43,96,nhvXhuXP657dgdodAFGt3fEWruw=,LfdimCGgTCDNSqPre7G9G2S0DGc=
42,96,nhvXhuXP657dgdodAFGt3fEWruw=,LfdimCGgTCDNSqPre7G9G2S0DGc=
41,96,nhvXhuXP657dgdodAFGt3fEWruw=,LfdimCGgTCDNSqPre7G9G2S0DGc=
40,96,nhvXhuXP657dgdodAFGt3fEWruw=,LfdimCGgTCDNSqPre7G9G2S0DGc=
39,96,nhvXhuXP657dgdodAFGt3fEWruw=,LfdimCGgTCDNSqPre7G9G2S0DGc=
37,96,nhvXhuXP657dgdodAFGt3fEWruw=,LfdimCGgTCDNSqPre7G9G2S0DGc=
38,96,nhvXhuXP657dgdodAFGt3fEWruw=,LfdimCGgTCDNSqPre7G9G2S0DGc=
36,96,nhvXhuXP657dgdodAFGt3fEWruw=,LfdimCGgTCDNSqPre7G9G2S0DGc=
34,96,nhvXhuXP657dgdodAFGt3fEWruw=,LfdimCGgTCDNSqPre7G9G2S0DGc=
33,96,nhvXhuXP657dgdodAFGt3fEWruw=,LfdimCGgTCDNSqPre7G9G2S0DGc=
35,96,nhvXhuXP657dgdodAFGt3fEWruw=,LfdimCGgTCDNSqPre7G9G2S0DGc=
32,111,nhvXhuXP657dgdodAFGt3fEWruw=,LfdimCGgTCDNSqPre7G9G2S0DGc=
45,97,nhvXhuXP657dgdodAFGt3fEWruw=,LfdimCGgTCDNSqPre7G9G2S0DGc=
47,110,nhvXhuXP657dgdodAFGt3fEWruw=,LfdimCGgTCDNSqPre7G9G2S0DGc=
46,110,nhvXhuXP657dgdodAFGt3fEWruw=,LfdimCGgTCDNSqPre7G9G2S0DGc=
44,110,nhvXhuXP657dgdodAFGt3fEWruw=,LfdimCGgTCDNSqPre7G9G2S0DGc=
45,110,nhvXhuXP657dgdodAFGt3fEWruw=,LfdimCGgTCDNSqPre7G9G2S0DGc=
42,110,nhvXhuXP657dgdodAFGt3fEWruw=,LfdimCGgTCDNSqPre7G9G2S0DGc=
41,110,nhvXhuXP657dgdodAFGt3fEWruw=,LfdimCGgTCDNSqPre7G9G2S0DGc=
40,110,nhvXhuXP657dgdodAFGt3fEWruw=,LfdimCGgTCDNSqPre7G9G2S0DGc=
39,110,nhvXhuXP657dgdodAFGt3fEWruw=,LfdimCGgTCDNSqPre7G9G2S0DGc=
37,110,nhvXhuXP657dgdodAFGt3fEWruw=,LfdimCGgTCDNSqPre7G9G2S0DGc=
38,110,nhvXhuXP657dgdodAFGt3fEWruw=,LfdimCGgTCDNSqPre7G9G2S0DGc=
36,110,nhvXhuXP657dgdodAFGt3fEWruw=,LfdimCGgTCDNSqPre7G9G2S0DGc=
35,110,nhvXhuXP657dgdodAFGt3fEWruw=,LfdimCGgTCDNSqPre7G9G2S0DGc=
34,110,nhvXhuXP657dgdodAFGt3fEWruw=,LfdimCGgTCDNSqPre7G9G2S0DGc=
44,97,nhvXhuXP657dgdodAFGt3fEWruw=,LfdimCGgTCDNSqPre7G9G2S0DGc=
43,110,nhvXhuXP657dgdodAFGt3fEWruw=,LfdimCGgTCDNSqPre7G9G2S0DGc=
33,110,nhvXhuXP657dgdodAFGt3fEWruw=,LfdimCGgTCDNSqPre7G9G2S0DGc=
47,109,nhvXhuXP657dgdodAFGt3fEWruw=,LfdimCGgTCDNSqPre7G9G2S0DGc=
46,109,nhvXhuXP657dgdodAFGt3fEWruw=,LfdimCGgTCDNSqPre7G9G2S0DGc=
32,110,nhvXhuXP657dgdodAFGt3fEWruw=,LfdimCGgTCDNSqPre7G9G2S0DGc=
45,109,nhvXhuXP657dgdodAFGt3fEWruw=,LfdimCGgTCDNSqPre7G9G2S0DGc=
44,109,nhvXhuXP657dgdodAFGt3fEWruw=,LfdimCGgTCDNSqPre7G9G2S0DGc=
43,109,nhvXhuXP657dgdodAFGt3fEWruw=,LfdimCGgTCDNSqPre7G9G2S0DGc=
42,109,nhvXhuXP657dgdodAFGt3fEWruw=,LfdimCGgTCDNSqPre7G9G2S0DGc=
41,109,nhvXhuXP657dgdodAFGt3fEWruw=,LfdimCGgTCDNSqPre7G9G2S0DGc=
39,109,nhvXhuXP657dgdodAFGt3fEWruw=,LfdimCGgTCDNSqPre7G9G2S0DGc=
40,109,nhvXhuXP657dgdodAFGt3fEWruw=,LfdimCGgTCDNSqPre7G9G2S0DGc=
38,109,nhvXhuXP657dgdodAFGt3fEWruw=,LfdimCGgTCDNSqPre7G9G2S0DGc=
37,109,nhvXhuXP657dgdodAFGt3fEWruw=,LfdimCGgTCDNSqPre7G9G2S0DGc=
36,109,nhvXhuXP657dgdodAFGt3fEWruw=,LfdimCGgTCDNSqPre7G9G2S0DGc=
34,109,nhvXhuXP657dgdodAFGt3fEWruw=,LfdimCGgTCDNSqPre7G9G2S0DGc=
33,109,nhvXhuXP657dgdodAFGt3fEWruw=,LfdimCGgTCDNSqPre7G9G2S0DGc=
43,97,nhvXhuXP657dgdodAFGt3fEWruw=,LfdimCGgTCDNSqPre7G9G2S0DGc=
35,109,nhvXhuXP657dgdodAFGt3fEWruw=,LfdimCGgTCDNSqPre7G9G2S0DGc=
32,109,nhvXhuXP657dgdodAFGt3fEWruw=,LfdimCGgTCDNSqPre7G9G2S0DGc=
45,108,nhvXhuXP657dgdodAFGt3fEWruw=,LfdimCGgTCDNSqPre7G9G2S0DGc=
47,108,nhvXhuXP657dgdodAFGt3fEWruw=,LfdimCGgTCDNSqPre7G9G2S0DGc=
44,108,nhvXhuXP657dgdodAFGt3fEWruw=,LfdimCGgTCDNSqPre7G9G2S0DGc=
46,108,nhvXhuXP657dgdodAFGt3fEWruw=,LfdimCGgTCDNSqPre7G9G2S0DGc=
42,108,nhvXhuXP657dgdodAFGt3fEWruw=,LfdimCGgTCDNSqPre7G9G2S0DGc=
41,108,nhvXhuXP657dgdodAFGt3fEWruw=,LfdimCGgTCDNSqPre7G9G2S0DGc=
39,108,nhvXhuXP657dgdodAFGt3fEWruw=,LfdimCGgTCDNSqPre7G9G2S0DGc=
40,108,nhvXhuXP657dgdodAFGt3fEWruw=,LfdimCGgTCDNSqPre7G9G2S0DGc=
43,108,nhvXhuXP657dgdodAFGt3fEWruw=,LfdimCGgTCDNSqPre7G9G2S0DGc=
38,108,nhvXhuXP657dgdodAFGt3fEWruw=,LfdimCGgTCDNSqPre7G9G2S0DGc=
37,108,nhvXhuXP657dgdodAFGt3fEWruw=,LfdimCGgTCDNSqPre7G9G2S0DGc=
36,108,nhvXhuXP657dgdodAFGt3fEWruw=,LfdimCGgTCDNSqPre7G9G2S0DGc=
34,108,nhvXhuXP657dgdodAFGt3fEWruw=,LfdimCGgTCDNSqPre7G9G2S0DGc=
42,97,nhvXhuXP657dgdodAFGt3fEWruw=,LfdimCGgTCDNSqPre7G9G2S0DGc=
33,108,nhvXhuXP657dgdodAFGt3fEWruw=,LfdimCGgTCDNSqPre7G9G2S0DGc=
35,108,nhvXhuXP657dgdodAFGt3fEWruw=,LfdimCGgTCDNSqPre7G9G2S0DGc=
46,107,nhvXhuXP657dgdodAFGt3fEWruw=,LfdimCGgTCDNSqPre7G9G2S0DGc=
32,108,nhvXhuXP657dgdodAFGt3fEWruw=,LfdimCGgTCDNSqPre7G9G2S0DGc=
44,107,nhvXhuXP657dgdodAFGt3fEWruw=,LfdimCGgTCDNSqPre7G9G2S0DGc=
45,107,nhvXhuXP657dgdodAFGt3fEWruw=,LfdimCGgTCDNSqPre7G9G2S0DGc=
47,107,nhvXhuXP657dgdodAFGt3fEWruw=,LfdimCGgTCDNSqPre7G9G2S0DGc=
43,107,nhvXhuXP657dgdodAFGt3fEWruw=,LfdimCGgTCDNSqPre7G9G2S0DGc=
42,107,nhvXhuXP657dgdodAFGt3fEWruw=,LfdimCGgTCDNSqPre7G9G2S0DGc=
41,107,nhvXhuXP657dgdodAFGt3fEWruw=,LfdimCGgTCDNSqPre7G9G2S0DGc=
40,107,nhvXhuXP657dgdodAFGt3fEWruw=,LfdimCGgTCDNSqPre7G9G2S0DGc=
39,107,nhvXhuXP657dgdodAFGt3fEWruw=,LfdimCGgTCDNSqPre7G9G2S0DGc=
38,107,nhvXhuXP657dgdodAFGt3fEWruw=,LfdimCGgTCDNSqPre7G9G2S0DGc=
37,107,nhvXhuXP657dgdodAFGt3fEWruw=,LfdimCGgTCDNSqPre7G9G2S0DGc=
41,97,nhvXhuXP657dgdodAFGt3fEWruw=,LfdimCGgTCDNSqPre7G9G2S0DGc=
36,107,nhvXhuXP657dgdodAFGt3fEWruw=,LfdimCGgTCDNSqPre7G9G2S0DGc=
34,107,nhvXhuXP657dgdodAFGt3fEWruw=,LfdimCGgTCDNSqPre7G9G2S0DGc=
32,107,nhvXhuXP657dgdodAFGt3fEWruw=,LfdimCGgTCDNSqPre7G9G2S0DGc=
47,106,nhvXhuXP657dgdodAFGt3fEWruw=,LfdimCGgTCDNSqPre7G9G2S0DGc=
33,107,nhvXhuXP657dgdodAFGt3fEWruw=,LfdimCGgTCDNSqPre7G9G2S0DGc=
46,106,nhvXhuXP657dgdodAFGt3fEWruw=,LfdimCGgTCDNSqPre7G9G2S0DGc=
44,106,nhvXhuXP657dgdodAFGt3fEWruw=,LfdimCGgTCDNSqPre7G9G2S0DGc=
45,106,nhvXhuXP657dgdodAFGt3fEWruw=,LfdimCGgTCDNSqPre7G9G2S0DGc=
35,107,nhvXhuXP657dgdodAFGt3fEWruw=,LfdimCGgTCDNSqPre7G9G2S0DGc=
43,106,nhvXhuXP657dgdodAFGt3fEWruw=,LfdimCGgTCDNSqPre7G9G2S0DGc=
42,106,nhvXhuXP657dgdodAFGt3fEWruw=,LfdimCGgTCDNSqPre7G9G2S0DGc=
40,106,nhvXhuXP657dgdodAFGt3fEWruw=,LfdimCGgTCDNSqPre7G9G2S0DGc=
41,106,nhvXhuXP657dgdodAFGt3fEWruw=,LfdimCGgTCDNSqPre7G9G2S0DGc=
39,106,nhvXhuXP657dgdodAFGt3fEWruw=,LfdimCGgTCDNSqPre7G9G2S0DGc=
38,106,nhvXhuXP657dgdodAFGt3fEWruw=,LfdimCGgTCDNSqPre7G9G2S0DGc=
36,106,nhvXhuXP657dgdodAFGt3fEWruw=,LfdimCGgTCDNSqPre7G9G2S0DGc=
37,106,nhvXhuXP657dgdodAFGt3fEWruw=,LfdimCGgTCDNSqPre7G9G2S0DGc=
35,106,nhvXhuXP657dgdodAFGt3fEWruw=,LfdimCGgTCDNSqPre7G9G2S0DGc=
40,97,nhvXhuXP657dgdodAFGt3fEWruw=,LfdimCGgTCDNSqPre7G9G2S0DGc=
34,106,nhvXhuXP657dgdodAFGt3fEWruw=,LfdimCGgTCDNSqPre7G9G2S0DGc=
33,106,nhvXhuXP657dgdodAFGt3fEWruw=,LfdimCGgTCDNSqPre7G9G2S0DGc=
32,106,nhvXhuXP657dgdodAFGt3fEWruw=,LfdimCGgTCDNSqPre7G9G2S0DGc=
47,105,nhvXhuXP657dgdodAFGt3fEWruw=,LfdimCGgTCDNSqPre7G9G2S0DGc=
46,105,nhvXhuXP657dgdodAFGt3fEWruw=,LfdimCGgTCDNSqPre7G9G2S0DGc=
45,105,nhvXhuXP657dgdodAFGt3fEWruw=,LfdimCGgTCDNSqPre7G9G2S0DGc=
44,105,nhvXhuXP657dgdodAFGt3fEWruw=,LfdimCGgTCDNSqPre7G9G2S0DGc=
43,105,nhvXhuXP657dgdodAFGt3fEWruw=,LfdimCGgTCDNSqPre7G9G2S0DGc=
42,105,nhvXhuXP657dgdodAFGt3fEWruw=,LfdimCGgTCDNSqPre7G9G2S0DGc=
41,105,nhvXhuXP657dgdodAFGt3fEWruw=,LfdimCGgTCDNSqPre7G9G2S0DGc=
40,105,nhvXhuXP657dgdodAFGt3fEWruw=,LfdimCGgTCDNSqPre7G9G2S0DGc=
39,105,nhvXhuXP657dgdodAFGt3fEWruw=,LfdimCGgTCDNSqPre7G9G2S0DGc=
39,97,nhvXhuXP657dgdodAFGt3fEWruw=,LfdimCGgTCDNSqPre7G9G2S0DGc=
37,105,nhvXhuXP657dgdodAFGt3fEWruw=,LfdimCGgTCDNSqPre7G9G2S0DGc=
38,105,nhvXhuXP657dgdodAFGt3fEWruw=,LfdimCGgTCDNSqPre7G9G2S0DGc=
36,105,nhvXhuXP657dgdodAFGt3fEWruw=,LfdimCGgTCDNSqPre7G9G2S0DGc=
47,97,nhvXhuXP657dgdodAFGt3fEWruw=,LfdimCGgTCDNSqPre7G9G2S0DGc=
35,105,nhvXhuXP657dgdodAFGt3fEWruw=,LfdimCGgTCDNSqPre7G9G2S0DGc=
34,105,nhvXhuXP657dgdodAFGt3fEWruw=,LfdimCGgTCDNSqPre7G9G2S0DGc=
33,105,nhvXhuXP657dgdodAFGt3fEWruw=,LfdimCGgTCDNSqPre7G9G2S0DGc=
32,98,nhvXhuXP657dgdodAFGt3fEWruw=,LfdimCGgTCDNSqPre7G9G2S0DGc=
32,105,nhvXhuXP657dgdodAFGt3fEWruw=,LfdimCGgTCDNSqPre7G9G2S0DGc=
47,104,nhvXhuXP657dgdodAFGt3fEWruw=,LfdimCGgTCDNSqPre7G9G2S0DGc=
33,98,nhvXhuXP657dgdodAFGt3fEWruw=,LfdimCGgTCDNSqPre7G9G2S0DGc=
45,104,nhvXhuXP657dgdodAFGt3fEWruw=,LfdimCGgTCDNSqPre7G9G2S0DGc=
46,104,nhvXhuXP657dgdodAFGt3fEWruw=,LfdimCGgTCDNSqPre7G9G2S0DGc=
44,104,nhvXhuXP657dgdodAFGt3fEWruw=,LfdimCGgTCDNSqPre7G9G2S0DGc=
43,104,nhvXhuXP657dgdodAFGt3fEWruw=,LfdimCGgTCDNSqPre7G9G2S0DGc=
42,104,nhvXhuXP657dgdodAFGt3fEWruw=,LfdimCGgTCDNSqPre7G9G2S0DGc=
34,98,nhvXhuXP657dgdodAFGt3fEWruw=,LfdimCGgTCDNSqPre7G9G2S0DGc=
41,104,nhvXhuXP657dgdodAFGt3fEWruw=,LfdimCGgTCDNSqPre7G9G2S0DGc=
38,97,nhvXhuXP657dgdodAFGt3fEWruw=,LfdimCGgTCDNSqPre7G9G2S0DGc=
40,104,nhvXhuXP657dgdodAFGt3fEWruw=,LfdimCGgTCDNSqPre7G9G2S0DGc=
39,104,nhvXhuXP657dgdodAFGt3fEWruw=,LfdimCGgTCDNSqPre7G9G2S0DGc=
35,98,nhvXhuXP657dgdodAFGt3fEWruw=,LfdimCGgTCDNSqPre7G9G2S0DGc=
38,104,nhvXhuXP657dgdodAFGt3fEWruw=,LfdimCGgTCDNSqPre7G9G2S0DGc=
37,104,nhvXhuXP657dgdodAFGt3fEWruw=,LfdimCGgTCDNSqPre7G9G2S0DGc=
36,98,nhvXhuXP657dgdodAFGt3fEWruw=,LfdimCGgTCDNSqPre7G9G2S0DGc=
36,104,nhvXhuXP657dgdodAFGt3fEWruw=,LfdimCGgTCDNSqPre7G9G2S0DGc=
35,104,nhvXhuXP657dgdodAFGt3fEWruw=,LfdimCGgTCDNSqPre7G9G2S0DGc=
37,98,nhvXhuXP657dgdodAFGt3fEWruw=,LfdimCGgTCDNSqPre7G9G2S0DGc=
34,104,nhvXhuXP657dgdodAFGt3fEWruw=,LfdimCGgTCDNSqPre7G9G2S0DGc=
32,104,nhvXhuXP657dgdodAFGt3fEWruw=,LfdimCGgTCDNSqPre7G9G2S0DGc=
33,104,nhvXhuXP657dgdodAFGt3fEWruw=,LfdimCGgTCDNSqPre7G9G2S0DGc=
46,103,nhvXhuXP657dgdodAFGt3fEWruw=,LfdimCGgTCDNSqPre7G9G2S0DGc=
47,103,nhvXhuXP657dgdodAFGt3fEWruw=,LfdimCGgTCDNSqPre7G9G2S0DGc=
38,98,nhvXhuXP657dgdodAFGt3fEWruw=,LfdimCGgTCDNSqPre7G9G2S0DGc=
45,103,nhvXhuXP657dgdodAFGt3fEWruw=,LfdimCGgTCDNSqPre7G9G2S0DGc=
44,103,nhvXhuXP657dgdodAFGt3fEWruw=,LfdimCGgTCDNSqPre7G9G2S0DGc=
39,98,nhvXhuXP657dgdodAFGt3fEWruw=,LfdimCGgTCDNSqPre7G9G2S0DGc=
43,103,nhvXhuXP657dgdodAFGt3fEWruw=,LfdimCGgTCDNSqPre7G9G2S0DGc=
42,103,nhvXhuXP657dgdodAFGt3fEWruw=,LfdimCGgTCDNSqPre7G9G2S0DGc=
40,98,nhvXhuXP657dgdodAFGt3fEWruw=,LfdimCGgTCDNSqPre7G9G2S0DGc=
40,103,nhvXhuXP657dgdodAFGt3fEWruw=,LfdimCGgTCDNSqPre7G9G2S0DGc=
39,103,nhvXhuXP657dgdodAFGt3fEWruw=,LfdimCGgTCDNSqPre7G9G2S0DGc=
37,97,nhvXhuXP657dgdodAFGt3fEWruw=,LfdimCGgTCDNSqPre7G9G2S0DGc=
41,98,nhvXhuXP657dgdodAFGt3fEWruw=,LfdimCGgTCDNSqPre7G9G2S0DGc=
37,103,nhvXhuXP657dgdodAFGt3fEWruw=,LfdimCGgTCDNSqPre7G9G2S0DGc=
38,103,nhvXhuXP657dgdodAFGt3fEWruw=,LfdimCGgTCDNSqPre7G9G2S0DGc=
42,98,nhvXhuXP657dgdodAFGt3fEWruw=,LfdimCGgTCDNSqPre7G9G2S0DGc=
36,103,nhvXhuXP657dgdodAFGt3fEWruw=,LfdimCGgTCDNSqPre7G9G2S0DGc=
35,103,nhvXhuXP657dgdodAFGt3fEWruw=,LfdimCGgTCDNSqPre7G9G2S0DGc=
43,98,nhvXhuXP657dgdodAFGt3fEWruw=,LfdimCGgTCDNSqPre7G9G2S0DGc=
41,103,nhvXhuXP657dgdodAFGt3fEWruw=,LfdimCGgTCDNSqPre7G9G2S0DGc=
34,103,nhvXhuXP657dgdodAFGt3fEWruw=,LfdimCGgTCDNSqPre7G9G2S0DGc=
33,103,nhvXhuXP657dgdodAFGt3fEWruw=,LfdimCGgTCDNSqPre7G9G2S0DGc=
44,98,nhvXhuXP657dgdodAFGt3fEWruw=,LfdimCGgTCDNSqPre7G9G2S0DGc=
47,102,nhvXhuXP657dgdodAFGt3fEWruw=,LfdimCGgTCDNSqPre7G9G2S0DGc=
32,103,nhvXhuXP657dgdodAFGt3fEWruw=,LfdimCGgTCDNSqPre7G9G2S0DGc=
46,102,nhvXhuXP657dgdodAFGt3fEWruw=,LfdimCGgTCDNSqPre7G9G2S0DGc=
45,98,nhvXhuXP657dgdodAFGt3fEWruw=,LfdimCGgTCDNSqPre7G9G2S0DGc=
45,102,nhvXhuXP657dgdodAFGt3fEWruw=,LfdimCGgTCDNSqPre7G9G2S0DGc=
43,102,nhvXhuXP657dgdodAFGt3fEWruw=,LfdimCGgTCDNSqPre7G9G2S0DGc=
42,102,nhvXhuXP657dgdodAFGt3fEWruw=,LfdimCGgTCDNSqPre7G9G2S0DGc=
44,102,nhvXhuXP657dgdodAFGt3fEWruw=,LfdimCGgTCDNSqPre7G9G2S0DGc=
36,97,nhvXhuXP657dgdodAFGt3fEWruw=,LfdimCGgTCDNSqPre7G9G2S0DGc=
41,102,nhvXhuXP657dgdodAFGt3fEWruw=,LfdimCGgTCDNSqPre7G9G2S0DGc=
39,102,nhvXhuXP657dgdodAFGt3fEWruw=,LfdimCGgTCDNSqPre7G9G2S0DGc=
38,102,nhvXhuXP657dgdodAFGt3fEWruw=,LfdimCGgTCDNSqPre7G9G2S0DGc=
37,102,nhvXhuXP657dgdodAFGt3fEWruw=,LfdimCGgTCDNSqPre7G9G2S0DGc=
40,102,nhvXhuXP657dgdodAFGt3fEWruw=,LfdimCGgTCDNSqPre7G9G2S0DGc=
35,102,nhvXhuXP657dgdodAFGt3fEWruw=,LfdimCGgTCDNSqPre7G9G2S0DGc=
34,102,nhvXhuXP657dgdodAFGt3fEWruw=,LfdimCGgTCDNSqPre7G9G2S0DGc=
33,102,nhvXhuXP657dgdodAFGt3fEWruw=,LfdimCGgTCDNSqPre7G9G2S0DGc=
45,101,nhvXhuXP657dgdodAFGt3fEWruw=,LfdimCGgTCDNSqPre7G9G2S0DGc=
47,101,nhvXhuXP657dgdodAFGt3fEWruw=,LfdimCGgTCDNSqPre7G9G2S0DGc=
36,102,nhvXhuXP657dgdodAFGt3fEWruw=,LfdimCGgTCDNSqPre7G9G2S0DGc=
32,102,nhvXhuXP657dgdodAFGt3fEWruw=,LfdimCGgTCDNSqPre7G9G2S0DGc=
44,101,nhvXhuXP657dgdodAFGt3fEWruw=,LfdimCGgTCDNSqPre7G9G2S0DGc=
46,101,nhvXhuXP657dgdodAFGt3fEWruw=,LfdimCGgTCDNSqPre7G9G2S0DGc=
35,97,nhvXhuXP657dgdodAFGt3fEWruw=,LfdimCGgTCDNSqPre7G9G2S0DGc=
43,101,nhvXhuXP657dgdodAFGt3fEWruw=,LfdimCGgTCDNSqPre7G9G2S0DGc=
42,101,nhvXhuXP657dgdodAFGt3fEWruw=,LfdimCGgTCDNSqPre7G9G2S0DGc=
41,101,nhvXhuXP657dgdodAFGt3fEWruw=,LfdimCGgTCDNSqPre7G9G2S0DGc=
39,101,nhvXhuXP657dgdodAFGt3fEWruw=,LfdimCGgTCDNSqPre7G9G2S0DGc=
40,101,nhvXhuXP657dgdodAFGt3fEWruw=,LfdimCGgTCDNSqPre7G9G2S0DGc=
38,101,nhvXhuXP657dgdodAFGt3fEWruw=,LfdimCGgTCDNSqPre7G9G2S0DGc=
36,101,nhvXhuXP657dgdodAFGt3fEWruw=,LfdimCGgTCDNSqPre7G9G2S0DGc=
35,101,nhvXhuXP657dgdodAFGt3fEWruw=,LfdimCGgTCDNSqPre7G9G2S0DGc=
33,101,nhvXhuXP657dgdodAFGt3fEWruw=,LfdimCGgTCDNSqPre7G9G2S0DGc=
32,101,nhvXhuXP657dgdodAFGt3fEWruw=,LfdimCGgTCDNSqPre7G9G2S0DGc=
37,101,nhvXhuXP657dgdodAFGt3fEWruw=,LfdimCGgTCDNSqPre7G9G2S0DGc=
34,101,nhvXhuXP657dgdodAFGt3fEWruw=,LfdimCGgTCDNSqPre7G9G2S0DGc=
47,100,nhvXhuXP657dgdodAFGt3fEWruw=,LfdimCGgTCDNSqPre7G9G2S0DGc=
45,100,nhvXhuXP657dgdodAFGt3fEWruw=,LfdimCGgTCDNSqPre7G9G2S0DGc=
46,100,nhvXhuXP657dgdodAFGt3fEWruw=,LfdimCGgTCDNSqPre7G9G2S0DGc=
44,100,nhvXhuXP657dgdodAFGt3fEWruw=,LfdimCGgTCDNSqPre7G9G2S0DGc=
42,100,nhvXhuXP657dgdodAFGt3fEWruw=,LfdimCGgTCDNSqPre7G9G2S0DGc=
41,100,nhvXhuXP657dgdodAFGt3fEWruw=,LfdimCGgTCDNSqPre7G9G2S0DGc=
34,97,nhvXhuXP657dgdodAFGt3fEWruw=,LfdimCGgTCDNSqPre7G9G2S0DGc=
40,100,nhvXhuXP657dgdodAFGt3fEWruw=,LfdimCGgTCDNSqPre7G9G2S0DGc=
47,96,nhvXhuXP657dgdodAFGt3fEWruw=,LfdimCGgTCDNSqPre7G9G2S0DGc=
39,100,nhvXhuXP657dgdodAFGt3fEWruw=,LfdimCGgTCDNSqPre7G9G2S0DGc=
38,100,nhvXhuXP657dgdodAFGt3fEWruw=,LfdimCGgTCDNSqPre7G9G2S0DGc=
37,100,nhvXhuXP657dgdodAFGt3fEWruw=,LfdimCGgTCDNSqPre7G9G2S0DGc=
35,100,nhvXhuXP657dgdodAFGt3fEWruw=,LfdimCGgTCDNSqPre7G9G2S0DGc=
36,100,nhvXhuXP657dgdodAFGt3fEWruw=,LfdimCGgTCDNSqPre7G9G2S0DGc=
34,100,nhvXhuXP657dgdodAFGt3fEWruw=,LfdimCGgTCDNSqPre7G9G2S0DGc=
33,100,nhvXhuXP657dgdodAFGt3fEWruw=,LfdimCGgTCDNSqPre7G9G2S0DGc=
32,100,nhvXhuXP657dgdodAFGt3fEWruw=,LfdimCGgTCDNSqPre7G9G2S0DGc=
47,99,nhvXhuXP657dgdodAFGt3fEWruw=,LfdimCGgTCDNSqPre7G9G2S0DGc=
46,99,nhvXhuXP657dgdodAFGt3fEWruw=,LfdimCGgTCDNSqPre7G9G2S0DGc=
45,99,nhvXhuXP657dgdodAFGt3fEWruw=,LfdimCGgTCDNSqPre7G9G2S0DGc=
43,100,nhvXhuXP657dgdodAFGt3fEWruw=,LfdimCGgTCDNSqPre7G9G2S0DGc=
42,99,nhvXhuXP657dgdodAFGt3fEWruw=,LfdimCGgTCDNSqPre7G9G2S0DGc=
43,99,nhvXhuXP657dgdodAFGt3fEWruw=,LfdimCGgTCDNSqPre7G9G2S0DGc=
41,99,nhvXhuXP657dgdodAFGt3fEWruw=,LfdimCGgTCDNSqPre7G9G2S0DGc=
40,99,nhvXhuXP657dgdodAFGt3fEWruw=,LfdimCGgTCDNSqPre7G9G2S0DGc=
39,99,nhvXhuXP657dgdodAFGt3fEWruw=,LfdimCGgTCDNSqPre7G9G2S0DGc=
37,99,nhvXhuXP657dgdodAFGt3fEWruw=,LfdimCGgTCDNSqPre7G9G2S0DGc=
38,99,nhvXhuXP657dgdodAFGt3fEWruw=,LfdimCGgTCDNSqPre7G9G2S0DGc=
44,99,nhvXhuXP657dgdodAFGt3fEWruw=,LfdimCGgTCDNSqPre7G9G2S0DGc=
36,99,nhvXhuXP657dgdodAFGt3fEWruw=,LfdimCGgTCDNSqPre7G9G2S0DGc=
35,99,nhvXhuXP657dgdodAFGt3fEWruw=,LfdimCGgTCDNSqPre7G9G2S0DGc=
34,99,nhvXhuXP657dgdodAFGt3fEWruw=,LfdimCGgTCDNSqPre7G9G2S0DGc=
47,98,nhvXhuXP657dgdodAFGt3fEWruw=,LfdimCGgTCDNSqPre7G9G2S0DGc=
33,99,nhvXhuXP657dgdodAFGt3fEWruw=,LfdimCGgTCDNSqPre7G9G2S0DGc=
32,99,nhvXhuXP657dgdodAFGt3fEWruw=,LfdimCGgTCDNSqPre7G9G2S0DGc=
46,98,nhvXhuXP657dgdodAFGt3fEWruw=,LfdimCGgTCDNSqPre7G9G2S0DGc=
32,97,nhvXhuXP657dgdodAFGt3fEWruw=,LfdimCGgTCDNSqPre7G9G2S0DGc=
33,97,nhvXhuXP657dgdodAFGt3fEWruw=,LfdimCGgTCDNSqPre7G9G2S0DGc=
63,96,nhvXhuXP657dgdodAFGt3fEWruw=,LfdimCGgTCDNSqPre7G9G2S0DGc=
61,111,nhvXhuXP657dgdodAFGt3fEWruw=,LfdimCGgTCDNSqPre7G9G2S0DGc=
62,111,nhvXhuXP657dgdodAFGt3fEWruw=,LfdimCGgTCDNSqPre7G9G2S0DGc=
59,111,nhvXhuXP657dgdodAFGt3fEWruw=,LfdimCGgTCDNSqPre7G9G2S0DGc=
58,111,nhvXhuXP657dgdodAFGt3fEWruw=,LfdimCGgTCDNSqPre7G9G2S0DGc=
60,111,nhvXhuXP657dgdodAFGt3fEWruw=,LfdimCGgTCDNSqPre7G9G2S0DGc=
57,111,nhvXhuXP657dgdodAFGt3fEWruw=,LfdimCGgTCDNSqPre7G9G2S0DGc=
55,111,nhvXhuXP657dgdodAFGt3fEWruw=,LfdimCGgTCDNSqPre7G9G2S0DGc=
54,111,nhvXhuXP657dgdodAFGt3fEWruw=,LfdimCGgTCDNSqPre7G9G2S0DGc=
53,111,nhvXhuXP657dgdodAFGt3fEWruw=,LfdimCGgTCDNSqPre7G9G2S0DGc=
52,111,nhvXhuXP657dgdodAFGt3fEWruw=,LfdimCGgTCDNSqPre7G9G2S0DGc=
51,111,nhvXhuXP657dgdodAFGt3fEWruw=,LfdimCGgTCDNSqPre7G9G2S0DGc=
50,111,nhvXhuXP657dgdodAFGt3fEWruw=,LfdimCGgTCDNSqPre7G9G2S0DGc=
56,111,nhvXhuXP657dgdodAFGt3fEWruw=,LfdimCGgTCDNSqPre7G9G2S0DGc=
48,111,nhvXhuXP657dgdodAFGt3fEWruw=,LfdimCGgTCDNSqPre7G9G2S0DGc=
49,111,nhvXhuXP657dgdodAFGt3fEWruw=,LfdimCGgTCDNSqPre7G9G2S0DGc=
63,110,nhvXhuXP657dgdodAFGt3fEWruw=,LfdimCGgTCDNSqPre7G9G2S0DGc=
61,110,nhvXhuXP657dgdodAFGt3fEWruw=,LfdimCGgTCDNSqPre7G9G2S0DGc=
62,110,nhvXhuXP657dgdodAFGt3fEWruw=,LfdimCGgTCDNSqPre7G9G2S0DGc=
60,110,nhvXhuXP657dgdodAFGt3fEWruw=,LfdimCGgTCDNSqPre7G9G2S0DGc=
59,110,nhvXhuXP657dgdodAFGt3fEWruw=,LfdimCGgTCDNSqPre7G9G2S0DGc=
58,110,nhvXhuXP657dgdodAFGt3fEWruw=,LfdimCGgTCDNSqPre7G9G2S0DGc=
57,110,nhvXhuXP657dgdodAFGt3fEWruw=,LfdimCGgTCDNSqPre7G9G2S0DGc=
55,110,nhvXhuXP657dgdodAFGt3fEWruw=,LfdimCGgTCDNSqPre7G9G2S0DGc=
54,110,nhvXhuXP657dgdodAFGt3fEWruw=,LfdimCGgTCDNSqPre7G9G2S0DGc=
51,110,nhvXhuXP657dgdodAFGt3fEWruw=,LfdimCGgTCDNSqPre7G9G2S0DGc=
56,110,nhvXhuXP657dgdodAFGt3fEWruw=,LfdimCGgTCDNSqPre7G9G2S0DGc=
53,110,nhvXhuXP657dgdodAFGt3fEWruw=,LfdimCGgTCDNSqPre7G9G2S0DGc=
49,110,nhvXhuXP657dgdodAFGt3fEWruw=,LfdimCGgTCDNSqPre7G9G2S0DGc=
50,110,nhvXhuXP657dgdodAFGt3fEWruw=,LfdimCGgTCDNSqPre7G9G2S0DGc=
62,96,nhvXhuXP657dgdodAFGt3fEWruw=,LfdimCGgTCDNSqPre7G9G2S0DGc=
63,109,nhvXhuXP657dgdodAFGt3fEWruw=,LfdimCGgTCDNSqPre7G9G2S0DGc=
48,110,nhvXhuXP657dgdodAFGt3fEWruw=,LfdimCGgTCDNSqPre7G9G2S0DGc=
62,109,nhvXhuXP657dgdodAFGt3fEWruw=,LfdimCGgTCDNSqPre7G9G2S0DGc=
61,109,nhvXhuXP657dgdodAFGt3fEWruw=,LfdimCGgTCDNSqPre7G9G2S0DGc=
60,109,nhvXhuXP657dgdodAFGt3fEWruw=,LfdimCGgTCDNSqPre7G9G2S0DGc=
59,109,nhvXhuXP657dgdodAFGt3fEWruw=,LfdimCGgTCDNSqPre7G9G2S0DGc=
58,109,nhvXhuXP657dgdodAFGt3fEWruw=,LfdimCGgTCDNSqPre7G9G2S0DGc=
56,109,nhvXhuXP657dgdodAFGt3fEWruw=,LfdimCGgTCDNSqPre7G9G2S0DGc=
57,109,nhvXhuXP657dgdodAFGt3fEWruw=,LfdimCGgTCDNSqPre7G9G2S0DGc=
53,109,nhvXhuXP657dgdodAFGt3fEWruw=,LfdimCGgTCDNSqPre7G9G2S0DGc=
54,109,nhvXhuXP657dgdodAFGt3fEWruw=,LfdimCGgTCDNSqPre7G9G2S0DGc=
52,109,nhvXhuXP657dgdodAFGt3fEWruw=,LfdimCGgTCDNSqPre7G9G2S0DGc=
51,109,nhvXhuXP657dgdodAFGt3fEWruw=,LfdimCGgTCDNSqPre7G9G2S0DGc=
50,109,nhvXhuXP657dgdodAFGt3fEWruw=,LfdimCGgTCDNSqPre7G9G2S0DGc=
48,109,nhvXhuXP657dgdodAFGt3fEWruw=,LfdimCGgTCDNSqPre7G9G2S0DGc=
63,108,nhvXhuXP657dgdodAFGt3fEWruw=,LfdimCGgTCDNSqPre7G9G2S0DGc=
62,108,nhvXhuXP657dgdodAFGt3fEWruw=,LfdimCGgTCDNSqPre7G9G2S0DGc=
55,109,nhvXhuXP657dgdodAFGt3fEWruw=,LfdimCGgTCDNSqPre7G9G2S0DGc=
61,96,nhvXhuXP657dgdodAFGt3fEWruw=,LfdimCGgTCDNSqPre7G9G2S0DGc=
61,108,nhvXhuXP657dgdodAFGt3fEWruw=,LfdimCGgTCDNSqPre7G9G2S0DGc=
60,108,nhvXhuXP657dgdodAFGt3fEWruw=,LfdimCGgTCDNSqPre7G9G2S0DGc=
59,108,nhvXhuXP657dgdodAFGt3fEWruw=,LfdimCGgTCDNSqPre7G9G2S0DGc=
58,108,nhvXhuXP657dgdodAFGt3fEWruw=,LfdimCGgTCDNSqPre7G9G2S0DGc=
56,108,nhvXhuXP657dgdodAFGt3fEWruw=,LfdimCGgTCDNSqPre7G9G2S0DGc=
55,108,nhvXhuXP657dgdodAFGt3fEWruw=,LfdimCGgTCDNSqPre7G9G2S0DGc=
54,108,nhvXhuXP657dgdodAFGt3fEWruw=,LfdimCGgTCDNSqPre7G9G2S0DGc=
57,108,nhvXhuXP657dgdodAFGt3fEWruw=,LfdimCGgTCDNSqPre7G9G2S0DGc=
53,108,nhvXhuXP657dgdodAFGt3fEWruw=,LfdimCGgTCDNSqPre7G9G2S0DGc=
52,108,nhvXhuXP657dgdodAFGt3fEWruw=,LfdimCGgTCDNSqPre7G9G2S0DGc=
51,108,nhvXhuXP657dgdodAFGt3fEWruw=,LfdimCGgTCDNSqPre7G9G2S0DGc=
50,108,nhvXhuXP657dgdodAFGt3fEWruw=,LfdimCGgTCDNSqPre7G9G2S0DGc=
49,108,nhvXhuXP657dgdodAFGt3fEWruw=,LfdimCGgTCDNSqPre7G9G2S0DGc=
63,107,nhvXhuXP657dgdodAFGt3fEWruw=,LfdimCGgTCDNSqPre7G9G2S0DGc=
60,96,nhvXhuXP657dgdodAFGt3fEWruw=,LfdimCGgTCDNSqPre7G9G2S0DGc=
61,107,nhvXhuXP657dgdodAFGt3fEWruw=,LfdimCGgTCDNSqPre7G9G2S0DGc=
62,107,nhvXhuXP657dgdodAFGt3fEWruw=,LfdimCGgTCDNSqPre7G9G2S0DGc=
48,108,nhvXhuXP657dgdodAFGt3fEWruw=,LfdimCGgTCDNSqPre7G9G2S0DGc=
60,107,nhvXhuXP657dgdodAFGt3fEWruw=,LfdimCGgTCDNSqPre7G9G2S0DGc=
58,107,nhvXhuXP657dgdodAFGt3fEWruw=,LfdimCGgTCDNSqPre7G9G2S0DGc=
57,107,nhvXhuXP657dgdodAFGt3fEWruw=,LfdimCGgTCDNSqPre7G9G2S0DGc=
56,107,nhvXhuXP657dgdodAFGt3fEWruw=,LfdimCGgTCDNSqPre7G9G2S0DGc=
59,107,nhvXhuXP657dgdodAFGt3fEWruw=,LfdimCGgTCDNSqPre7G9G2S0DGc=
55,107,nhvXhuXP657dgdodAFGt3fEWruw=,LfdimCGgTCDNSqPre7G9G2S0DGc=
54,107,nhvXhuXP657dgdodAFGt3fEWruw=,LfdimCGgTCDNSqPre7G9G2S0DGc=
53,107,nhvXhuXP657dgdodAFGt3fEWruw=,LfdimCGgTCDNSqPre7G9G2S0DGc=
52,107,nhvXhuXP657dgdodAFGt3fEWruw=,LfdimCGgTCDNSqPre7G9G2S0DGc=
51,107,nhvXhuXP657dgdodAFGt3fEWruw=,LfdimCGgTCDNSqPre7G9G2S0DGc=
48,107,nhvXhuXP657dgdodAFGt3fEWruw=,LfdimCGgTCDNSqPre7G9G2S0DGc=
50,107,nhvXhuXP657dgdodAFGt3fEWruw=,LfdimCGgTCDNSqPre7G9G2S0DGc=
59,96,nhvXhuXP657dgdodAFGt3fEWruw=,LfdimCGgTCDNSqPre7G9G2S0DGc=
62,106,nhvXhuXP657dgdodAFGt3fEWruw=,LfdimCGgTCDNSqPre7G9G2S0DGc=
61,106,nhvXhuXP657dgdodAFGt3fEWruw=,LfdimCGgTCDNSqPre7G9G2S0DGc=
49,107,nhvXhuXP657dgdodAFGt3fEWruw=,LfdimCGgTCDNSqPre7G9G2S0DGc=
59,106,nhvXhuXP657dgdodAFGt3fEWruw=,LfdimCGgTCDNSqPre7G9G2S0DGc=
60,106,nhvXhuXP657dgdodAFGt3fEWruw=,LfdimCGgTCDNSqPre7G9G2S0DGc=
63,106,nhvXhuXP657dgdodAFGt3fEWruw=,LfdimCGgTCDNSqPre7G9G2S0DGc=
58,106,nhvXhuXP657dgdodAFGt3fEWruw=,LfdimCGgTCDNSqPre7G9G2S0DGc=
56,106,nhvXhuXP657dgdodAFGt3fEWruw=,LfdimCGgTCDNSqPre7G9G2S0DGc=
55,106,nhvXhuXP657dgdodAFGt3fEWruw=,LfdimCGgTCDNSqPre7G9G2S0DGc=
57,106,nhvXhuXP657dgdodAFGt3fEWruw=,LfdimCGgTCDNSqPre7G9G2S0DGc=
54,106,nhvXhuXP657dgdodAFGt3fEWruw=,LfdimCGgTCDNSqPre7G9G2S0DGc=
53,106,nhvXhuXP657dgdodAFGt3fEWruw=,LfdimCGgTCDNSqPre7G9G2S0DGc=
52,106,nhvXhuXP657dgdodAFGt3fEWruw=,LfdimCGgTCDNSqPre7G9G2S0DGc=
50,106,nhvXhuXP657dgdodAFGt3fEWruw=,LfdimCGgTCDNSqPre7G9G2S0DGc=
51,106,nhvXhuXP657dgdodAFGt3fEWruw=,LfdimCGgTCDNSqPre7G9G2S0DGc=
49,106,nhvXhuXP657dgdodAFGt3fEWruw=,LfdimCGgTCDNSqPre7G9G2S0DGc=
58,96,nhvXhuXP657dgdodAFGt3fEWruw=,LfdimCGgTCDNSqPre7G9G2S0DGc=
48,106,nhvXhuXP657dgdodAFGt3fEWruw=,LfdimCGgTCDNSqPre7G9G2S0DGc=
63,105,nhvXhuXP657dgdodAFGt3fEWruw=,LfdimCGgTCDNSqPre7G9G2S0DGc=
62,105,nhvXhuXP657dgdodAFGt3fEWruw=,LfdimCGgTCDNSqPre7G9G2S0DGc=
61,105,nhvXhuXP657dgdodAFGt3fEWruw=,LfdimCGgTCDNSqPre7G9G2S0DGc=
60,105,nhvXhuXP657dgdodAFGt3fEWruw=,LfdimCGgTCDNSqPre7G9G2S0DGc=
59,105,nhvXhuXP657dgdodAFGt3fEWruw=,LfdimCGgTCDNSqPre7G9G2S0DGc=
58,105,nhvXhuXP657dgdodAFGt3fEWruw=,LfdimCGgTCDNSqPre7G9G2S0DGc=
55,105,nhvXhuXP657dgdodAFGt3fEWruw=,LfdimCGgTCDNSqPre7G9G2S0DGc=
54,105,nhvXhuXP657dgdodAFGt3fEWruw=,LfdimCGgTCDNSqPre7G9G2S0DGc=
56,105,nhvXhuXP657dgdodAFGt3fEWruw=,LfdimCGgTCDNSqPre7G9G2S0DGc=
57,105,nhvXhuXP657dgdodAFGt3fEWruw=,LfdimCGgTCDNSqPre7G9G2S0DGc=
53,105,nhvXhuXP657dgdodAFGt3fEWruw=,LfdimCGgTCDNSqPre7G9G2S0DGc=
52,105,nhvXhuXP657dgdodAFGt3fEWruw=,LfdimCGgTCDNSqPre7G9G2S0DGc=
51,105,nhvXhuXP657dgdodAFGt3fEWruw=,LfdimCGgTCDNSqPre7G9G2S0DGc=
50,105,nhvXhuXP657dgdodAFGt3fEWruw=,LfdimCGgTCDNSqPre7G9G2S0DGc=
48,105,nhvXhuXP657dgdodAFGt3fEWruw=,LfdimCGgTCDNSqPre7G9G2S0DGc=
49,105,nhvXhuXP657dgdodAFGt3fEWruw=,LfdimCGgTCDNSqPre7G9G2S0DGc=
63,104,nhvXhuXP657dgdodAFGt3fEWruw=,LfdimCGgTCDNSqPre7G9G2S0DGc=
57,96,nhvXhuXP657dgdodAFGt3fEWruw=,LfdimCGgTCDNSqPre7G9G2S0DGc=
62,104,nhvXhuXP657dgdodAFGt3fEWruw=,LfdimCGgTCDNSqPre7G9G2S0DGc=
61,104,nhvXhuXP657dgdodAFGt3fEWruw=,LfdimCGgTCDNSqPre7G9G2S0DGc=
59,104,nhvXhuXP657dgdodAFGt3fEWruw=,LfdimCGgTCDNSqPre7G9G2S0DGc=
57,104,nhvXhuXP657dgdodAFGt3fEWruw=,LfdimCGgTCDNSqPre7G9G2S0DGc=
55,104,nhvXhuXP657dgdodAFGt3fEWruw=,LfdimCGgTCDNSqPre7G9G2S0DGc=
58,104,nhvXhuXP657dgdodAFGt3fEWruw=,LfdimCGgTCDNSqPre7G9G2S0DGc=
60,104,nhvXhuXP657dgdodAFGt3fEWruw=,LfdimCGgTCDNSqPre7G9G2S0DGc=
54,104,nhvXhuXP657dgdodAFGt3fEWruw=,LfdimCGgTCDNSqPre7G9G2S0DGc=
56,104,nhvXhuXP657dgdodAFGt3fEWruw=,LfdimCGgTCDNSqPre7G9G2S0DGc=
53,104,nhvXhuXP657dgdodAFGt3fEWruw=,LfdimCGgTCDNSqPre7G9G2S0DGc=
52,104,nhvXhuXP657dgdodAFGt3fEWruw=,LfdimCGgTCDNSqPre7G9G2S0DGc=
51,104,nhvXhuXP657dgdodAFGt3fEWruw=,LfdimCGgTCDNSqPre7G9G2S0DGc=
50,104,nhvXhuXP657dgdodAFGt3fEWruw=,LfdimCGgTCDNSqPre7G9G2S0DGc=
49,104,nhvXhuXP657dgdodAFGt3fEWruw=,LfdimCGgTCDNSqPre7G9G2S0DGc=
56,96,nhvXhuXP657dgdodAFGt3fEWruw=,LfdimCGgTCDNSqPre7G9G2S0DGc=
63,103,nhvXhuXP657dgdodAFGt3fEWruw=,LfdimCGgTCDNSqPre7G9G2S0DGc=
48,104,nhvXhuXP657dgdodAFGt3fEWruw=,LfdimCGgTCDNSqPre7G9G2S0DGc=
61,103,nhvXhuXP657dgdodAFGt3fEWruw=,LfdimCGgTCDNSqPre7G9G2S0DGc=
62,103,nhvXhuXP657dgdodAFGt3fEWruw=,LfdimCGgTCDNSqPre7G9G2S0DGc=
60,103,nhvXhuXP657dgdodAFGt3fEWruw=,LfdimCGgTCDNSqPre7G9G2S0DGc=
59,103,nhvXhuXP657dgdodAFGt3fEWruw=,LfdimCGgTCDNSqPre7G9G2S0DGc=
57,103,nhvXhuXP657dgdodAFGt3fEWruw=,LfdimCGgTCDNSqPre7G9G2S0DGc=
58,103,nhvXhuXP657dgdodAFGt3fEWruw=,LfdimCGgTCDNSqPre7G9G2S0DGc=
54,103,nhvXhuXP657dgdodAFGt3fEWruw=,LfdimCGgTCDNSqPre7G9G2S0DGc=
55,103,nhvXhuXP657dgdodAFGt3fEWruw=,LfdimCGgTCDNSqPre7G9G2S0DGc=
56,103,nhvXhuXP657dgdodAFGt3fEWruw=,LfdimCGgTCDNSqPre7G9G2S0DGc=
52,103,nhvXhuXP657dgdodAFGt3fEWruw=,LfdimCGgTCDNSqPre7G9G2S0DGc=
53,103,nhvXhuXP657dgdodAFGt3fEWruw=,LfdimCGgTCDNSqPre7G9G2S0DGc=
51,103,nhvXhuXP657dgdodAFGt3fEWruw=,LfdimCGgTCDNSqPre7G9G2S0DGc=
49,103,nhvXhuXP657dgdodAFGt3fEWruw=,LfdimCGgTCDNSqPre7G9G2S0DGc=
50,103,nhvXhuXP657dgdodAFGt3fEWruw=,LfdimCGgTCDNSqPre7G9G2S0DGc=
48,103,nhvXhuXP657dgdodAFGt3fEWruw=,LfdimCGgTCDNSqPre7G9G2S0DGc=
55,96,nhvXhuXP657dgdodAFGt3fEWruw=,LfdimCGgTCDNSqPre7G9G2S0DGc=
63,102,nhvXhuXP657dgdodAFGt3fEWruw=,LfdimCGgTCDNSqPre7G9G2S0DGc=
62,102,nhvXhuXP657dgdodAFGt3fEWruw=,LfdimCGgTCDNSqPre7G9G2S0DGc=
60,102,nhvXhuXP657dgdodAFGt3fEWruw=,LfdimCGgTCDNSqPre7G9G2S0DGc=
59,102,nhvXhuXP657dgdodAFGt3fEWruw=,LfdimCGgTCDNSqPre7G9G2S0DGc=
61,102,nhvXhuXP657dgdodAFGt3fEWruw=,LfdimCGgTCDNSqPre7G9G2S0DGc=
52,110,nhvXhuXP657dgdodAFGt3fEWruw=,LfdimCGgTCDNSqPre7G9G2S0DGc=
49,109,nhvXhuXP657dgdodAFGt3fEWruw=,LfdimCGgTCDNSqPre7G9G2S0DGc=
58,102,nhvXhuXP657dgdodAFGt3fEWruw=,LfdimCGgTCDNSqPre7G9G2S0DGc=
57,102,nhvXhuXP657dgdodAFGt3fEWruw=,LfdimCGgTCDNSqPre7G9G2S0DGc=
56,102,nhvXhuXP657dgdodAFGt3fEWruw=,LfdimCGgTCDNSqPre7G9G2S0DGc=
48,97,nhvXhuXP657dgdodAFGt3fEWruw=,LfdimCGgTCDNSqPre7G9G2S0DGc=
55,102,nhvXhuXP657dgdodAFGt3fEWruw=,LfdimCGgTCDNSqPre7G9G2S0DGc=
54,102,nhvXhuXP657dgdodAFGt3fEWruw=,LfdimCGgTCDNSqPre7G9G2S0DGc=
48,96,nhvXhuXP657dgdodAFGt3fEWruw=,LfdimCGgTCDNSqPre7G9G2S0DGc=
49,97,nhvXhuXP657dgdodAFGt3fEWruw=,LfdimCGgTCDNSqPre7G9G2S0DGc=
53,102,nhvXhuXP657dgdodAFGt3fEWruw=,LfdimCGgTCDNSqPre7G9G2S0DGc=
50,97,nhvXhuXP657dgdodAFGt3fEWruw=,LfdimCGgTCDNSqPre7G9G2S0DGc=
52,102,nhvXhuXP657dgdodAFGt3fEWruw=,LfdimCGgTCDNSqPre7G9G2S0DGc=
51,97,nhvXhuXP657dgdodAFGt3fEWruw=,LfdimCGgTCDNSqPre7G9G2S0DGc=
52,97,nhvXhuXP657dgdodAFGt3fEWruw=,LfdimCGgTCDNSqPre7G9G2S0DGc=
51,102,nhvXhuXP657dgdodAFGt3fEWruw=,LfdimCGgTCDNSqPre7G9G2S0DGc=
53,97,nhvXhuXP657dgdodAFGt3fEWruw=,LfdimCGgTCDNSqPre7G9G2S0DGc=
54,97,nhvXhuXP657dgdodAFGt3fEWruw=,LfdimCGgTCDNSqPre7G9G2S0DGc=
50,102,nhvXhuXP657dgdodAFGt3fEWruw=,LfdimCGgTCDNSqPre7G9G2S0DGc=
62,101,nhvXhuXP657dgdodAFGt3fEWruw=,LfdimCGgTCDNSqPre7G9G2S0DGc=
55,97,nhvXhuXP657dgdodAFGt3fEWruw=,LfdimCGgTCDNSqPre7G9G2S0DGc=
61,101,nhvXhuXP657dgdodAFGt3fEWruw=,LfdimCGgTCDNSqPre7G9G2S0DGc=
56,97,nhvXhuXP657dgdodAFGt3fEWruw=,LfdimCGgTCDNSqPre7G9G2S0DGc=
60,101,nhvXhuXP657dgdodAFGt3fEWruw=,LfdimCGgTCDNSqPre7G9G2S0DGc=
59,101,nhvXhuXP657dgdodAFGt3fEWruw=,LfdimCGgTCDNSqPre7G9G2S0DGc=
57,97,nhvXhuXP657dgdodAFGt3fEWruw=,LfdimCGgTCDNSqPre7G9G2S0DGc=
58,101,nhvXhuXP657dgdodAFGt3fEWruw=,LfdimCGgTCDNSqPre7G9G2S0DGc=
58,97,nhvXhuXP657dgdodAFGt3fEWruw=,LfdimCGgTCDNSqPre7G9G2S0DGc=
49,102,nhvXhuXP657dgdodAFGt3fEWruw=,LfdimCGgTCDNSqPre7G9G2S0DGc=
56,101,nhvXhuXP657dgdodAFGt3fEWruw=,LfdimCGgTCDNSqPre7G9G2S0DGc=
59,97,nhvXhuXP657dgdodAFGt3fEWruw=,LfdimCGgTCDNSqPre7G9G2S0DGc=
54,101,nhvXhuXP657dgdodAFGt3fEWruw=,LfdimCGgTCDNSqPre7G9G2S0DGc=
60,97,nhvXhuXP657dgdodAFGt3fEWruw=,LfdimCGgTCDNSqPre7G9G2S0DGc=
53,101,nhvXhuXP657dgdodAFGt3fEWruw=,LfdimCGgTCDNSqPre7G9G2S0DGc=
55,101,nhvXhuXP657dgdodAFGt3fEWruw=,LfdimCGgTCDNSqPre7G9G2S0DGc=
61,97,nhvXhuXP657dgdodAFGt3fEWruw=,LfdimCGgTCDNSqPre7G9G2S0DGc=
52,101,nhvXhuXP657dgdodAFGt3fEWruw=,LfdimCGgTCDNSqPre7G9G2S0DGc=
57,101,nhvXhuXP657dgdodAFGt3fEWruw=,LfdimCGgTCDNSqPre7G9G2S0DGc=
49,96,nhvXhuXP657dgdodAFGt3fEWruw=,LfdimCGgTCDNSqPre7G9G2S0DGc=
51,101,nhvXhuXP657dgdodAFGt3fEWruw=,LfdimCGgTCDNSqPre7G9G2S0DGc=
49,101,nhvXhuXP657dgdodAFGt3fEWruw=,LfdimCGgTCDNSqPre7G9G2S0DGc=
50,101,nhvXhuXP657dgdodAFGt3fEWruw=,LfdimCGgTCDNSqPre7G9G2S0DGc=
48,101,nhvXhuXP657dgdodAFGt3fEWruw=,LfdimCGgTCDNSqPre7G9G2S0DGc=
53,96,nhvXhuXP657dgdodAFGt3fEWruw=,LfdimCGgTCDNSqPre7G9G2S0DGc=
62,97,nhvXhuXP657dgdodAFGt3fEWruw=,LfdimCGgTCDNSqPre7G9G2S0DGc=
63,100,nhvXhuXP657dgdodAFGt3fEWruw=,LfdimCGgTCDNSqPre7G9G2S0DGc=
62,100,nhvXhuXP657dgdodAFGt3fEWruw=,LfdimCGgTCDNSqPre7G9G2S0DGc=
60,100,nhvXhuXP657dgdodAFGt3fEWruw=,LfdimCGgTCDNSqPre7G9G2S0DGc=
61,100,nhvXhuXP657dgdodAFGt3fEWruw=,LfdimCGgTCDNSqPre7G9G2S0DGc=
63,97,nhvXhuXP657dgdodAFGt3fEWruw=,LfdimCGgTCDNSqPre7G9G2S0DGc=
59,100,nhvXhuXP657dgdodAFGt3fEWruw=,LfdimCGgTCDNSqPre7G9G2S0DGc=
58,100,nhvXhuXP657dgdodAFGt3fEWruw=,LfdimCGgTCDNSqPre7G9G2S0DGc=
57,100,nhvXhuXP657dgdodAFGt3fEWruw=,LfdimCGgTCDNSqPre7G9G2S0DGc=
48,102,nhvXhuXP657dgdodAFGt3fEWruw=,LfdimCGgTCDNSqPre7G9G2S0DGc=
56,100,nhvXhuXP657dgdodAFGt3fEWruw=,LfdimCGgTCDNSqPre7G9G2S0DGc=
55,100,nhvXhuXP657dgdodAFGt3fEWruw=,LfdimCGgTCDNSqPre7G9G2S0DGc=
54,100,nhvXhuXP657dgdodAFGt3fEWruw=,LfdimCGgTCDNSqPre7G9G2S0DGc=
52,100,nhvXhuXP657dgdodAFGt3fEWruw=,LfdimCGgTCDNSqPre7G9G2S0DGc=
53,100,nhvXhuXP657dgdodAFGt3fEWruw=,LfdimCGgTCDNSqPre7G9G2S0DGc=
49,100,nhvXhuXP657dgdodAFGt3fEWruw=,LfdimCGgTCDNSqPre7G9G2S0DGc=
50,100,nhvXhuXP657dgdodAFGt3fEWruw=,LfdimCGgTCDNSqPre7G9G2S0DGc=
51,100,nhvXhuXP657dgdodAFGt3fEWruw=,LfdimCGgTCDNSqPre7G9G2S0DGc=
48,100,nhvXhuXP657dgdodAFGt3fEWruw=,LfdimCGgTCDNSqPre7G9G2S0DGc=
52,96,nhvXhuXP657dgdodAFGt3fEWruw=,LfdimCGgTCDNSqPre7G9G2S0DGc=
61,99,nhvXhuXP657dgdodAFGt3fEWruw=,LfdimCGgTCDNSqPre7G9G2S0DGc=
63,99,nhvXhuXP657dgdodAFGt3fEWruw=,LfdimCGgTCDNSqPre7G9G2S0DGc=
62,99,nhvXhuXP657dgdodAFGt3fEWruw=,LfdimCGgTCDNSqPre7G9G2S0DGc=
59,99,nhvXhuXP657dgdodAFGt3fEWruw=,LfdimCGgTCDNSqPre7G9G2S0DGc=
58,99,nhvXhuXP657dgdodAFGt3fEWruw=,LfdimCGgTCDNSqPre7G9G2S0DGc=
56,99,nhvXhuXP657dgdodAFGt3fEWruw=,LfdimCGgTCDNSqPre7G9G2S0DGc=
57,99,nhvXhuXP657dgdodAFGt3fEWruw=,LfdimCGgTCDNSqPre7G9G2S0DGc=
55,99,nhvXhuXP657dgdodAFGt3fEWruw=,LfdimCGgTCDNSqPre7G9G2S0DGc=
52,99,nhvXhuXP657dgdodAFGt3fEWruw=,LfdimCGgTCDNSqPre7G9G2S0DGc=
53,99,nhvXhuXP657dgdodAFGt3fEWruw=,LfdimCGgTCDNSqPre7G9G2S0DGc=
54,99,nhvXhuXP657dgdodAFGt3fEWruw=,LfdimCGgTCDNSqPre7G9G2S0DGc=
51,99,nhvXhuXP657dgdodAFGt3fEWruw=,LfdimCGgTCDNSqPre7G9G2S0DGc=
48,99,nhvXhuXP657dgdodAFGt3fEWruw=,LfdimCGgTCDNSqPre7G9G2S0DGc=
49,99,nhvXhuXP657dgdodAFGt3fEWruw=,LfdimCGgTCDNSqPre7G9G2S0DGc=
51,96,nhvXhuXP657dgdodAFGt3fEWruw=,LfdimCGgTCDNSqPre7G9G2S0DGc=
63,98,nhvXhuXP657dgdodAFGt3fEWruw=,LfdimCGgTCDNSqPre7G9G2S0DGc=
50,99,nhvXhuXP657dgdodAFGt3fEWruw=,LfdimCGgTCDNSqPre7G9G2S0DGc=
62,98,nhvXhuXP657dgdodAFGt3fEWruw=,LfdimCGgTCDNSqPre7G9G2S0DGc=
60,98,nhvXhuXP657dgdodAFGt3fEWruw=,LfdimCGgTCDNSqPre7G9G2S0DGc=
54,96,nhvXhuXP657dgdodAFGt3fEWruw=,LfdimCGgTCDNSqPre7G9G2S0DGc=
61,98,nhvXhuXP657dgdodAFGt3fEWruw=,LfdimCGgTCDNSqPre7G9G2S0DGc=
58,98,nhvXhuXP657dgdodAFGt3fEWruw=,LfdimCGgTCDNSqPre7G9G2S0DGc=
59,98,nhvXhuXP657dgdodAFGt3fEWruw=,LfdimCGgTCDNSqPre7G9G2S0DGc=
56,98,nhvXhuXP657dgdodAFGt3fEWruw=,LfdimCGgTCDNSqPre7G9G2S0DGc=
57,98,nhvXhuXP657dgdodAFGt3fEWruw=,LfdimCGgTCDNSqPre7G9G2S0DGc=
55,98,nhvXhuXP657dgdodAFGt3fEWruw=,LfdimCGgTCDNSqPre7G9G2S0DGc=
54,98,nhvXhuXP657dgdodAFGt3fEWruw=,LfdimCGgTCDNSqPre7G9G2S0DGc=
53,98,nhvXhuXP657dgdodAFGt3fEWruw=,LfdimCGgTCDNSqPre7G9G2S0DGc=
52,98,nhvXhuXP657dgdodAFGt3fEWruw=,LfdimCGgTCDNSqPre7G9G2S0DGc=
51,98,nhvXhuXP657dgdodAFGt3fEWruw=,LfdimCGgTCDNSqPre7G9G2S0DGc=
49,98,nhvXhuXP657dgdodAFGt3fEWruw=,LfdimCGgTCDNSqPre7G9G2S0DGc=
50,98,nhvXhuXP657dgdodAFGt3fEWruw=,LfdimCGgTCDNSqPre7G9G2S0DGc=
48,98,nhvXhuXP657dgdodAFGt3fEWruw=,LfdimCGgTCDNSqPre7G9G2S0DGc=
63,101,nhvXhuXP657dgdodAFGt3fEWruw=,LfdimCGgTCDNSqPre7G9G2S0DGc=
60,99,nhvXhuXP657dgdodAFGt3fEWruw=,LfdimCGgTCDNSqPre7G9G2S0DGc=
50,96,nhvXhuXP657dgdodAFGt3fEWruw=,LfdimCGgTCDNSqPre7G9G2S0DGc=
63,111,nhvXhuXP657dgdodAFGt3fEWruw=,LfdimCGgTCDNSqPre7G9G2S0DGc=
32,113,nhvXhuXP657dgdodAFGt3fEWruw=,LfdimCGgTCDNSqPre7G9G2S0DGc=
33,113,nhvXhuXP657dgdodAFGt3fEWruw=,LfdimCGgTCDNSqPre7G9G2S0DGc=
32,112,s0s043CwBwpGri57Lx/+9hx0wzM=,LfdimCGgTCDNSqPre7G9G2S0DGc=
34,113,s0s043CwBwpGri57Lx/+9hx0wzM=,LfdimCGgTCDNSqPre7G9G2S0DGc=
47,112,s0s043CwBwpGri57Lx/+9hx0wzM=,LfdimCGgTCDNSqPre7G9G2S0DGc=
47,127,s0s043CwBwpGri57Lx/+9hx0wzM=,LfdimCGgTCDNSqPre7G9G2S0DGc=
45,127,s0s043CwBwpGri57Lx/+9hx0wzM=,LfdimCGgTCDNSqPre7G9G2S0DGc=
43,127,s0s043CwBwpGri57Lx/+9hx0wzM=,LfdimCGgTCDNSqPre7G9G2S0DGc=
46,127,s0s043CwBwpGri57Lx/+9hx0wzM=,LfdimCGgTCDNSqPre7G9G2S0DGc=
44,127,s0s043CwBwpGri57Lx/+9hx0wzM=,LfdimCGgTCDNSqPre7G9G2S0DGc=
41,127,s0s043CwBwpGri57Lx/+9hx0wzM=,LfdimCGgTCDNSqPre7G9G2S0DGc=
42,127,s0s043CwBwpGri57Lx/+9hx0wzM=,LfdimCGgTCDNSqPre7G9G2S0DGc=
39,127,s0s043CwBwpGri57Lx/+9hx0wzM=,LfdimCGgTCDNSqPre7G9G2S0DGc=
38,127,s0s043CwBwpGri57Lx/+9hx0wzM=,LfdimCGgTCDNSqPre7G9G2S0DGc=
37,127,s0s043CwBwpGri57Lx/+9hx0wzM=,LfdimCGgTCDNSqPre7G9G2S0DGc=
35,127,s0s043CwBwpGri57Lx/+9hx0wzM=,LfdimCGgTCDNSqPre7G9G2S0DGc=
36,127,s0s043CwBwpGri57Lx/+9hx0wzM=,LfdimCGgTCDNSqPre7G9G2S0DGc=
33,127,s0s043CwBwpGri57Lx/+9hx0wzM=,LfdimCGgTCDNSqPre7G9G2S0DGc=
47,126,s0s043CwBwpGri57Lx/+9hx0wzM=,LfdimCGgTCDNSqPre7G9G2S0DGc=
46,126,s0s043CwBwpGri57Lx/+9hx0wzM=,LfdimCGgTCDNSqPre7G9G2S0DGc=
45,126,s0s043CwBwpGri57Lx/+9hx0wzM=,LfdimCGgTCDNSqPre7G9G2S0DGc=
46,112,s0s043CwBwpGri57Lx/+9hx0wzM=,LfdimCGgTCDNSqPre7G9G2S0DGc=
44,126,s0s043CwBwpGri57Lx/+9hx0wzM=,LfdimCGgTCDNSqPre7G9G2S0DGc=
43,126,s0s043CwBwpGri57Lx/+9hx0wzM=,LfdimCGgTCDNSqPre7G9G2S0DGc=
42,126,s0s043CwBwpGri57Lx/+9hx0wzM=,LfdimCGgTCDNSqPre7G9G2S0DGc=
34,127,s0s043CwBwpGri57Lx/+9hx0wzM=,LfdimCGgTCDNSqPre7G9G2S0DGc=
41,126,s0s043CwBwpGri57Lx/+9hx0wzM=,LfdimCGgTCDNSqPre7G9G2S0DGc=
40,126,s0s043CwBwpGri57Lx/+9hx0wzM=,LfdimCGgTCDNSqPre7G9G2S0DGc=
39,126,s0s043CwBwpGri57Lx/+9hx0wzM=,LfdimCGgTCDNSqPre7G9G2S0DGc=
38,126,s0s043CwBwpGri57Lx/+9hx0wzM=,LfdimCGgTCDNSqPre7G9G2S0DGc=
36,126,s0s043CwBwpGri57Lx/+9hx0wzM=,LfdimCGgTCDNSqPre7G9G2S0DGc=
37,126,s0s043CwBwpGri57Lx/+9hx0wzM=,LfdimCGgTCDNSqPre7G9G2S0DGc=
35,126,s0s043CwBwpGri57Lx/+9hx0wzM=,LfdimCGgTCDNSqPre7G9G2S0DGc=
33,126,s0s043CwBwpGri57Lx/+9hx0wzM=,LfdimCGgTCDNSqPre7G9G2S0DGc=
45,112,s0s043CwBwpGri57Lx/+9hx0wzM=,LfdimCGgTCDNSqPre7G9G2S0DGc=
34,126,s0s043CwBwpGri57Lx/+9hx0wzM=,LfdimCGgTCDNSqPre7G9G2S0DGc=
32,126,s0s043CwBwpGri57Lx/+9hx0wzM=,LfdimCGgTCDNSqPre7G9G2S0DGc=
47,125,s0s043CwBwpGri57Lx/+9hx0wzM=,LfdimCGgTCDNSqPre7G9G2S0DGc=
46,125,s0s043CwBwpGri57Lx/+9hx0wzM=,LfdimCGgTCDNSqPre7G9G2S0DGc=
45,125,s0s043CwBwpGri57Lx/+9hx0wzM=,LfdimCGgTCDNSqPre7G9G2S0DGc=
44,125,s0s043CwBwpGri57Lx/+9hx0wzM=,LfdimCGgTCDNSqPre7G9G2S0DGc=
42,125,s0s043CwBwpGri57Lx/+9hx0wzM=,LfdimCGgTCDNSqPre7G9G2S0DGc=
43,125,s0s043CwBwpGri57Lx/+9hx0wzM=,LfdimCGgTCDNSqPre7G9G2S0DGc=
41,125,s0s043CwBwpGri57Lx/+9hx0wzM=,LfdimCGgTCDNSqPre7G9G2S0DGc=
39,125,s0s043CwBwpGri57Lx/+9hx0wzM=,LfdimCGgTCDNSqPre7G9G2S0DGc=
40,125,s0s043CwBwpGri57Lx/+9hx0wzM=,LfdimCGgTCDNSqPre7G9G2S0DGc=
38,125,s0s043CwBwpGri57Lx/+9hx0wzM=,LfdimCGgTCDNSqPre7G9G2S0DGc=
37,125,s0s043CwBwpGri57Lx/+9hx0wzM=,LfdimCGgTCDNSqPre7G9G2S0DGc=
35,125,s0s043CwBwpGri57Lx/+9hx0wzM=,LfdimCGgTCDNSqPre7G9G2S0DGc=
36,125,s0s043CwBwpGri57Lx/+9hx0wzM=,LfdimCGgTCDNSqPre7G9G2S0DGc=
34,125,s0s043CwBwpGri57Lx/+9hx0wzM=,LfdimCGgTCDNSqPre7G9G2S0DGc=
33,125,s0s043CwBwpGri57Lx/+9hx0wzM=,LfdimCGgTCDNSqPre7G9G2S0DGc=
44,112,s0s043CwBwpGri57Lx/+9hx0wzM=,LfdimCGgTCDNSqPre7G9G2S0DGc=
32,125,s0s043CwBwpGri57Lx/+9hx0wzM=,LfdimCGgTCDNSqPre7G9G2S0DGc=
46,124,s0s043CwBwpGri57Lx/+9hx0wzM=,LfdimCGgTCDNSqPre7G9G2S0DGc=
45,124,s0s043CwBwpGri57Lx/+9hx0wzM=,LfdimCGgTCDNSqPre7G9G2S0DGc=
47,124,s0s043CwBwpGri57Lx/+9hx0wzM=,LfdimCGgTCDNSqPre7G9G2S0DGc=
44,124,s0s043CwBwpGri57Lx/+9hx0wzM=,LfdimCGgTCDNSqPre7G9G2S0DGc=
43,124,s0s043CwBwpGri57Lx/+9hx0wzM=,LfdimCGgTCDNSqPre7G9G2S0DGc=
41,124,s0s043CwBwpGri57Lx/+9hx0wzM=,LfdimCGgTCDNSqPre7G9G2S0DGc=
42,124,s0s043CwBwpGri57Lx/+9hx0wzM=,LfdimCGgTCDNSqPre7G9G2S0DGc=
40,124,s0s043CwBwpGri57Lx/+9hx0wzM=,LfdimCGgTCDNSqPre7G9G2S0DGc=
39,124,s0s043CwBwpGri57Lx/+9hx0wzM=,LfdimCGgTCDNSqPre7G9G2S0DGc=
38,124,s0s043CwBwpGri57Lx/+9hx0wzM=,LfdimCGgTCDNSqPre7G9G2S0DGc=
37,124,s0s043CwBwpGri57Lx/+9hx0wzM=,LfdimCGgTCDNSqPre7G9G2S0DGc=
36,124,s0s043CwBwpGri57Lx/+9hx0wzM=,LfdimCGgTCDNSqPre7G9G2S0DGc=
35,124,s0s043CwBwpGri57Lx/+9hx0wzM=,LfdimCGgTCDNSqPre7G9G2S0DGc=
33,124,s0s043CwBwpGri57Lx/+9hx0wzM=,LfdimCGgTCDNSqPre7G9G2S0DGc=
34,124,s0s043CwBwpGri57Lx/+9hx0wzM=,LfdimCGgTCDNSqPre7G9G2S0DGc=
43,112,s0s043CwBwpGri57Lx/+9hx0wzM=,LfdimCGgTCDNSqPre7G9G2S0DGc=
32,124,s0s043CwBwpGri57Lx/+9hx0wzM=,LfdimCGgTCDNSqPre7G9G2S0DGc=
47,123,s0s043CwBwpGri57Lx/+9hx0wzM=,LfdimCGgTCDNSqPre7G9G2S0DGc=
46,123,s0s043CwBwpGri57Lx/+9hx0wzM=,LfdimCGgTCDNSqPre7G9G2S0DGc=
45,123,s0s043CwBwpGri57Lx/+9hx0wzM=,LfdimCGgTCDNSqPre7G9G2S0DGc=
43,123,s0s043CwBwpGri57Lx/+9hx0wzM=,LfdimCGgTCDNSqPre7G9G2S0DGc=
44,123,s0s043CwBwpGri57Lx/+9hx0wzM=,LfdimCGgTCDNSqPre7G9G2S0DGc=
42,123,s0s043CwBwpGri57Lx/+9hx0wzM=,LfdimCGgTCDNSqPre7G9G2S0DGc=
41,123,s0s043CwBwpGri57Lx/+9hx0wzM=,LfdimCGgTCDNSqPre7G9G2S0DGc=
40,123,s0s043CwBwpGri57Lx/+9hx0wzM=,LfdimCGgTCDNSqPre7G9G2S0DGc=
39,123,s0s043CwBwpGri57Lx/+9hx0wzM=,LfdimCGgTCDNSqPre7G9G2S0DGc=
38,123,s0s043CwBwpGri57Lx/+9hx0wzM=,LfdimCGgTCDNSqPre7G9G2S0DGc=
37,123,s0s043CwBwpGri57Lx/+9hx0wzM=,LfdimCGgTCDNSqPre7G9G2S0DGc=
35,123,s0s043CwBwpGri57Lx/+9hx0wzM=,LfdimCGgTCDNSqPre7G9G2S0DGc=
34,123,s0s043CwBwpGri57Lx/+9hx0wzM=,LfdimCGgTCDNSqPre7G9G2S0DGc=
36,123,s0s043CwBwpGri57Lx/+9hx0wzM=,LfdimCGgTCDNSqPre7G9G2S0DGc=
42,112,s0s043CwBwpGri57Lx/+9hx0wzM=,LfdimCGgTCDNSqPre7G9G2S0DGc=
33,123,s0s043CwBwpGri57Lx/+9hx0wzM=,LfdimCGgTCDNSqPre7G9G2S0DGc=
32,123,s0s043CwBwpGri57Lx/+9hx0wzM=,LfdimCGgTCDNSqPre7G9G2S0DGc=
47,122,s0s043CwBwpGri57Lx/+9hx0wzM=,LfdimCGgTCDNSqPre7G9G2S0DGc=
46,122,s0s043CwBwpGri57Lx/+9hx0wzM=,LfdimCGgTCDNSqPre7G9G2S0DGc=
45,122,s0s043CwBwpGri57Lx/+9hx0wzM=,LfdimCGgTCDNSqPre7G9G2S0DGc=
44,122,s0s043CwBwpGri57Lx/+9hx0wzM=,LfdimCGgTCDNSqPre7G9G2S0DGc=
42,122,s0s043CwBwpGri57Lx/+9hx0wzM=,LfdimCGgTCDNSqPre7G9G2S0DGc=
43,122,s0s043CwBwpGri57Lx/+9hx0wzM=,LfdimCGgTCDNSqPre7G9G2S0DGc=
41,122,s0s043CwBwpGri57Lx/+9hx0wzM=,LfdimCGgTCDNSqPre7G9G2S0DGc=
40,122,s0s043CwBwpGri57Lx/+9hx0wzM=,LfdimCGgTCDNSqPre7G9G2S0DGc=
39,122,s0s043CwBwpGri57Lx/+9hx0wzM=,LfdimCGgTCDNSqPre7G9G2S0DGc=
38,122,s0s043CwBwpGri57Lx/+9hx0wzM=,LfdimCGgTCDNSqPre7G9G2S0DGc=
37,122,s0s043CwBwpGri57Lx/+9hx0wzM=,LfdimCGgTCDNSqPre7G9G2S0DGc=
36,122,s0s043CwBwpGri57Lx/+9hx0wzM=,LfdimCGgTCDNSqPre7G9G2S0DGc=
35,122,s0s043CwBwpGri57Lx/+9hx0wzM=,LfdimCGgTCDNSqPre7G9G2S0DGc=
33,122,s0s043CwBwpGri57Lx/+9hx0wzM=,LfdimCGgTCDNSqPre7G9G2S0DGc=
41,112,s0s043CwBwpGri57Lx/+9hx0wzM=,LfdimCGgTCDNSqPre7G9G2S0DGc=
34,122,s0s043CwBwpGri57Lx/+9hx0wzM=,LfdimCGgTCDNSqPre7G9G2S0DGc=
32,122,s0s043CwBwpGri57Lx/+9hx0wzM=,LfdimCGgTCDNSqPre7G9G2S0DGc=
47,121,s0s043CwBwpGri57Lx/+9hx0wzM=,LfdimCGgTCDNSqPre7G9G2S0DGc=
46,121,s0s043CwBwpGri57Lx/+9hx0wzM=,LfdimCGgTCDNSqPre7G9G2S0DGc=
45,121,s0s043CwBwpGri57Lx/+9hx0wzM=,LfdimCGgTCDNSqPre7G9G2S0DGc=
43,121,s0s043CwBwpGri57Lx/+9hx0wzM=,LfdimCGgTCDNSqPre7G9G2S0DGc=
42,121,s0s043CwBwpGri57Lx/+9hx0wzM=,LfdimCGgTCDNSqPre7G9G2S0DGc=
41,121,s0s043CwBwpGri57Lx/+9hx0wzM=,LfdimCGgTCDNSqPre7G9G2S0DGc=
39,121,s0s043CwBwpGri57Lx/+9hx0wzM=,LfdimCGgTCDNSqPre7G9G2S0DGc=
44,121,s0s043CwBwpGri57Lx/+9hx0wzM=,LfdimCGgTCDNSqPre7G9G2S0DGc=
40,121,s0s043CwBwpGri57Lx/+9hx0wzM=,LfdimCGgTCDNSqPre7G9G2S0DGc=
38,121,s0s043CwBwpGri57Lx/+9hx0wzM=,LfdimCGgTCDNSqPre7G9G2S0DGc=
36,121,s0s043CwBwpGri57Lx/+9hx0wzM=,LfdimCGgTCDNSqPre7G9G2S0DGc=
37,121,s0s043CwBwpGri57Lx/+9hx0wzM=,LfdimCGgTCDNSqPre7G9G2S0DGc=
34,121,s0s043CwBwpGri57Lx/+9hx0wzM=,LfdimCGgTCDNSqPre7G9G2S0DGc=
35,121,s0s043CwBwpGri57Lx/+9hx0wzM=,LfdimCGgTCDNSqPre7G9G2S0DGc=
33,121,s0s043CwBwpGri57Lx/+9hx0wzM=,LfdimCGgTCDNSqPre7G9G2S0DGc=
40,112,s0s043CwBwpGri57Lx/+9hx0wzM=,LfdimCGgTCDNSqPre7G9G2S0DGc=
32,121,s0s043CwBwpGri57Lx/+9hx0wzM=,LfdimCGgTCDNSqPre7G9G2S0DGc=
47,120,s0s043CwBwpGri57Lx/+9hx0wzM=,LfdimCGgTCDNSqPre7G9G2S0DGc=
46,120,s0s043CwBwpGri57Lx/+9hx0wzM=,LfdimCGgTCDNSqPre7G9G2S0DGc=
44,120,s0s043CwBwpGri57Lx/+9hx0wzM=,LfdimCGgTCDNSqPre7G9G2S0DGc=
43,120,s0s043CwBwpGri57Lx/+9hx0wzM=,LfdimCGgTCDNSqPre7G9G2S0DGc=
45,120,s0s043CwBwpGri57Lx/+9hx0wzM=,LfdimCGgTCDNSqPre7G9G2S0DGc=
42,120,s0s043CwBwpGri57Lx/+9hx0wzM=,LfdimCGgTCDNSqPre7G9G2S0DGc=
41,120,s0s043CwBwpGri57Lx/+9hx0wzM=,LfdimCGgTCDNSqPre7G9G2S0DGc=
39,120,s0s043CwBwpGri57Lx/+9hx0wzM=,LfdimCGgTCDNSqPre7G9G2S0DGc=
40,120,s0s043CwBwpGri57Lx/+9hx0wzM=,LfdimCGgTCDNSqPre7G9G2S0DGc=
38,120,s0s043CwBwpGri57Lx/+9hx0wzM=,LfdimCGgTCDNSqPre7G9G2S0DGc=
37,120,s0s043CwBwpGri57Lx/+9hx0wzM=,LfdimCGgTCDNSqPre7G9G2S0DGc=
36,120,s0s043CwBwpGri57Lx/+9hx0wzM=,LfdimCGgTCDNSqPre7G9G2S0DGc=
33,120,s0s043CwBwpGri57Lx/+9hx0wzM=,LfdimCGgTCDNSqPre7G9G2S0DGc=
34,120,s0s043CwBwpGri57Lx/+9hx0wzM=,LfdimCGgTCDNSqPre7G9G2S0DGc=
35,120,s0s043CwBwpGri57Lx/+9hx0wzM=,LfdimCGgTCDNSqPre7G9G2S0DGc=
39,112,s0s043CwBwpGri57Lx/+9hx0wzM=,LfdimCGgTCDNSqPre7G9G2S0DGc=
47,119,s0s043CwBwpGri57Lx/+9hx0wzM=,LfdimCGgTCDNSqPre7G9G2S0DGc=
32,120,s0s043CwBwpGri57Lx/+9hx0wzM=,LfdimCGgTCDNSqPre7G9G2S0DGc=
46,119,s0s043CwBwpGri57Lx/+9hx0wzM=,LfdimCGgTCDNSqPre7G9G2S0DGc=
45,119,s0s043CwBwpGri57Lx/+9hx0wzM=,LfdimCGgTCDNSqPre7G9G2S0DGc=
44,119,s0s043CwBwpGri57Lx/+9hx0wzM=,LfdimCGgTCDNSqPre7G9G2S0DGc=
43,119,s0s043CwBwpGri57Lx/+9hx0wzM=,LfdimCGgTCDNSqPre7G9G2S0DGc=
39,119,s0s043CwBwpGri57Lx/+9hx0wzM=,LfdimCGgTCDNSqPre7G9G2S0DGc=
42,119,s0s043CwBwpGri57Lx/+9hx0wzM=,LfdimCGgTCDNSqPre7G9G2S0DGc=
41,119,s0s043CwBwpGri57Lx/+9hx0wzM=,LfdimCGgTCDNSqPre7G9G2S0DGc=
40,119,s0s043CwBwpGri57Lx/+9hx0wzM=,LfdimCGgTCDNSqPre7G9G2S0DGc=
38,119,s0s043CwBwpGri57Lx/+9hx0wzM=,LfdimCGgTCDNSqPre7G9G2S0DGc=
37,119,s0s043CwBwpGri57Lx/+9hx0wzM=,LfdimCGgTCDNSqPre7G9G2S0DGc=
35,119,s0s043CwBwpGri57Lx/+9hx0wzM=,LfdimCGgTCDNSqPre7G9G2S0DGc=
36,119,s0s043CwBwpGri57Lx/+9hx0wzM=,LfdimCGgTCDNSqPre7G9G2S0DGc=
34,119,s0s043CwBwpGri57Lx/+9hx0wzM=,LfdimCGgTCDNSqPre7G9G2S0DGc=
33,119,s0s043CwBwpGri57Lx/+9hx0wzM=,LfdimCGgTCDNSqPre7G9G2S0DGc=
38,112,s0s043CwBwpGri57Lx/+9hx0wzM=,LfdimCGgTCDNSqPre7G9G2S0DGc=
32,119,s0s043CwBwpGri57Lx/+9hx0wzM=,LfdimCGgTCDNSqPre7G9G2S0DGc=
47,118,s0s043CwBwpGri57Lx/+9hx0wzM=,LfdimCGgTCDNSqPre7G9G2S0DGc=
45,118,s0s043CwBwpGri57Lx/+9hx0wzM=,LfdimCGgTCDNSqPre7G9G2S0DGc=
44,118,s0s043CwBwpGri57Lx/+9hx0wzM=,LfdimCGgTCDNSqPre7G9G2S0DGc=
43,118,s0s043CwBwpGri57Lx/+9hx0wzM=,LfdimCGgTCDNSqPre7G9G2S0DGc=
41,118,s0s043CwBwpGri57Lx/+9hx0wzM=,LfdimCGgTCDNSqPre7G9G2S0DGc=
42,118,s0s043CwBwpGri57Lx/+9hx0wzM=,LfdimCGgTCDNSqPre7G9G2S0DGc=
40,118,s0s043CwBwpGri57Lx/+9hx0wzM=,LfdimCGgTCDNSqPre7G9G2S0DGc=
46,118,s0s043CwBwpGri57Lx/+9hx0wzM=,LfdimCGgTCDNSqPre7G9G2S0DGc=
39,118,s0s043CwBwpGri57Lx/+9hx0wzM=,LfdimCGgTCDNSqPre7G9G2S0DGc=
38,118,s0s043CwBwpGri57Lx/+9hx0wzM=,LfdimCGgTCDNSqPre7G9G2S0DGc=
37,118,s0s043CwBwpGri57Lx/+9hx0wzM=,LfdimCGgTCDNSqPre7G9G2S0DGc=
35,118,s0s043CwBwpGri57Lx/+9hx0wzM=,LfdimCGgTCDNSqPre7G9G2S0DGc=
36,118,s0s043CwBwpGri57Lx/+9hx0wzM=,LfdimCGgTCDNSqPre7G9G2S0DGc=
33,118,s0s043CwBwpGri57Lx/+9hx0wzM=,LfdimCGgTCDNSqPre7G9G2S0DGc=
34,118,s0s043CwBwpGri57Lx/+9hx0wzM=,LfdimCGgTCDNSqPre7G9G2S0DGc=
37,112,s0s043CwBwpGri57Lx/+9hx0wzM=,LfdimCGgTCDNSqPre7G9G2S0DGc=
47,117,s0s043CwBwpGri57Lx/+9hx0wzM=,LfdimCGgTCDNSqPre7G9G2S0DGc=
32,118,s0s043CwBwpGri57Lx/+9hx0wzM=,LfdimCGgTCDNSqPre7G9G2S0DGc=
46,117,s0s043CwBwpGri57Lx/+9hx0wzM=,LfdimCGgTCDNSqPre7G9G2S0DGc=
45,117,s0s043CwBwpGri57Lx/+9hx0wzM=,LfdimCGgTCDNSqPre7G9G2S0DGc=
43,117,s0s043CwBwpGri57Lx/+9hx0wzM=,LfdimCGgTCDNSqPre7G9G2S0DGc=
44,117,s0s043CwBwpGri57Lx/+9hx0wzM=,LfdimCGgTCDNSqPre7G9G2S0DGc=
41,117,s0s043CwBwpGri57Lx/+9hx0wzM=,LfdimCGgTCDNSqPre7G9G2S0DGc=
40,117,s0s043CwBwpGri57Lx/+9hx0wzM=,LfdimCGgTCDNSqPre7G9G2S0DGc=
42,117,s0s043CwBwpGri57Lx/+9hx0wzM=,LfdimCGgTCDNSqPre7G9G2S0DGc=
38,117,s0s043CwBwpGri57Lx/+9hx0wzM=,LfdimCGgTCDNSqPre7G9G2S0DGc=
39,117,s0s043CwBwpGri57Lx/+9hx0wzM=,LfdimCGgTCDNSqPre7G9G2S0DGc=
36,117,s0s043CwBwpGri57Lx/+9hx0wzM=,LfdimCGgTCDNSqPre7G9G2S0DGc=
37,117,s0s043CwBwpGri57Lx/+9hx0wzM=,LfdimCGgTCDNSqPre7G9G2S0DGc=
34,117,s0s043CwBwpGri57Lx/+9hx0wzM=,LfdimCGgTCDNSqPre7G9G2S0DGc=
35,117,s0s043CwBwpGri57Lx/+9hx0wzM=,LfdimCGgTCDNSqPre7G9G2S0DGc=
36,112,s0s043CwBwpGri57Lx/+9hx0wzM=,LfdimCGgTCDNSqPre7G9G2S0DGc=
33,117,s0s043CwBwpGri57Lx/+9hx0wzM=,LfdimCGgTCDNSqPre7G9G2S0DGc=
32,117,s0s043CwBwpGri57Lx/+9hx0wzM=,LfdimCGgTCDNSqPre7G9G2S0DGc=
47,116,s0s043CwBwpGri57Lx/+9hx0wzM=,LfdimCGgTCDNSqPre7G9G2S0DGc=
46,116,s0s043CwBwpGri57Lx/+9hx0wzM=,LfdimCGgTCDNSqPre7G9G2S0DGc=
45,116,s0s043CwBwpGri57Lx/+9hx0wzM=,LfdimCGgTCDNSqPre7G9G2S0DGc=
42,116,s0s043CwBwpGri57Lx/+9hx0wzM=,LfdimCGgTCDNSqPre7G9G2S0DGc=
40,116,s0s043CwBwpGri57Lx/+9hx0wzM=,LfdimCGgTCDNSqPre7G9G2S0DGc=
41,116,s0s043CwBwpGri57Lx/+9hx0wzM=,LfdimCGgTCDNSqPre7G9G2S0DGc=
39,116,s0s043CwBwpGri57Lx/+9hx0wzM=,LfdimCGgTCDNSqPre7G9G2S0DGc=
38,116,s0s043CwBwpGri57Lx/+9hx0wzM=,LfdimCGgTCDNSqPre7G9G2S0DGc=
37,116,s0s043CwBwpGri57Lx/+9hx0wzM=,LfdimCGgTCDNSqPre7G9G2S0DGc=
35,116,s0s043CwBwpGri57Lx/+9hx0wzM=,LfdimCGgTCDNSqPre7G9G2S0DGc=
43,116,s0s043CwBwpGri57Lx/+9hx0wzM=,LfdimCGgTCDNSqPre7G9G2S0DGc=
36,116,s0s043CwBwpGri57Lx/+9hx0wzM=,LfdimCGgTCDNSqPre7G9G2S0DGc=
34,116,s0s043CwBwpGri57Lx/+9hx0wzM=,LfdimCGgTCDNSqPre7G9G2S0DGc=
33,116,s0s043CwBwpGri57Lx/+9hx0wzM=,LfdimCGgTCDNSqPre7G9G2S0DGc=
35,112,s0s043CwBwpGri57Lx/+9hx0wzM=,LfdimCGgTCDNSqPre7G9G2S0DGc=
32,116,s0s043CwBwpGri57Lx/+9hx0wzM=,LfdimCGgTCDNSqPre7G9G2S0DGc=
46,115,s0s043CwBwpGri57Lx/+9hx0wzM=,LfdimCGgTCDNSqPre7G9G2S0DGc=
47,115,s0s043CwBwpGri57Lx/+9hx0wzM=,LfdimCGgTCDNSqPre7G9G2S0DGc=
45,115,s0s043CwBwpGri57Lx/+9hx0wzM=,LfdimCGgTCDNSqPre7G9G2S0DGc=
42,115,s0s043CwBwpGri57Lx/+9hx0wzM=,LfdimCGgTCDNSqPre7G9G2S0DGc=
44,115,s0s043CwBwpGri57Lx/+9hx0wzM=,LfdimCGgTCDNSqPre7G9G2S0DGc=
43,115,s0s043CwBwpGri57Lx/+9hx0wzM=,LfdimCGgTCDNSqPre7G9G2S0DGc=
41,115,s0s043CwBwpGri57Lx/+9hx0wzM=,LfdimCGgTCDNSqPre7G9G2S0DGc=
40,115,s0s043CwBwpGri57Lx/+9hx0wzM=,LfdimCGgTCDNSqPre7G9G2S0DGc=
44,116,s0s043CwBwpGri57Lx/+9hx0wzM=,LfdimCGgTCDNSqPre7G9G2S0DGc=
39,115,s0s043CwBwpGri57Lx/+9hx0wzM=,LfdimCGgTCDNSqPre7G9G2S0DGc=
38,115,s0s043CwBwpGri57Lx/+9hx0wzM=,LfdimCGgTCDNSqPre7G9G2S0DGc=
37,115,s0s043CwBwpGri57Lx/+9hx0wzM=,LfdimCGgTCDNSqPre7G9G2S0DGc=
36,115,s0s043CwBwpGri57Lx/+9hx0wzM=,LfdimCGgTCDNSqPre7G9G2S0DGc=
34,112,s0s043CwBwpGri57Lx/+9hx0wzM=,LfdimCGgTCDNSqPre7G9G2S0DGc=
34,115,s0s043CwBwpGri57Lx/+9hx0wzM=,LfdimCGgTCDNSqPre7G9G2S0DGc=
35,115,s0s043CwBwpGri57Lx/+9hx0wzM=,LfdimCGgTCDNSqPre7G9G2S0DGc=
33,115,s0s043CwBwpGri57Lx/+9hx0wzM=,LfdimCGgTCDNSqPre7G9G2S0DGc=
32,115,s0s043CwBwpGri57Lx/+9hx0wzM=,LfdimCGgTCDNSqPre7G9G2S0DGc=
47,114,s0s043CwBwpGri57Lx/+9hx0wzM=,LfdimCGgTCDNSqPre7G9G2S0DGc=
46,114,s0s043CwBwpGri57Lx/+9hx0wzM=,LfdimCGgTCDNSqPre7G9G2S0DGc=
44,114,s0s043CwBwpGri57Lx/+9hx0wzM=,LfdimCGgTCDNSqPre7G9G2S0DGc=
43,114,s0s043CwBwpGri57Lx/+9hx0wzM=,LfdimCGgTCDNSqPre7G9G2S0DGc=
45,114,s0s043CwBwpGri57Lx/+9hx0wzM=,LfdimCGgTCDNSqPre7G9G2S0DGc=
40,114,s0s043CwBwpGri57Lx/+9hx0wzM=,LfdimCGgTCDNSqPre7G9G2S0DGc=
41,114,s0s043CwBwpGri57Lx/+9hx0wzM=,LfdimCGgTCDNSqPre7G9G2S0DGc=
39,114,s0s043CwBwpGri57Lx/+9hx0wzM=,LfdimCGgTCDNSqPre7G9G2S0DGc=
38,114,s0s043CwBwpGri57Lx/+9hx0wzM=,LfdimCGgTCDNSqPre7G9G2S0DGc=
37,114,s0s043CwBwpGri57Lx/+9hx0wzM=,LfdimCGgTCDNSqPre7G9G2S0DGc=
36,114,s0s043CwBwpGri57Lx/+9hx0wzM=,LfdimCGgTCDNSqPre7G9G2S0DGc=
34,114,s0s043CwBwpGri57Lx/+9hx0wzM=,LfdimCGgTCDNSqPre7G9G2S0DGc=
35,114,s0s043CwBwpGri57Lx/+9hx0wzM=,LfdimCGgTCDNSqPre7G9G2S0DGc=
32,114,s0s043CwBwpGri57Lx/+9hx0wzM=,LfdimCGgTCDNSqPre7G9G2S0DGc=
33,112,s0s043CwBwpGri57Lx/+9hx0wzM=,LfdimCGgTCDNSqPre7G9G2S0DGc=
33,114,s0s043CwBwpGri57Lx/+9hx0wzM=,LfdimCGgTCDNSqPre7G9G2S0DGc=
46,113,s0s043CwBwpGri57Lx/+9hx0wzM=,LfdimCGgTCDNSqPre7G9G2S0DGc=
47,113,s0s043CwBwpGri57Lx/+9hx0wzM=,LfdimCGgTCDNSqPre7G9G2S0DGc=
45,113,s0s043CwBwpGri57Lx/+9hx0wzM=,LfdimCGgTCDNSqPre7G9G2S0DGc=
44,113,s0s043CwBwpGri57Lx/+9hx0wzM=,LfdimCGgTCDNSqPre7G9G2S0DGc=
42,113,s0s043CwBwpGri57Lx/+9hx0wzM=,LfdimCGgTCDNSqPre7G9G2S0DGc=
41,113,s0s043CwBwpGri57Lx/+9hx0wzM=,LfdimCGgTCDNSqPre7G9G2S0DGc=
40,113,s0s043CwBwpGri57Lx/+9hx0wzM=,LfdimCGgTCDNSqPre7G9G2S0DGc=
39,113,s0s043CwBwpGri57Lx/+9hx0wzM=,LfdimCGgTCDNSqPre7G9G2S0DGc=
38,113,s0s043CwBwpGri57Lx/+9hx0wzM=,LfdimCGgTCDNSqPre7G9G2S0DGc=
37,113,s0s043CwBwpGri57Lx/+9hx0wzM=,LfdimCGgTCDNSqPre7G9G2S0DGc=
36,113,s0s043CwBwpGri57Lx/+9hx0wzM=,LfdimCGgTCDNSqPre7G9G2S0DGc=
35,113,s0s043CwBwpGri57Lx/+9hx0wzM=,LfdimCGgTCDNSqPre7G9G2S0DGc=
43,113,s0s043CwBwpGri57Lx/+9hx0wzM=,LfdimCGgTCDNSqPre7G9G2S0DGc=
42,114,s0s043CwBwpGri57Lx/+9hx0wzM=,LfdimCGgTCDNSqPre7G9G2S0DGc=
40,127,s0s043CwBwpGri57Lx/+9hx0wzM=,LfdimCGgTCDNSqPre7G9G2S0DGc=
32,127,s0s043CwBwpGri57Lx/+9hx0wzM=,LfdimCGgTCDNSqPre7G9G2S0DGc=
62,127,s0s043CwBwpGri57Lx/+9hx0wzM=,LfdimCGgTCDNSqPre7G9G2S0DGc=
50,113,s0s043CwBwpGri57Lx/+9hx0wzM=,LfdimCGgTCDNSqPre7G9G2S0DGc=
49,113,s0s043CwBwpGri57Lx/+9hx0wzM=,LfdimCGgTCDNSqPre7G9G2S0DGc=
51,113,s0s043CwBwpGri57Lx/+9hx0wzM=,LfdimCGgTCDNSqPre7G9G2S0DGc=
52,113,s0s043CwBwpGri57Lx/+9hx0wzM=,LfdimCGgTCDNSqPre7G9G2S0DGc=
53,113,s0s043CwBwpGri57Lx/+9hx0wzM=,LfdimCGgTCDNSqPre7G9G2S0DGc=
54,113,s0s043CwBwpGri57Lx/+9hx0wzM=,LfdimCGgTCDNSqPre7G9G2S0DGc=
55,113,s0s043CwBwpGri57Lx/+9hx0wzM=,LfdimCGgTCDNSqPre7G9G2S0DGc=
57,113,s0s043CwBwpGri57Lx/+9hx0wzM=,LfdimCGgTCDNSqPre7G9G2S0DGc=
58,113,s0s043CwBwpGri57Lx/+9hx0wzM=,LfdimCGgTCDNSqPre7G9G2S0DGc=
59,113,s0s043CwBwpGri57Lx/+9hx0wzM=,LfdimCGgTCDNSqPre7G9G2S0DGc=
60,113,s0s043CwBwpGri57Lx/+9hx0wzM=,LfdimCGgTCDNSqPre7G9G2S0DGc=
61,113,s0s043CwBwpGri57Lx/+9hx0wzM=,LfdimCGgTCDNSqPre7G9G2S0DGc=
62,113,s0s043CwBwpGri57Lx/+9hx0wzM=,LfdimCGgTCDNSqPre7G9G2S0DGc=
63,113,s0s043CwBwpGri57Lx/+9hx0wzM=,LfdimCGgTCDNSqPre7G9G2S0DGc=
48,114,s0s043CwBwpGri57Lx/+9hx0wzM=,LfdimCGgTCDNSqPre7G9G2S0DGc=
49,114,s0s043CwBwpGri57Lx/+9hx0wzM=,LfdimCGgTCDNSqPre7G9G2S0DGc=
50,114,s0s043CwBwpGri57Lx/+9hx0wzM=,LfdimCGgTCDNSqPre7G9G2S0DGc=
51,114,s0s043CwBwpGri57Lx/+9hx0wzM=,LfdimCGgTCDNSqPre7G9G2S0DGc=
52,114,s0s043CwBwpGri57Lx/+9hx0wzM=,LfdimCGgTCDNSqPre7G9G2S0DGc=
53,114,s0s043CwBwpGri57Lx/+9hx0wzM=,LfdimCGgTCDNSqPre7G9G2S0DGc=
54,114,s0s043CwBwpGri57Lx/+9hx0wzM=,LfdimCGgTCDNSqPre7G9G2S0DGc=
55,114,s0s043CwBwpGri57Lx/+9hx0wzM=,LfdimCGgTCDNSqPre7G9G2S0DGc=
56,114,s0s043CwBwpGri57Lx/+9hx0wzM=,LfdimCGgTCDNSqPre7G9G2S0DGc=
57,114,s0s043CwBwpGri57Lx/+9hx0wzM=,LfdimCGgTCDNSqPre7G9G2S0DGc=
58,114,s0s043CwBwpGri57Lx/+9hx0wzM=,LfdimCGgTCDNSqPre7G9G2S0DGc=
59,114,s0s043CwBwpGri57Lx/+9hx0wzM=,LfdimCGgTCDNSqPre7G9G2S0DGc=
60,114,s0s043CwBwpGri57Lx/+9hx0wzM=,LfdimCGgTCDNSqPre7G9G2S0DGc=
61,114,s0s043CwBwpGri57Lx/+9hx0wzM=,LfdimCGgTCDNSqPre7G9G2S0DGc=
63,114,s0s043CwBwpGri57Lx/+9hx0wzM=,LfdimCGgTCDNSqPre7G9G2S0DGc=
56,113,s0s043CwBwpGri57Lx/+9hx0wzM=,LfdimCGgTCDNSqPre7G9G2S0DGc=
62,114,s0s043CwBwpGri57Lx/+9hx0wzM=,LfdimCGgTCDNSqPre7G9G2S0DGc=
48,115,s0s043CwBwpGri57Lx/+9hx0wzM=,LfdimCGgTCDNSqPre7G9G2S0DGc=
49,115,s0s043CwBwpGri57Lx/+9hx0wzM=,LfdimCGgTCDNSqPre7G9G2S0DGc=
50,115,s0s043CwBwpGri57Lx/+9hx0wzM=,LfdimCGgTCDNSqPre7G9G2S0DGc=
51,115,s0s043CwBwpGri57Lx/+9hx0wzM=,LfdimCGgTCDNSqPre7G9G2S0DGc=
52,115,s0s043CwBwpGri57Lx/+9hx0wzM=,LfdimCGgTCDNSqPre7G9G2S0DGc=
53,115,s0s043CwBwpGri57Lx/+9hx0wzM=,LfdimCGgTCDNSqPre7G9G2S0DGc=
55,115,s0s043CwBwpGri57Lx/+9hx0wzM=,LfdimCGgTCDNSqPre7G9G2S0DGc=
54,115,s0s043CwBwpGri57Lx/+9hx0wzM=,LfdimCGgTCDNSqPre7G9G2S0DGc=
56,115,s0s043CwBwpGri57Lx/+9hx0wzM=,LfdimCGgTCDNSqPre7G9G2S0DGc=
57,115,s0s043CwBwpGri57Lx/+9hx0wzM=,LfdimCGgTCDNSqPre7G9G2S0DGc=
58,115,s0s043CwBwpGri57Lx/+9hx0wzM=,LfdimCGgTCDNSqPre7G9G2S0DGc=
59,115,s0s043CwBwpGri57Lx/+9hx0wzM=,LfdimCGgTCDNSqPre7G9G2S0DGc=
61,115,s0s043CwBwpGri57Lx/+9hx0wzM=,LfdimCGgTCDNSqPre7G9G2S0DGc=
60,115,s0s043CwBwpGri57Lx/+9hx0wzM=,LfdimCGgTCDNSqPre7G9G2S0DGc=
62,115,s0s043CwBwpGri57Lx/+9hx0wzM=,LfdimCGgTCDNSqPre7G9G2S0DGc=
63,115,s0s043CwBwpGri57Lx/+9hx0wzM=,LfdimCGgTCDNSqPre7G9G2S0DGc=
48,116,s0s043CwBwpGri57Lx/+9hx0wzM=,LfdimCGgTCDNSqPre7G9G2S0DGc=
49,116,s0s043CwBwpGri57Lx/+9hx0wzM=,LfdimCGgTCDNSqPre7G9G2S0DGc=
50,116,s0s043CwBwpGri57Lx/+9hx0wzM=,LfdimCGgTCDNSqPre7G9G2S0DGc=
51,116,s0s043CwBwpGri57Lx/+9hx0wzM=,LfdimCGgTCDNSqPre7G9G2S0DGc=
52,116,s0s043CwBwpGri57Lx/+9hx0wzM=,LfdimCGgTCDNSqPre7G9G2S0DGc=
53,116,s0s043CwBwpGri57Lx/+9hx0wzM=,LfdimCGgTCDNSqPre7G9G2S0DGc=
54,116,s0s043CwBwpGri57Lx/+9hx0wzM=,LfdimCGgTCDNSqPre7G9G2S0DGc=
55,116,s0s043CwBwpGri57Lx/+9hx0wzM=,LfdimCGgTCDNSqPre7G9G2S0DGc=
56,116,s0s043CwBwpGri57Lx/+9hx0wzM=,LfdimCGgTCDNSqPre7G9G2S0DGc=
57,116,s0s043CwBwpGri57Lx/+9hx0wzM=,LfdimCGgTCDNSqPre7G9G2S0DGc=
58,116,s0s043CwBwpGri57Lx/+9hx0wzM=,LfdimCGgTCDNSqPre7G9G2S0DGc=
60,116,s0s043CwBwpGri57Lx/+9hx0wzM=,LfdimCGgTCDNSqPre7G9G2S0DGc=
62,116,s0s043CwBwpGri57Lx/+9hx0wzM=,LfdimCGgTCDNSqPre7G9G2S0DGc=
63,116,s0s043CwBwpGri57Lx/+9hx0wzM=,LfdimCGgTCDNSqPre7G9G2S0DGc=
48,117,s0s043CwBwpGri57Lx/+9hx0wzM=,LfdimCGgTCDNSqPre7G9G2S0DGc=
61,116,s0s043CwBwpGri57Lx/+9hx0wzM=,LfdimCGgTCDNSqPre7G9G2S0DGc=
59,116,s0s043CwBwpGri57Lx/+9hx0wzM=,LfdimCGgTCDNSqPre7G9G2S0DGc=
49,117,s0s043CwBwpGri57Lx/+9hx0wzM=,LfdimCGgTCDNSqPre7G9G2S0DGc=
51,117,s0s043CwBwpGri57Lx/+9hx0wzM=,LfdimCGgTCDNSqPre7G9G2S0DGc=
50,117,s0s043CwBwpGri57Lx/+9hx0wzM=,LfdimCGgTCDNSqPre7G9G2S0DGc=
52,117,s0s043CwBwpGri57Lx/+9hx0wzM=,LfdimCGgTCDNSqPre7G9G2S0DGc=
53,117,s0s043CwBwpGri57Lx/+9hx0wzM=,LfdimCGgTCDNSqPre7G9G2S0DGc=
54,117,s0s043CwBwpGri57Lx/+9hx0wzM=,LfdimCGgTCDNSqPre7G9G2S0DGc=
55,117,s0s043CwBwpGri57Lx/+9hx0wzM=,LfdimCGgTCDNSqPre7G9G2S0DGc=
57,117,s0s043CwBwpGri57Lx/+9hx0wzM=,LfdimCGgTCDNSqPre7G9G2S0DGc=
58,117,s0s043CwBwpGri57Lx/+9hx0wzM=,LfdimCGgTCDNSqPre7G9G2S0DGc=
56,117,s0s043CwBwpGri57Lx/+9hx0wzM=,LfdimCGgTCDNSqPre7G9G2S0DGc=
59,117,s0s043CwBwpGri57Lx/+9hx0wzM=,LfdimCGgTCDNSqPre7G9G2S0DGc=
60,117,s0s043CwBwpGri57Lx/+9hx0wzM=,LfdimCGgTCDNSqPre7G9G2S0DGc=
61,117,s0s043CwBwpGri57Lx/+9hx0wzM=,LfdimCGgTCDNSqPre7G9G2S0DGc=
62,117,s0s043CwBwpGri57Lx/+9hx0wzM=,LfdimCGgTCDNSqPre7G9G2S0DGc=
48,118,s0s043CwBwpGri57Lx/+9hx0wzM=,LfdimCGgTCDNSqPre7G9G2S0DGc=
49,118,s0s043CwBwpGri57Lx/+9hx0wzM=,LfdimCGgTCDNSqPre7G9G2S0DGc=
50,118,s0s043CwBwpGri57Lx/+9hx0wzM=,LfdimCGgTCDNSqPre7G9G2S0DGc=
63,117,s0s043CwBwpGri57Lx/+9hx0wzM=,LfdimCGgTCDNSqPre7G9G2S0DGc=
51,118,s0s043CwBwpGri57Lx/+9hx0wzM=,LfdimCGgTCDNSqPre7G9G2S0DGc=
52,118,s0s043CwBwpGri57Lx/+9hx0wzM=,LfdimCGgTCDNSqPre7G9G2S0DGc=
53,118,s0s043CwBwpGri57Lx/+9hx0wzM=,LfdimCGgTCDNSqPre7G9G2S0DGc=
54,118,s0s043CwBwpGri57Lx/+9hx0wzM=,LfdimCGgTCDNSqPre7G9G2S0DGc=
56,118,s0s043CwBwpGri57Lx/+9hx0wzM=,LfdimCGgTCDNSqPre7G9G2S0DGc=
55,118,s0s043CwBwpGri57Lx/+9hx0wzM=,LfdimCGgTCDNSqPre7G9G2S0DGc=
57,118,s0s043CwBwpGri57Lx/+9hx0wzM=,LfdimCGgTCDNSqPre7G9G2S0DGc=
58,118,s0s043CwBwpGri57Lx/+9hx0wzM=,LfdimCGgTCDNSqPre7G9G2S0DGc=
60,118,s0s043CwBwpGri57Lx/+9hx0wzM=,LfdimCGgTCDNSqPre7G9G2S0DGc=
61,118,s0s043CwBwpGri57Lx/+9hx0wzM=,LfdimCGgTCDNSqPre7G9G2S0DGc=
59,118,s0s043CwBwpGri57Lx/+9hx0wzM=,LfdimCGgTCDNSqPre7G9G2S0DGc=
62,118,s0s043CwBwpGri57Lx/+9hx0wzM=,LfdimCGgTCDNSqPre7G9G2S0DGc=
63,118,s0s043CwBwpGri57Lx/+9hx0wzM=,LfdimCGgTCDNSqPre7G9G2S0DGc=
48,119,s0s043CwBwpGri57Lx/+9hx0wzM=,LfdimCGgTCDNSqPre7G9G2S0DGc=
50,119,s0s043CwBwpGri57Lx/+9hx0wzM=,LfdimCGgTCDNSqPre7G9G2S0DGc=
49,119,s0s043CwBwpGri57Lx/+9hx0wzM=,LfdimCGgTCDNSqPre7G9G2S0DGc=
51,119,s0s043CwBwpGri57Lx/+9hx0wzM=,LfdimCGgTCDNSqPre7G9G2S0DGc=
52,119,s0s043CwBwpGri57Lx/+9hx0wzM=,LfdimCGgTCDNSqPre7G9G2S0DGc=
53,119,s0s043CwBwpGri57Lx/+9hx0wzM=,LfdimCGgTCDNSqPre7G9G2S0DGc=
54,119,s0s043CwBwpGri57Lx/+9hx0wzM=,LfdimCGgTCDNSqPre7G9G2S0DGc=
55,119,s0s043CwBwpGri57Lx/+9hx0wzM=,LfdimCGgTCDNSqPre7G9G2S0DGc=
56,119,s0s043CwBwpGri57Lx/+9hx0wzM=,LfdimCGgTCDNSqPre7G9G2S0DGc=
57,119,s0s043CwBwpGri57Lx/+9hx0wzM=,LfdimCGgTCDNSqPre7G9G2S0DGc=
58,119,s0s043CwBwpGri57Lx/+9hx0wzM=,LfdimCGgTCDNSqPre7G9G2S0DGc=
59,119,s0s043CwBwpGri57Lx/+9hx0wzM=,LfdimCGgTCDNSqPre7G9G2S0DGc=
60,119,s0s043CwBwpGri57Lx/+9hx0wzM=,LfdimCGgTCDNSqPre7G9G2S0DGc=
62,119,s0s043CwBwpGri57Lx/+9hx0wzM=,LfdimCGgTCDNSqPre7G9G2S0DGc=
63,119,s0s043CwBwpGri57Lx/+9hx0wzM=,LfdimCGgTCDNSqPre7G9G2S0DGc=
48,120,s0s043CwBwpGri57Lx/+9hx0wzM=,LfdimCGgTCDNSqPre7G9G2S0DGc=
49,120,s0s043CwBwpGri57Lx/+9hx0wzM=,LfdimCGgTCDNSqPre7G9G2S0DGc=
50,120,s0s043CwBwpGri57Lx/+9hx0wzM=,LfdimCGgTCDNSqPre7G9G2S0DGc=
61,119,s0s043CwBwpGri57Lx/+9hx0wzM=,LfdimCGgTCDNSqPre7G9G2S0DGc=
51,120,s0s043CwBwpGri57Lx/+9hx0wzM=,LfdimCGgTCDNSqPre7G9G2S0DGc=
52,120,s0s043CwBwpGri57Lx/+9hx0wzM=,LfdimCGgTCDNSqPre7G9G2S0DGc=
53,120,s0s043CwBwpGri57Lx/+9hx0wzM=,LfdimCGgTCDNSqPre7G9G2S0DGc=
54,120,s0s043CwBwpGri57Lx/+9hx0wzM=,LfdimCGgTCDNSqPre7G9G2S0DGc=
55,120,s0s043CwBwpGri57Lx/+9hx0wzM=,LfdimCGgTCDNSqPre7G9G2S0DGc=
56,120,s0s043CwBwpGri57Lx/+9hx0wzM=,LfdimCGgTCDNSqPre7G9G2S0DGc=
57,120,s0s043CwBwpGri57Lx/+9hx0wzM=,LfdimCGgTCDNSqPre7G9G2S0DGc=
58,120,s0s043CwBwpGri57Lx/+9hx0wzM=,LfdimCGgTCDNSqPre7G9G2S0DGc=
59,120,s0s043CwBwpGri57Lx/+9hx0wzM=,LfdimCGgTCDNSqPre7G9G2S0DGc=
60,120,s0s043CwBwpGri57Lx/+9hx0wzM=,LfdimCGgTCDNSqPre7G9G2S0DGc=
61,120,s0s043CwBwpGri57Lx/+9hx0wzM=,LfdimCGgTCDNSqPre7G9G2S0DGc=
62,120,s0s043CwBwpGri57Lx/+9hx0wzM=,LfdimCGgTCDNSqPre7G9G2S0DGc=
63,120,s0s043CwBwpGri57Lx/+9hx0wzM=,LfdimCGgTCDNSqPre7G9G2S0DGc=
48,121,s0s043CwBwpGri57Lx/+9hx0wzM=,LfdimCGgTCDNSqPre7G9G2S0DGc=
49,121,s0s043CwBwpGri57Lx/+9hx0wzM=,LfdimCGgTCDNSqPre7G9G2S0DGc=
50,121,s0s043CwBwpGri57Lx/+9hx0wzM=,LfdimCGgTCDNSqPre7G9G2S0DGc=
51,121,s0s043CwBwpGri57Lx/+9hx0wzM=,LfdimCGgTCDNSqPre7G9G2S0DGc=
52,121,s0s043CwBwpGri57Lx/+9hx0wzM=,LfdimCGgTCDNSqPre7G9G2S0DGc=
53,121,s0s043CwBwpGri57Lx/+9hx0wzM=,LfdimCGgTCDNSqPre7G9G2S0DGc=
54,121,s0s043CwBwpGri57Lx/+9hx0wzM=,LfdimCGgTCDNSqPre7G9G2S0DGc=
55,121,s0s043CwBwpGri57Lx/+9hx0wzM=,LfdimCGgTCDNSqPre7G9G2S0DGc=
56,121,s0s043CwBwpGri57Lx/+9hx0wzM=,LfdimCGgTCDNSqPre7G9G2S0DGc=
57,121,s0s043CwBwpGri57Lx/+9hx0wzM=,LfdimCGgTCDNSqPre7G9G2S0DGc=
58,121,s0s043CwBwpGri57Lx/+9hx0wzM=,LfdimCGgTCDNSqPre7G9G2S0DGc=
59,121,s0s043CwBwpGri57Lx/+9hx0wzM=,LfdimCGgTCDNSqPre7G9G2S0DGc=
60,121,s0s043CwBwpGri57Lx/+9hx0wzM=,LfdimCGgTCDNSqPre7G9G2S0DGc=
61,121,s0s043CwBwpGri57Lx/+9hx0wzM=,LfdimCGgTCDNSqPre7G9G2S0DGc=
62,121,s0s043CwBwpGri57Lx/+9hx0wzM=,LfdimCGgTCDNSqPre7G9G2S0DGc=
63,121,s0s043CwBwpGri57Lx/+9hx0wzM=,LfdimCGgTCDNSqPre7G9G2S0DGc=
48,122,s0s043CwBwpGri57Lx/+9hx0wzM=,LfdimCGgTCDNSqPre7G9G2S0DGc=
49,122,s0s043CwBwpGri57Lx/+9hx0wzM=,LfdimCGgTCDNSqPre7G9G2S0DGc=
50,122,s0s043CwBwpGri57Lx/+9hx0wzM=,LfdimCGgTCDNSqPre7G9G2S0DGc=
51,122,s0s043CwBwpGri57Lx/+9hx0wzM=,LfdimCGgTCDNSqPre7G9G2S0DGc=
52,122,s0s043CwBwpGri57Lx/+9hx0wzM=,LfdimCGgTCDNSqPre7G9G2S0DGc=
53,122,s0s043CwBwpGri57Lx/+9hx0wzM=,LfdimCGgTCDNSqPre7G9G2S0DGc=
54,122,s0s043CwBwpGri57Lx/+9hx0wzM=,LfdimCGgTCDNSqPre7G9G2S0DGc=
56,122,s0s043CwBwpGri57Lx/+9hx0wzM=,LfdimCGgTCDNSqPre7G9G2S0DGc=
55,122,s0s043CwBwpGri57Lx/+9hx0wzM=,LfdimCGgTCDNSqPre7G9G2S0DGc=
57,122,s0s043CwBwpGri57Lx/+9hx0wzM=,LfdimCGgTCDNSqPre7G9G2S0DGc=
58,122,s0s043CwBwpGri57Lx/+9hx0wzM=,LfdimCGgTCDNSqPre7G9G2S0DGc=
59,122,s0s043CwBwpGri57Lx/+9hx0wzM=,LfdimCGgTCDNSqPre7G9G2S0DGc=
60,122,s0s043CwBwpGri57Lx/+9hx0wzM=,LfdimCGgTCDNSqPre7G9G2S0DGc=
61,122,s0s043CwBwpGri57Lx/+9hx0wzM=,LfdimCGgTCDNSqPre7G9G2S0DGc=
62,122,s0s043CwBwpGri57Lx/+9hx0wzM=,LfdimCGgTCDNSqPre7G9G2S0DGc=
63,122,s0s043CwBwpGri57Lx/+9hx0wzM=,LfdimCGgTCDNSqPre7G9G2S0DGc=
48,123,s0s043CwBwpGri57Lx/+9hx0wzM=,LfdimCGgTCDNSqPre7G9G2S0DGc=
49,123,s0s043CwBwpGri57Lx/+9hx0wzM=,LfdimCGgTCDNSqPre7G9G2S0DGc=
50,123,s0s043CwBwpGri57Lx/+9hx0wzM=,LfdimCGgTCDNSqPre7G9G2S0DGc=
51,123,s0s043CwBwpGri57Lx/+9hx0wzM=,LfdimCGgTCDNSqPre7G9G2S0DGc=
52,123,s0s043CwBwpGri57Lx/+9hx0wzM=,LfdimCGgTCDNSqPre7G9G2S0DGc=
53,123,s0s043CwBwpGri57Lx/+9hx0wzM=,LfdimCGgTCDNSqPre7G9G2S0DGc=
54,123,s0s043CwBwpGri57Lx/+9hx0wzM=,LfdimCGgTCDNSqPre7G9G2S0DGc=
55,123,s0s043CwBwpGri57Lx/+9hx0wzM=,LfdimCGgTCDNSqPre7G9G2S0DGc=
56,123,s0s043CwBwpGri57Lx/+9hx0wzM=,LfdimCGgTCDNSqPre7G9G2S0DGc=
57,123,s0s043CwBwpGri57Lx/+9hx0wzM=,LfdimCGgTCDNSqPre7G9G2S0DGc=
58,123,s0s043CwBwpGri57Lx/+9hx0wzM=,LfdimCGgTCDNSqPre7G9G2S0DGc=
59,123,s0s043CwBwpGri57Lx/+9hx0wzM=,LfdimCGgTCDNSqPre7G9G2S0DGc=
60,123,s0s043CwBwpGri57Lx/+9hx0wzM=,LfdimCGgTCDNSqPre7G9G2S0DGc=
61,123,s0s043CwBwpGri57Lx/+9hx0wzM=,LfdimCGgTCDNSqPre7G9G2S0DGc=
63,123,s0s043CwBwpGri57Lx/+9hx0wzM=,LfdimCGgTCDNSqPre7G9G2S0DGc=
62,123,s0s043CwBwpGri57Lx/+9hx0wzM=,LfdimCGgTCDNSqPre7G9G2S0DGc=
48,124,s0s043CwBwpGri57Lx/+9hx0wzM=,LfdimCGgTCDNSqPre7G9G2S0DGc=
49,124,s0s043CwBwpGri57Lx/+9hx0wzM=,LfdimCGgTCDNSqPre7G9G2S0DGc=
50,124,s0s043CwBwpGri57Lx/+9hx0wzM=,LfdimCGgTCDNSqPre7G9G2S0DGc=
51,124,s0s043CwBwpGri57Lx/+9hx0wzM=,LfdimCGgTCDNSqPre7G9G2S0DGc=
52,124,s0s043CwBwpGri57Lx/+9hx0wzM=,LfdimCGgTCDNSqPre7G9G2S0DGc=
53,124,s0s043CwBwpGri57Lx/+9hx0wzM=,LfdimCGgTCDNSqPre7G9G2S0DGc=
54,124,s0s043CwBwpGri57Lx/+9hx0wzM=,LfdimCGgTCDNSqPre7G9G2S0DGc=
55,124,s0s043CwBwpGri57Lx/+9hx0wzM=,LfdimCGgTCDNSqPre7G9G2S0DGc=
57,124,s0s043CwBwpGri57Lx/+9hx0wzM=,LfdimCGgTCDNSqPre7G9G2S0DGc=
56,124,s0s043CwBwpGri57Lx/+9hx0wzM=,LfdimCGgTCDNSqPre7G9G2S0DGc=
58,124,s0s043CwBwpGri57Lx/+9hx0wzM=,LfdimCGgTCDNSqPre7G9G2S0DGc=
59,124,s0s043CwBwpGri57Lx/+9hx0wzM=,LfdimCGgTCDNSqPre7G9G2S0DGc=
60,124,s0s043CwBwpGri57Lx/+9hx0wzM=,LfdimCGgTCDNSqPre7G9G2S0DGc=
61,124,s0s043CwBwpGri57Lx/+9hx0wzM=,LfdimCGgTCDNSqPre7G9G2S0DGc=
62,124,s0s043CwBwpGri57Lx/+9hx0wzM=,LfdimCGgTCDNSqPre7G9G2S0DGc=
63,124,s0s043CwBwpGri57Lx/+9hx0wzM=,LfdimCGgTCDNSqPre7G9G2S0DGc=
49,125,s0s043CwBwpGri57Lx/+9hx0wzM=,LfdimCGgTCDNSqPre7G9G2S0DGc=
48,125,s0s043CwBwpGri57Lx/+9hx0wzM=,LfdimCGgTCDNSqPre7G9G2S0DGc=
50,125,s0s043CwBwpGri57Lx/+9hx0wzM=,LfdimCGgTCDNSqPre7G9G2S0DGc=
51,125,s0s043CwBwpGri57Lx/+9hx0wzM=,LfdimCGgTCDNSqPre7G9G2S0DGc=
53,125,s0s043CwBwpGri57Lx/+9hx0wzM=,LfdimCGgTCDNSqPre7G9G2S0DGc=
52,125,s0s043CwBwpGri57Lx/+9hx0wzM=,LfdimCGgTCDNSqPre7G9G2S0DGc=
55,125,s0s043CwBwpGri57Lx/+9hx0wzM=,LfdimCGgTCDNSqPre7G9G2S0DGc=
54,125,s0s043CwBwpGri57Lx/+9hx0wzM=,LfdimCGgTCDNSqPre7G9G2S0DGc=
56,125,s0s043CwBwpGri57Lx/+9hx0wzM=,LfdimCGgTCDNSqPre7G9G2S0DGc=
57,125,s0s043CwBwpGri57Lx/+9hx0wzM=,LfdimCGgTCDNSqPre7G9G2S0DGc=
58,125,s0s043CwBwpGri57Lx/+9hx0wzM=,LfdimCGgTCDNSqPre7G9G2S0DGc=
59,125,s0s043CwBwpGri57Lx/+9hx0wzM=,LfdimCGgTCDNSqPre7G9G2S0DGc=
60,125,s0s043CwBwpGri57Lx/+9hx0wzM=,LfdimCGgTCDNSqPre7G9G2S0DGc=
61,125,s0s043CwBwpGri57Lx/+9hx0wzM=,LfdimCGgTCDNSqPre7G9G2S0DGc=
62,125,s0s043CwBwpGri57Lx/+9hx0wzM=,LfdimCGgTCDNSqPre7G9G2S0DGc=
63,125,s0s043CwBwpGri57Lx/+9hx0wzM=,LfdimCGgTCDNSqPre7G9G2S0DGc=
48,126,s0s043CwBwpGri57Lx/+9hx0wzM=,LfdimCGgTCDNSqPre7G9G2S0DGc=
49,126,s0s043CwBwpGri57Lx/+9hx0wzM=,LfdimCGgTCDNSqPre7G9G2S0DGc=
50,126,s0s043CwBwpGri57Lx/+9hx0wzM=,LfdimCGgTCDNSqPre7G9G2S0DGc=
51,126,s0s043CwBwpGri57Lx/+9hx0wzM=,LfdimCGgTCDNSqPre7G9G2S0DGc=
52,126,s0s043CwBwpGri57Lx/+9hx0wzM=,LfdimCGgTCDNSqPre7G9G2S0DGc=
53,126,s0s043CwBwpGri57Lx/+9hx0wzM=,LfdimCGgTCDNSqPre7G9G2S0DGc=
54,126,s0s043CwBwpGri57Lx/+9hx0wzM=,LfdimCGgTCDNSqPre7G9G2S0DGc=
55,126,s0s043CwBwpGri57Lx/+9hx0wzM=,LfdimCGgTCDNSqPre7G9G2S0DGc=
56,126,s0s043CwBwpGri57Lx/+9hx0wzM=,LfdimCGgTCDNSqPre7G9G2S0DGc=
57,126,s0s043CwBwpGri57Lx/+9hx0wzM=,LfdimCGgTCDNSqPre7G9G2S0DGc=
58,126,s0s043CwBwpGri57Lx/+9hx0wzM=,LfdimCGgTCDNSqPre7G9G2S0DGc=
59,126,s0s043CwBwpGri57Lx/+9hx0wzM=,LfdimCGgTCDNSqPre7G9G2S0DGc=
60,126,s0s043CwBwpGri57Lx/+9hx0wzM=,LfdimCGgTCDNSqPre7G9G2S0DGc=
61,126,s0s043CwBwpGri57Lx/+9hx0wzM=,LfdimCGgTCDNSqPre7G9G2S0DGc=
63,126,s0s043CwBwpGri57Lx/+9hx0wzM=,LfdimCGgTCDNSqPre7G9G2S0DGc=
48,127,s0s043CwBwpGri57Lx/+9hx0wzM=,LfdimCGgTCDNSqPre7G9G2S0DGc=
62,126,s0s043CwBwpGri57Lx/+9hx0wzM=,LfdimCGgTCDNSqPre7G9G2S0DGc=
50,127,s0s043CwBwpGri57Lx/+9hx0wzM=,LfdimCGgTCDNSqPre7G9G2S0DGc=
51,127,s0s043CwBwpGri57Lx/+9hx0wzM=,LfdimCGgTCDNSqPre7G9G2S0DGc=
49,127,s0s043CwBwpGri57Lx/+9hx0wzM=,LfdimCGgTCDNSqPre7G9G2S0DGc=
52,127,s0s043CwBwpGri57Lx/+9hx0wzM=,LfdimCGgTCDNSqPre7G9G2S0DGc=
53,127,s0s043CwBwpGri57Lx/+9hx0wzM=,LfdimCGgTCDNSqPre7G9G2S0DGc=
54,127,s0s043CwBwpGri57Lx/+9hx0wzM=,LfdimCGgTCDNSqPre7G9G2S0DGc=
56,127,s0s043CwBwpGri57Lx/+9hx0wzM=,LfdimCGgTCDNSqPre7G9G2S0DGc=
55,127,s0s043CwBwpGri57Lx/+9hx0wzM=,LfdimCGgTCDNSqPre7G9G2S0DGc=
57,127,s0s043CwBwpGri57Lx/+9hx0wzM=,LfdimCGgTCDNSqPre7G9G2S0DGc=
58,127,s0s043CwBwpGri57Lx/+9hx0wzM=,LfdimCGgTCDNSqPre7G9G2S0DGc=
59,127,s0s043CwBwpGri57Lx/+9hx0wzM=,LfdimCGgTCDNSqPre7G9G2S0DGc=
60,127,s0s043CwBwpGri57Lx/+9hx0wzM=,LfdimCGgTCDNSqPre7G9G2S0DGc=
48,112,s0s043CwBwpGri57Lx/+9hx0wzM=,LfdimCGgTCDNSqPre7G9G2S0DGc=
49,112,s0s043CwBwpGri57Lx/+9hx0wzM=,LfdimCGgTCDNSqPre7G9G2S0DGc=
61,127,s0s043CwBwpGri57Lx/+9hx0wzM=,LfdimCGgTCDNSqPre7G9G2S0DGc=
50,112,s0s043CwBwpGri57Lx/+9hx0wzM=,LfdimCGgTCDNSqPre7G9G2S0DGc=
51,112,s0s043CwBwpGri57Lx/+9hx0wzM=,LfdimCGgTCDNSqPre7G9G2S0DGc=
52,112,s0s043CwBwpGri57Lx/+9hx0wzM=,LfdimCGgTCDNSqPre7G9G2S0DGc=
53,112,s0s043CwBwpGri57Lx/+9hx0wzM=,LfdimCGgTCDNSqPre7G9G2S0DGc=
54,112,s0s043CwBwpGri57Lx/+9hx0wzM=,LfdimCGgTCDNSqPre7G9G2S0DGc=
56,112,s0s043CwBwpGri57Lx/+9hx0wzM=,LfdimCGgTCDNSqPre7G9G2S0DGc=
57,112,s0s043CwBwpGri57Lx/+9hx0wzM=,LfdimCGgTCDNSqPre7G9G2S0DGc=
55,112,s0s043CwBwpGri57Lx/+9hx0wzM=,LfdimCGgTCDNSqPre7G9G2S0DGc=
58,112,s0s043CwBwpGri57Lx/+9hx0wzM=,LfdimCGgTCDNSqPre7G9G2S0DGc=
59,112,s0s043CwBwpGri57Lx/+9hx0wzM=,LfdimCGgTCDNSqPre7G9G2S0DGc=
61,112,s0s043CwBwpGri57Lx/+9hx0wzM=,LfdimCGgTCDNSqPre7G9G2S0DGc=
60,112,s0s043CwBwpGri57Lx/+9hx0wzM=,LfdimCGgTCDNSqPre7G9G2S0DGc=
62,112,s0s043CwBwpGri57Lx/+9hx0wzM=,LfdimCGgTCDNSqPre7G9G2S0DGc=
63,112,s0s043CwBwpGri57Lx/+9hx0wzM=,LfdimCGgTCDNSqPre7G9G2S0DGc=
63,127,s0s043CwBwpGri57Lx/+9hx0wzM=,LfdimCGgTCDNSqPre7G9G2S0DGc=
48,113,s0s043CwBwpGri57Lx/+9hx0wzM=,LfdimCGgTCDNSqPre7G9G2S0DGc=
