-5,21,Qvod3l8T6K1G9B4QOROergfNX0s=,9yHtgJ2a+FvD0fR1wHQVYA0L+Os=
-6,21,Qvod3l8T6K1G9B4QOROergfNX0s=,9yHtgJ2a+FvD0fR1wHQVYA0L+Os=
-3,21,Qvod3l8T6K1G9B4QOROergfNX0s=,9yHtgJ2a+FvD0fR1wHQVYA0L+Os=
-2,21,Qvod3l8T6K1G9B4QOROergfNX0s=,9yHtgJ2a+FvD0fR1wHQVYA0L+Os=
-8,22,Qvod3l8T6K1G9B4QOROergfNX0s=,9yHtgJ2a+FvD0fR1wHQVYA0L+Os=
-7,22,Qvod3l8T6K1G9B4QOROergfNX0s=,9yHtgJ2a+FvD0fR1wHQVYA0L+Os=
-7,21,Qvod3l8T6K1G9B4QOROergfNX0s=,9yHtgJ2a+FvD0fR1wHQVYA0L+Os=
-4,21,Qvod3l8T6K1G9B4QOROergfNX0s=,9yHtgJ2a+FvD0fR1wHQVYA0L+Os=
-6,22,Qvod3l8T6K1G9B4QOROergfNX0s=,9yHtgJ2a+FvD0fR1wHQVYA0L+Os=
-4,22,Qvod3l8T6K1G9B4QOROergfNX0s=,9yHtgJ2a+FvD0fR1wHQVYA0L+Os=
-8,21,Qvod3l8T6K1G9B4QOROergfNX0s=,9yHtgJ2a+FvD0fR1wHQVYA0L+Os=
-2,20,Qvod3l8T6K1G9B4QOROergfNX0s=,9yHtgJ2a+FvD0fR1wHQVYA0L+Os=
-8,17,Qvod3l8T6K1G9B4QOROergfNX0s=,9yHtgJ2a+FvD0fR1wHQVYA0L+Os=
-5,22,Qvod3l8T6K1G9B4QOROergfNX0s=,9yHtgJ2a+FvD0fR1wHQVYA0L+Os=
-4,20,Qvod3l8T6K1G9B4QOROergfNX0s=,9yHtgJ2a+FvD0fR1wHQVYA0L+Os=
-3,20,Qvod3l8T6K1G9B4QOROergfNX0s=,9yHtgJ2a+FvD0fR1wHQVYA0L+Os=
-6,17,Qvod3l8T6K1G9B4QOROergfNX0s=,9yHtgJ2a+FvD0fR1wHQVYA0L+Os=
-7,17,Qvod3l8T6K1G9B4QOROergfNX0s=,9yHtgJ2a+FvD0fR1wHQVYA0L+Os=
-5,20,Qvod3l8T6K1G9B4QOROergfNX0s=,9yHtgJ2a+FvD0fR1wHQVYA0L+Os=
-6,20,Qvod3l8T6K1G9B4QOROergfNX0s=,9yHtgJ2a+FvD0fR1wHQVYA0L+Os=
-5,17,Qvod3l8T6K1G9B4QOROergfNX0s=,9yHtgJ2a+FvD0fR1wHQVYA0L+Os=
-8,20,Qvod3l8T6K1G9B4QOROergfNX0s=,9yHtgJ2a+FvD0fR1wHQVYA0L+Os=
-7,20,Qvod3l8T6K1G9B4QOROergfNX0s=,9yHtgJ2a+FvD0fR1wHQVYA0L+Os=
-4,17,Qvod3l8T6K1G9B4QOROergfNX0s=,9yHtgJ2a+FvD0fR1wHQVYA0L+Os=
-2,19,Qvod3l8T6K1G9B4QOROergfNX0s=,9yHtgJ2a+FvD0fR1wHQVYA0L+Os=
-3,17,Qvod3l8T6K1G9B4QOROergfNX0s=,9yHtgJ2a+FvD0fR1wHQVYA0L+Os=
-3,19,Qvod3l8T6K1G9B4QOROergfNX0s=,9yHtgJ2a+FvD0fR1wHQVYA0L+Os=
-2,17,Qvod3l8T6K1G9B4QOROergfNX0s=,9yHtgJ2a+FvD0fR1wHQVYA0L+Os=
-4,19,Qvod3l8T6K1G9B4QOROergfNX0s=,9yHtgJ2a+FvD0fR1wHQVYA0L+Os=
-5,19,Qvod3l8T6K1G9B4QOROergfNX0s=,9yHtgJ2a+FvD0fR1wHQVYA0L+Os=
-3,22,Qvod3l8T6K1G9B4QOROergfNX0s=,9yHtgJ2a+FvD0fR1wHQVYA0L+Os=
-6,19,Qvod3l8T6K1G9B4QOROergfNX0s=,9yHtgJ2a+FvD0fR1wHQVYA0L+Os=
-2,22,Qvod3l8T6K1G9B4QOROergfNX0s=,9yHtgJ2a+FvD0fR1wHQVYA0L+Os=
-7,19,Qvod3l8T6K1G9B4QOROergfNX0s=,9yHtgJ2a+FvD0fR1wHQVYA0L+Os=
-8,18,Qvod3l8T6K1G9B4QOROergfNX0s=,9yHtgJ2a+FvD0fR1wHQVYA0L+Os=
-8,19,Qvod3l8T6K1G9B4QOROergfNX0s=,9yHtgJ2a+FvD0fR1wHQVYA0L+Os=
-7,18,Qvod3l8T6K1G9B4QOROergfNX0s=,9yHtgJ2a+FvD0fR1wHQVYA0L+Os=
-2,18,Qvod3l8T6K1G9B4QOROergfNX0s=,9yHtgJ2a+FvD0fR1wHQVYA0L+Os=
-3,18,Qvod3l8T6K1G9B4QOROergfNX0s=,9yHtgJ2a+FvD0fR1wHQVYA0L+Os=
-4,18,Qvod3l8T6K1G9B4QOROergfNX0s=,9yHtgJ2a+FvD0fR1wHQVYA0L+Os=
-5,18,Qvod3l8T6K1G9B4QOROergfNX0s=,9yHtgJ2a+FvD0fR1wHQVYA0L+Os=
-16,28,Qvod3l8T6K1G9B4QOROergfNX0s=,sO/DISTYUCeCH7SZiF2m2MaEpME=
-6,18,Qvod3l8T6K1G9B4QOROergfNX0s=,9yHtgJ2a+FvD0fR1wHQVYA0L+Os=
-10,27,Qvod3l8T6K1G9B4QOROergfNX0s=,sO/DISTYUCeCH7SZiF2m2MaEpME=
-15,28,Qvod3l8T6K1G9B4QOROergfNX0s=,sO/DISTYUCeCH7SZiF2m2MaEpME=
-13,29,Qvod3l8T6K1G9B4QOROergfNX0s=,sO/DISTYUCeCH7SZiF2m2MaEpME=
-16,26,Qvod3l8T6K1G9B4QOROergfNX0s=,sO/DISTYUCeCH7SZiF2m2MaEpME=
-11,28,Qvod3l8T6K1G9B4QOROergfNX0s=,sO/DISTYUCeCH7SZiF2m2MaEpME=
-14,29,Qvod3l8T6K1G9B4QOROergfNX0s=,sO/DISTYUCeCH7SZiF2m2MaEpME=
-15,26,Qvod3l8T6K1G9B4QOROergfNX0s=,sO/DISTYUCeCH7SZiF2m2MaEpME=
-15,29,Qvod3l8T6K1G9B4QOROergfNX0s=,sO/DISTYUCeCH7SZiF2m2MaEpME=
-14,25,Qvod3l8T6K1G9B4QOROergfNX0s=,sO/DISTYUCeCH7SZiF2m2MaEpME=
-10,28,Qvod3l8T6K1G9B4QOROergfNX0s=,sO/DISTYUCeCH7SZiF2m2MaEpME=
-14,26,Qvod3l8T6K1G9B4QOROergfNX0s=,sO/DISTYUCeCH7SZiF2m2MaEpME=
-16,29,Qvod3l8T6K1G9B4QOROergfNX0s=,sO/DISTYUCeCH7SZiF2m2MaEpME=
-15,24,Qvod3l8T6K1G9B4QOROergfNX0s=,sO/DISTYUCeCH7SZiF2m2MaEpME=
-16,27,Qvod3l8T6K1G9B4QOROergfNX0s=,sO/DISTYUCeCH7SZiF2m2MaEpME=
-15,27,Qvod3l8T6K1G9B4QOROergfNX0s=,sO/DISTYUCeCH7SZiF2m2MaEpME=
-12,29,Qvod3l8T6K1G9B4QOROergfNX0s=,sO/DISTYUCeCH7SZiF2m2MaEpME=
-13,26,Qvod3l8T6K1G9B4QOROergfNX0s=,sO/DISTYUCeCH7SZiF2m2MaEpME=
-12,26,Qvod3l8T6K1G9B4QOROergfNX0s=,sO/DISTYUCeCH7SZiF2m2MaEpME=
-14,27,Qvod3l8T6K1G9B4QOROergfNX0s=,sO/DISTYUCeCH7SZiF2m2MaEpME=
-11,26,Qvod3l8T6K1G9B4QOROergfNX0s=,sO/DISTYUCeCH7SZiF2m2MaEpME=
-10,26,Qvod3l8T6K1G9B4QOROergfNX0s=,sO/DISTYUCeCH7SZiF2m2MaEpME=
-14,24,Qvod3l8T6K1G9B4QOROergfNX0s=,sO/DISTYUCeCH7SZiF2m2MaEpME=
-13,25,Qvod3l8T6K1G9B4QOROergfNX0s=,sO/DISTYUCeCH7SZiF2m2MaEpME=
-13,27,Qvod3l8T6K1G9B4QOROergfNX0s=,sO/DISTYUCeCH7SZiF2m2MaEpME=
-11,29,Qvod3l8T6K1G9B4QOROergfNX0s=,sO/DISTYUCeCH7SZiF2m2MaEpME=
-10,29,Qvod3l8T6K1G9B4QOROergfNX0s=,sO/DISTYUCeCH7SZiF2m2MaEpME=
-16,30,Qvod3l8T6K1G9B4QOROergfNX0s=,sO/DISTYUCeCH7SZiF2m2MaEpME=
-15,30,Qvod3l8T6K1G9B4QOROergfNX0s=,sO/DISTYUCeCH7SZiF2m2MaEpME=
-14,30,Qvod3l8T6K1G9B4QOROergfNX0s=,sO/DISTYUCeCH7SZiF2m2MaEpME=
-13,30,Qvod3l8T6K1G9B4QOROergfNX0s=,sO/DISTYUCeCH7SZiF2m2MaEpME=
-12,24,Qvod3l8T6K1G9B4QOROergfNX0s=,sO/DISTYUCeCH7SZiF2m2MaEpME=
-12,30,Qvod3l8T6K1G9B4QOROergfNX0s=,sO/DISTYUCeCH7SZiF2m2MaEpME=
-11,30,Qvod3l8T6K1G9B4QOROergfNX0s=,sO/DISTYUCeCH7SZiF2m2MaEpME=
-10,30,Qvod3l8T6K1G9B4QOROergfNX0s=,sO/DISTYUCeCH7SZiF2m2MaEpME=
-15,31,Qvod3l8T6K1G9B4QOROergfNX0s=,sO/DISTYUCeCH7SZiF2m2MaEpME=
-14,31,Qvod3l8T6K1G9B4QOROergfNX0s=,sO/DISTYUCeCH7SZiF2m2MaEpME=
-11,24,Qvod3l8T6K1G9B4QOROergfNX0s=,sO/DISTYUCeCH7SZiF2m2MaEpME=
-13,31,Qvod3l8T6K1G9B4QOROergfNX0s=,sO/DISTYUCeCH7SZiF2m2MaEpME=
-12,28,Qvod3l8T6K1G9B4QOROergfNX0s=,sO/DISTYUCeCH7SZiF2m2MaEpME=
-12,31,Qvod3l8T6K1G9B4QOROergfNX0s=,sO/DISTYUCeCH7SZiF2m2MaEpME=
-13,28,Qvod3l8T6K1G9B4QOROergfNX0s=,sO/DISTYUCeCH7SZiF2m2MaEpME=
-11,31,Qvod3l8T6K1G9B4QOROergfNX0s=,sO/DISTYUCeCH7SZiF2m2MaEpME=
-15,25,Qvod3l8T6K1G9B4QOROergfNX0s=,sO/DISTYUCeCH7SZiF2m2MaEpME=
-12,25,Qvod3l8T6K1G9B4QOROergfNX0s=,sO/DISTYUCeCH7SZiF2m2MaEpME=
-11,27,Qvod3l8T6K1G9B4QOROergfNX0s=,sO/DISTYUCeCH7SZiF2m2MaEpME=
-14,28,Qvod3l8T6K1G9B4QOROergfNX0s=,sO/DISTYUCeCH7SZiF2m2MaEpME=
-13,24,Qvod3l8T6K1G9B4QOROergfNX0s=,sO/DISTYUCeCH7SZiF2m2MaEpME=
-10,31,Qvod3l8T6K1G9B4QOROergfNX0s=,sO/DISTYUCeCH7SZiF2m2MaEpME=
-16,25,Qvod3l8T6K1G9B4QOROergfNX0s=,sO/DISTYUCeCH7SZiF2m2MaEpME=
-12,27,Qvod3l8T6K1G9B4QOROergfNX0s=,sO/DISTYUCeCH7SZiF2m2MaEpME=
-10,24,Qvod3l8T6K1G9B4QOROergfNX0s=,sO/DISTYUCeCH7SZiF2m2MaEpME=
-10,25,Qvod3l8T6K1G9B4QOROergfNX0s=,sO/DISTYUCeCH7SZiF2m2MaEpME=
-11,25,Qvod3l8T6K1G9B4QOROergfNX0s=,sO/DISTYUCeCH7SZiF2m2MaEpME=
-16,31,Qvod3l8T6K1G9B4QOROergfNX0s=,sO/DISTYUCeCH7SZiF2m2MaEpME=
-7,16,Qvod3l8T6K1G9B4QOROergfNX0s=,9yHtgJ2a+FvD0fR1wHQVYA0L+Os=
-6,16,Qvod3l8T6K1G9B4QOROergfNX0s=,9yHtgJ2a+FvD0fR1wHQVYA0L+Os=
-5,16,Qvod3l8T6K1G9B4QOROergfNX0s=,9yHtgJ2a+FvD0fR1wHQVYA0L+Os=
-4,16,Qvod3l8T6K1G9B4QOROergfNX0s=,9yHtgJ2a+FvD0fR1wHQVYA0L+Os=
-3,16,Qvod3l8T6K1G9B4QOROergfNX0s=,9yHtgJ2a+FvD0fR1wHQVYA0L+Os=
-2,16,Qvod3l8T6K1G9B4QOROergfNX0s=,9yHtgJ2a+FvD0fR1wHQVYA0L+Os=
-8,16,Qvod3l8T6K1G9B4QOROergfNX0s=,9yHtgJ2a+FvD0fR1wHQVYA0L+Os=
-16,24,Qvod3l8T6K1G9B4QOROergfNX0s=,sO/DISTYUCeCH7SZiF2m2MaEpME=
-1,18,Qvod3l8T6K1G9B4QOROergfNX0s=,9yHtgJ2a+FvD0fR1wHQVYA0L+Os=
-1,20,Qvod3l8T6K1G9B4QOROergfNX0s=,9yHtgJ2a+FvD0fR1wHQVYA0L+Os=
-1,19,Qvod3l8T6K1G9B4QOROergfNX0s=,9yHtgJ2a+FvD0fR1wHQVYA0L+Os=
-1,22,Qvod3l8T6K1G9B4QOROergfNX0s=,9yHtgJ2a+FvD0fR1wHQVYA0L+Os=
-1,17,Qvod3l8T6K1G9B4QOROergfNX0s=,9yHtgJ2a+FvD0fR1wHQVYA0L+Os=
-1,16,Qvod3l8T6K1G9B4QOROergfNX0s=,9yHtgJ2a+FvD0fR1wHQVYA0L+Os=
-9,25,Qvod3l8T6K1G9B4QOROergfNX0s=,sO/DISTYUCeCH7SZiF2m2MaEpME=
-2,31,Qvod3l8T6K1G9B4QOROergfNX0s=,j4+sbp9Oo7pj8fjRwiJYe5Y1VPQ=
-3,31,Qvod3l8T6K1G9B4QOROergfNX0s=,j4+sbp9Oo7pj8fjRwiJYe5Y1VPQ=
-4,27,Qvod3l8T6K1G9B4QOROergfNX0s=,j4+sbp9Oo7pj8fjRwiJYe5Y1VPQ=
-5,27,Qvod3l8T6K1G9B4QOROergfNX0s=,j4+sbp9Oo7pj8fjRwiJYe5Y1VPQ=
-4,31,Qvod3l8T6K1G9B4QOROergfNX0s=,j4+sbp9Oo7pj8fjRwiJYe5Y1VPQ=
-6,27,Qvod3l8T6K1G9B4QOROergfNX0s=,j4+sbp9Oo7pj8fjRwiJYe5Y1VPQ=
-5,31,Qvod3l8T6K1G9B4QOROergfNX0s=,j4+sbp9Oo7pj8fjRwiJYe5Y1VPQ=
-6,31,Qvod3l8T6K1G9B4QOROergfNX0s=,j4+sbp9Oo7pj8fjRwiJYe5Y1VPQ=
-7,27,Qvod3l8T6K1G9B4QOROergfNX0s=,j4+sbp9Oo7pj8fjRwiJYe5Y1VPQ=
-8,27,Qvod3l8T6K1G9B4QOROergfNX0s=,j4+sbp9Oo7pj8fjRwiJYe5Y1VPQ=
-1,26,Qvod3l8T6K1G9B4QOROergfNX0s=,j4+sbp9Oo7pj8fjRwiJYe5Y1VPQ=
-2,26,Qvod3l8T6K1G9B4QOROergfNX0s=,j4+sbp9Oo7pj8fjRwiJYe5Y1VPQ=
-7,31,Qvod3l8T6K1G9B4QOROergfNX0s=,j4+sbp9Oo7pj8fjRwiJYe5Y1VPQ=
-3,26,Qvod3l8T6K1G9B4QOROergfNX0s=,j4+sbp9Oo7pj8fjRwiJYe5Y1VPQ=
-4,26,Qvod3l8T6K1G9B4QOROergfNX0s=,j4+sbp9Oo7pj8fjRwiJYe5Y1VPQ=
-8,31,Qvod3l8T6K1G9B4QOROergfNX0s=,j4+sbp9Oo7pj8fjRwiJYe5Y1VPQ=
-5,26,Qvod3l8T6K1G9B4QOROergfNX0s=,j4+sbp9Oo7pj8fjRwiJYe5Y1VPQ=
-2,30,Qvod3l8T6K1G9B4QOROergfNX0s=,j4+sbp9Oo7pj8fjRwiJYe5Y1VPQ=
-9,27,Qvod3l8T6K1G9B4QOROergfNX0s=,sO/DISTYUCeCH7SZiF2m2MaEpME=
-3,27,Qvod3l8T6K1G9B4QOROergfNX0s=,j4+sbp9Oo7pj8fjRwiJYe5Y1VPQ=
-2,27,Qvod3l8T6K1G9B4QOROergfNX0s=,j4+sbp9Oo7pj8fjRwiJYe5Y1VPQ=
-1,27,Qvod3l8T6K1G9B4QOROergfNX0s=,j4+sbp9Oo7pj8fjRwiJYe5Y1VPQ=
-1,30,Qvod3l8T6K1G9B4QOROergfNX0s=,j4+sbp9Oo7pj8fjRwiJYe5Y1VPQ=
-1,23,Qvod3l8T6K1G9B4QOROergfNX0s=,9yHtgJ2a+FvD0fR1wHQVYA0L+Os=
-2,23,Qvod3l8T6K1G9B4QOROergfNX0s=,9yHtgJ2a+FvD0fR1wHQVYA0L+Os=
-3,23,Qvod3l8T6K1G9B4QOROergfNX0s=,9yHtgJ2a+FvD0fR1wHQVYA0L+Os=
-4,23,Qvod3l8T6K1G9B4QOROergfNX0s=,9yHtgJ2a+FvD0fR1wHQVYA0L+Os=
-5,23,Qvod3l8T6K1G9B4QOROergfNX0s=,9yHtgJ2a+FvD0fR1wHQVYA0L+Os=
-6,26,Qvod3l8T6K1G9B4QOROergfNX0s=,j4+sbp9Oo7pj8fjRwiJYe5Y1VPQ=
-7,26,Qvod3l8T6K1G9B4QOROergfNX0s=,j4+sbp9Oo7pj8fjRwiJYe5Y1VPQ=
-3,30,Qvod3l8T6K1G9B4QOROergfNX0s=,j4+sbp9Oo7pj8fjRwiJYe5Y1VPQ=
-6,23,Qvod3l8T6K1G9B4QOROergfNX0s=,9yHtgJ2a+FvD0fR1wHQVYA0L+Os=
-7,23,Qvod3l8T6K1G9B4QOROergfNX0s=,9yHtgJ2a+FvD0fR1wHQVYA0L+Os=
-8,26,Qvod3l8T6K1G9B4QOROergfNX0s=,j4+sbp9Oo7pj8fjRwiJYe5Y1VPQ=
-9,28,Qvod3l8T6K1G9B4QOROergfNX0s=,sO/DISTYUCeCH7SZiF2m2MaEpME=
-4,30,Qvod3l8T6K1G9B4QOROergfNX0s=,j4+sbp9Oo7pj8fjRwiJYe5Y1VPQ=
-8,28,Qvod3l8T6K1G9B4QOROergfNX0s=,j4+sbp9Oo7pj8fjRwiJYe5Y1VPQ=
-2,25,Qvod3l8T6K1G9B4QOROergfNX0s=,j4+sbp9Oo7pj8fjRwiJYe5Y1VPQ=
-9,26,Qvod3l8T6K1G9B4QOROergfNX0s=,sO/DISTYUCeCH7SZiF2m2MaEpME=
-3,25,Qvod3l8T6K1G9B4QOROergfNX0s=,j4+sbp9Oo7pj8fjRwiJYe5Y1VPQ=
-7,28,Qvod3l8T6K1G9B4QOROergfNX0s=,j4+sbp9Oo7pj8fjRwiJYe5Y1VPQ=
-6,28,Qvod3l8T6K1G9B4QOROergfNX0s=,j4+sbp9Oo7pj8fjRwiJYe5Y1VPQ=
-4,25,Qvod3l8T6K1G9B4QOROergfNX0s=,j4+sbp9Oo7pj8fjRwiJYe5Y1VPQ=
-5,28,Qvod3l8T6K1G9B4QOROergfNX0s=,j4+sbp9Oo7pj8fjRwiJYe5Y1VPQ=
-4,28,Qvod3l8T6K1G9B4QOROergfNX0s=,j4+sbp9Oo7pj8fjRwiJYe5Y1VPQ=
-1,31,Qvod3l8T6K1G9B4QOROergfNX0s=,j4+sbp9Oo7pj8fjRwiJYe5Y1VPQ=
-3,28,Qvod3l8T6K1G9B4QOROergfNX0s=,j4+sbp9Oo7pj8fjRwiJYe5Y1VPQ=
-2,28,Qvod3l8T6K1G9B4QOROergfNX0s=,j4+sbp9Oo7pj8fjRwiJYe5Y1VPQ=
-9,29,Qvod3l8T6K1G9B4QOROergfNX0s=,sO/DISTYUCeCH7SZiF2m2MaEpME=
-9,24,Qvod3l8T6K1G9B4QOROergfNX0s=,sO/DISTYUCeCH7SZiF2m2MaEpME=
-1,25,Qvod3l8T6K1G9B4QOROergfNX0s=,j4+sbp9Oo7pj8fjRwiJYe5Y1VPQ=
-7,25,Qvod3l8T6K1G9B4QOROergfNX0s=,j4+sbp9Oo7pj8fjRwiJYe5Y1VPQ=
-8,25,Qvod3l8T6K1G9B4QOROergfNX0s=,j4+sbp9Oo7pj8fjRwiJYe5Y1VPQ=
-1,28,Qvod3l8T6K1G9B4QOROergfNX0s=,j4+sbp9Oo7pj8fjRwiJYe5Y1VPQ=
-8,29,Qvod3l8T6K1G9B4QOROergfNX0s=,j4+sbp9Oo7pj8fjRwiJYe5Y1VPQ=
-7,29,Qvod3l8T6K1G9B4QOROergfNX0s=,j4+sbp9Oo7pj8fjRwiJYe5Y1VPQ=
-6,29,Qvod3l8T6K1G9B4QOROergfNX0s=,j4+sbp9Oo7pj8fjRwiJYe5Y1VPQ=
-5,29,Qvod3l8T6K1G9B4QOROergfNX0s=,j4+sbp9Oo7pj8fjRwiJYe5Y1VPQ=
-4,29,Qvod3l8T6K1G9B4QOROergfNX0s=,j4+sbp9Oo7pj8fjRwiJYe5Y1VPQ=
-9,30,Qvod3l8T6K1G9B4QOROergfNX0s=,sO/DISTYUCeCH7SZiF2m2MaEpME=
-3,29,Qvod3l8T6K1G9B4QOROergfNX0s=,j4+sbp9Oo7pj8fjRwiJYe5Y1VPQ=
-2,29,Qvod3l8T6K1G9B4QOROergfNX0s=,j4+sbp9Oo7pj8fjRwiJYe5Y1VPQ=
-6,25,Qvod3l8T6K1G9B4QOROergfNX0s=,j4+sbp9Oo7pj8fjRwiJYe5Y1VPQ=
-1,29,Qvod3l8T6K1G9B4QOROergfNX0s=,j4+sbp9Oo7pj8fjRwiJYe5Y1VPQ=
-8,30,Qvod3l8T6K1G9B4QOROergfNX0s=,j4+sbp9Oo7pj8fjRwiJYe5Y1VPQ=
-7,30,Qvod3l8T6K1G9B4QOROergfNX0s=,j4+sbp9Oo7pj8fjRwiJYe5Y1VPQ=
-6,30,Qvod3l8T6K1G9B4QOROergfNX0s=,j4+sbp9Oo7pj8fjRwiJYe5Y1VPQ=
-9,31,Qvod3l8T6K1G9B4QOROergfNX0s=,sO/DISTYUCeCH7SZiF2m2MaEpME=
-8,24,Qvod3l8T6K1G9B4QOROergfNX0s=,j4+sbp9Oo7pj8fjRwiJYe5Y1VPQ=
-7,24,Qvod3l8T6K1G9B4QOROergfNX0s=,j4+sbp9Oo7pj8fjRwiJYe5Y1VPQ=
-5,30,Qvod3l8T6K1G9B4QOROergfNX0s=,j4+sbp9Oo7pj8fjRwiJYe5Y1VPQ=
-6,24,Qvod3l8T6K1G9B4QOROergfNX0s=,j4+sbp9Oo7pj8fjRwiJYe5Y1VPQ=
-5,24,Qvod3l8T6K1G9B4QOROergfNX0s=,j4+sbp9Oo7pj8fjRwiJYe5Y1VPQ=
-4,24,Qvod3l8T6K1G9B4QOROergfNX0s=,j4+sbp9Oo7pj8fjRwiJYe5Y1VPQ=
-5,25,Qvod3l8T6K1G9B4QOROergfNX0s=,j4+sbp9Oo7pj8fjRwiJYe5Y1VPQ=
-8,23,Qvod3l8T6K1G9B4QOROergfNX0s=,9yHtgJ2a+FvD0fR1wHQVYA0L+Os=
-2,24,Qvod3l8T6K1G9B4QOROergfNX0s=,j4+sbp9Oo7pj8fjRwiJYe5Y1VPQ=
-1,24,Qvod3l8T6K1G9B4QOROergfNX0s=,j4+sbp9Oo7pj8fjRwiJYe5Y1VPQ=
-3,24,Qvod3l8T6K1G9B4QOROergfNX0s=,j4+sbp9Oo7pj8fjRwiJYe5Y1VPQ=
-1,21,Qvod3l8T6K1G9B4QOROergfNX0s=,9yHtgJ2a+FvD0fR1wHQVYA0L+Os=
-4,11,41EQU55KK69L/4J0ad8AifXGTVY=,iugqECaz1STQBqgo2I4Fmpr76ok=
-4,10,41EQU55KK69L/4J0ad8AifXGTVY=,iugqECaz1STQBqgo2I4Fmpr76ok=
-2,15,41EQU55KK69L/4J0ad8AifXGTVY=,iugqECaz1STQBqgo2I4Fmpr76ok=
-3,10,41EQU55KK69L/4J0ad8AifXGTVY=,iugqECaz1STQBqgo2I4Fmpr76ok=
-5,10,41EQU55KK69L/4J0ad8AifXGTVY=,iugqECaz1STQBqgo2I4Fmpr76ok=
-6,10,41EQU55KK69L/4J0ad8AifXGTVY=,iugqECaz1STQBqgo2I4Fmpr76ok=
-3,15,41EQU55KK69L/4J0ad8AifXGTVY=,iugqECaz1STQBqgo2I4Fmpr76ok=
-5,11,41EQU55KK69L/4J0ad8AifXGTVY=,iugqECaz1STQBqgo2I4Fmpr76ok=
-4,15,41EQU55KK69L/4J0ad8AifXGTVY=,iugqECaz1STQBqgo2I4Fmpr76ok=
-7,10,41EQU55KK69L/4J0ad8AifXGTVY=,iugqECaz1STQBqgo2I4Fmpr76ok=
-8,10,41EQU55KK69L/4J0ad8AifXGTVY=,iugqECaz1STQBqgo2I4Fmpr76ok=
-5,15,41EQU55KK69L/4J0ad8AifXGTVY=,iugqECaz1STQBqgo2I4Fmpr76ok=
-6,11,41EQU55KK69L/4J0ad8AifXGTVY=,iugqECaz1STQBqgo2I4Fmpr76ok=
-6,15,41EQU55KK69L/4J0ad8AifXGTVY=,iugqECaz1STQBqgo2I4Fmpr76ok=
-2,14,41EQU55KK69L/4J0ad8AifXGTVY=,iugqECaz1STQBqgo2I4Fmpr76ok=
-7,15,41EQU55KK69L/4J0ad8AifXGTVY=,iugqECaz1STQBqgo2I4Fmpr76ok=
-3,14,41EQU55KK69L/4J0ad8AifXGTVY=,iugqECaz1STQBqgo2I4Fmpr76ok=
-4,14,41EQU55KK69L/4J0ad8AifXGTVY=,iugqECaz1STQBqgo2I4Fmpr76ok=
-5,14,41EQU55KK69L/4J0ad8AifXGTVY=,iugqECaz1STQBqgo2I4Fmpr76ok=
-7,11,41EQU55KK69L/4J0ad8AifXGTVY=,iugqECaz1STQBqgo2I4Fmpr76ok=
-6,14,41EQU55KK69L/4J0ad8AifXGTVY=,iugqECaz1STQBqgo2I4Fmpr76ok=
-7,14,41EQU55KK69L/4J0ad8AifXGTVY=,iugqECaz1STQBqgo2I4Fmpr76ok=
-8,14,41EQU55KK69L/4J0ad8AifXGTVY=,iugqECaz1STQBqgo2I4Fmpr76ok=
-2,13,41EQU55KK69L/4J0ad8AifXGTVY=,iugqECaz1STQBqgo2I4Fmpr76ok=
-3,13,41EQU55KK69L/4J0ad8AifXGTVY=,iugqECaz1STQBqgo2I4Fmpr76ok=
-4,13,41EQU55KK69L/4J0ad8AifXGTVY=,iugqECaz1STQBqgo2I4Fmpr76ok=
-2,9,41EQU55KK69L/4J0ad8AifXGTVY=,iugqECaz1STQBqgo2I4Fmpr76ok=
-8,11,41EQU55KK69L/4J0ad8AifXGTVY=,iugqECaz1STQBqgo2I4Fmpr76ok=
-6,13,41EQU55KK69L/4J0ad8AifXGTVY=,iugqECaz1STQBqgo2I4Fmpr76ok=
-5,13,41EQU55KK69L/4J0ad8AifXGTVY=,iugqECaz1STQBqgo2I4Fmpr76ok=
-7,13,41EQU55KK69L/4J0ad8AifXGTVY=,iugqECaz1STQBqgo2I4Fmpr76ok=
-8,13,41EQU55KK69L/4J0ad8AifXGTVY=,iugqECaz1STQBqgo2I4Fmpr76ok=
-2,12,41EQU55KK69L/4J0ad8AifXGTVY=,iugqECaz1STQBqgo2I4Fmpr76ok=
-3,12,41EQU55KK69L/4J0ad8AifXGTVY=,iugqECaz1STQBqgo2I4Fmpr76ok=
-4,12,41EQU55KK69L/4J0ad8AifXGTVY=,iugqECaz1STQBqgo2I4Fmpr76ok=
-3,9,41EQU55KK69L/4J0ad8AifXGTVY=,iugqECaz1STQBqgo2I4Fmpr76ok=
-8,9,41EQU55KK69L/4J0ad8AifXGTVY=,iugqECaz1STQBqgo2I4Fmpr76ok=
-4,9,41EQU55KK69L/4J0ad8AifXGTVY=,iugqECaz1STQBqgo2I4Fmpr76ok=
-5,12,41EQU55KK69L/4J0ad8AifXGTVY=,iugqECaz1STQBqgo2I4Fmpr76ok=
-7,12,41EQU55KK69L/4J0ad8AifXGTVY=,iugqECaz1STQBqgo2I4Fmpr76ok=
-5,9,41EQU55KK69L/4J0ad8AifXGTVY=,iugqECaz1STQBqgo2I4Fmpr76ok=
-6,12,41EQU55KK69L/4J0ad8AifXGTVY=,iugqECaz1STQBqgo2I4Fmpr76ok=
-8,12,41EQU55KK69L/4J0ad8AifXGTVY=,iugqECaz1STQBqgo2I4Fmpr76ok=
-6,9,41EQU55KK69L/4J0ad8AifXGTVY=,iugqECaz1STQBqgo2I4Fmpr76ok=
-2,11,41EQU55KK69L/4J0ad8AifXGTVY=,iugqECaz1STQBqgo2I4Fmpr76ok=
-2,10,41EQU55KK69L/4J0ad8AifXGTVY=,iugqECaz1STQBqgo2I4Fmpr76ok=
-3,11,41EQU55KK69L/4J0ad8AifXGTVY=,iugqECaz1STQBqgo2I4Fmpr76ok=
-1,12,41EQU55KK69L/4J0ad8AifXGTVY=,iugqECaz1STQBqgo2I4Fmpr76ok=
-1,11,41EQU55KK69L/4J0ad8AifXGTVY=,iugqECaz1STQBqgo2I4Fmpr76ok=
-1,10,41EQU55KK69L/4J0ad8AifXGTVY=,iugqECaz1STQBqgo2I4Fmpr76ok=
-1,13,41EQU55KK69L/4J0ad8AifXGTVY=,iugqECaz1STQBqgo2I4Fmpr76ok=
-1,9,41EQU55KK69L/4J0ad8AifXGTVY=,iugqECaz1STQBqgo2I4Fmpr76ok=
-8,15,41EQU55KK69L/4J0ad8AifXGTVY=,iugqECaz1STQBqgo2I4Fmpr76ok=
-1,15,41EQU55KK69L/4J0ad8AifXGTVY=,iugqECaz1STQBqgo2I4Fmpr76ok=
-1,14,41EQU55KK69L/4J0ad8AifXGTVY=,iugqECaz1STQBqgo2I4Fmpr76ok=
-5,8,41EQU55KK69L/4J0ad8AifXGTVY=,iugqECaz1STQBqgo2I4Fmpr76ok=
-5,5,41EQU55KK69L/4J0ad8AifXGTVY=,aaKTessHCO7Eby9gEIonSXMvKTs=
-4,5,41EQU55KK69L/4J0ad8AifXGTVY=,aaKTessHCO7Eby9gEIonSXMvKTs=
-6,5,41EQU55KK69L/4J0ad8AifXGTVY=,aaKTessHCO7Eby9gEIonSXMvKTs=
-3,5,41EQU55KK69L/4J0ad8AifXGTVY=,aaKTessHCO7Eby9gEIonSXMvKTs=
-2,5,41EQU55KK69L/4J0ad8AifXGTVY=,aaKTessHCO7Eby9gEIonSXMvKTs=
-8,5,41EQU55KK69L/4J0ad8AifXGTVY=,aaKTessHCO7Eby9gEIonSXMvKTs=
-7,5,41EQU55KK69L/4J0ad8AifXGTVY=,aaKTessHCO7Eby9gEIonSXMvKTs=
-1,5,41EQU55KK69L/4J0ad8AifXGTVY=,aaKTessHCO7Eby9gEIonSXMvKTs=
-8,6,41EQU55KK69L/4J0ad8AifXGTVY=,aaKTessHCO7Eby9gEIonSXMvKTs=
-7,6,41EQU55KK69L/4J0ad8AifXGTVY=,aaKTessHCO7Eby9gEIonSXMvKTs=
-1,4,41EQU55KK69L/4J0ad8AifXGTVY=,aaKTessHCO7Eby9gEIonSXMvKTs=
-8,8,41EQU55KK69L/4J0ad8AifXGTVY=,iugqECaz1STQBqgo2I4Fmpr76ok=
-6,6,41EQU55KK69L/4J0ad8AifXGTVY=,aaKTessHCO7Eby9gEIonSXMvKTs=
-2,4,41EQU55KK69L/4J0ad8AifXGTVY=,aaKTessHCO7Eby9gEIonSXMvKTs=
-5,6,41EQU55KK69L/4J0ad8AifXGTVY=,aaKTessHCO7Eby9gEIonSXMvKTs=
-3,4,41EQU55KK69L/4J0ad8AifXGTVY=,aaKTessHCO7Eby9gEIonSXMvKTs=
-4,8,41EQU55KK69L/4J0ad8AifXGTVY=,iugqECaz1STQBqgo2I4Fmpr76ok=
-4,4,41EQU55KK69L/4J0ad8AifXGTVY=,aaKTessHCO7Eby9gEIonSXMvKTs=
-5,4,41EQU55KK69L/4J0ad8AifXGTVY=,aaKTessHCO7Eby9gEIonSXMvKTs=
-8,0,41EQU55KK69L/4J0ad8AifXGTVY=,aaKTessHCO7Eby9gEIonSXMvKTs=
-6,4,41EQU55KK69L/4J0ad8AifXGTVY=,aaKTessHCO7Eby9gEIonSXMvKTs=
-7,0,41EQU55KK69L/4J0ad8AifXGTVY=,aaKTessHCO7Eby9gEIonSXMvKTs=
-7,4,41EQU55KK69L/4J0ad8AifXGTVY=,aaKTessHCO7Eby9gEIonSXMvKTs=
-8,4,41EQU55KK69L/4J0ad8AifXGTVY=,aaKTessHCO7Eby9gEIonSXMvKTs=
-6,0,41EQU55KK69L/4J0ad8AifXGTVY=,aaKTessHCO7Eby9gEIonSXMvKTs=
-4,6,41EQU55KK69L/4J0ad8AifXGTVY=,aaKTessHCO7Eby9gEIonSXMvKTs=
-3,8,41EQU55KK69L/4J0ad8AifXGTVY=,iugqECaz1STQBqgo2I4Fmpr76ok=
-1,3,41EQU55KK69L/4J0ad8AifXGTVY=,aaKTessHCO7Eby9gEIonSXMvKTs=
-2,8,41EQU55KK69L/4J0ad8AifXGTVY=,iugqECaz1STQBqgo2I4Fmpr76ok=
-1,8,41EQU55KK69L/4J0ad8AifXGTVY=,iugqECaz1STQBqgo2I4Fmpr76ok=
-6,8,41EQU55KK69L/4J0ad8AifXGTVY=,iugqECaz1STQBqgo2I4Fmpr76ok=
-7,8,41EQU55KK69L/4J0ad8AifXGTVY=,iugqECaz1STQBqgo2I4Fmpr76ok=
-3,6,41EQU55KK69L/4J0ad8AifXGTVY=,aaKTessHCO7Eby9gEIonSXMvKTs=
-2,3,41EQU55KK69L/4J0ad8AifXGTVY=,aaKTessHCO7Eby9gEIonSXMvKTs=
-2,6,41EQU55KK69L/4J0ad8AifXGTVY=,aaKTessHCO7Eby9gEIonSXMvKTs=
-3,3,41EQU55KK69L/4J0ad8AifXGTVY=,aaKTessHCO7Eby9gEIonSXMvKTs=
-4,3,41EQU55KK69L/4J0ad8AifXGTVY=,aaKTessHCO7Eby9gEIonSXMvKTs=
-1,6,41EQU55KK69L/4J0ad8AifXGTVY=,aaKTessHCO7Eby9gEIonSXMvKTs=
-8,7,41EQU55KK69L/4J0ad8AifXGTVY=,aaKTessHCO7Eby9gEIonSXMvKTs=
-7,7,41EQU55KK69L/4J0ad8AifXGTVY=,aaKTessHCO7Eby9gEIonSXMvKTs=
-6,7,41EQU55KK69L/4J0ad8AifXGTVY=,aaKTessHCO7Eby9gEIonSXMvKTs=
-5,7,41EQU55KK69L/4J0ad8AifXGTVY=,aaKTessHCO7Eby9gEIonSXMvKTs=
-4,7,41EQU55KK69L/4J0ad8AifXGTVY=,aaKTessHCO7Eby9gEIonSXMvKTs=
-3,7,41EQU55KK69L/4J0ad8AifXGTVY=,aaKTessHCO7Eby9gEIonSXMvKTs=
-2,7,41EQU55KK69L/4J0ad8AifXGTVY=,aaKTessHCO7Eby9gEIonSXMvKTs=
-5,3,41EQU55KK69L/4J0ad8AifXGTVY=,aaKTessHCO7Eby9gEIonSXMvKTs=
-6,3,41EQU55KK69L/4J0ad8AifXGTVY=,aaKTessHCO7Eby9gEIonSXMvKTs=
-7,3,41EQU55KK69L/4J0ad8AifXGTVY=,aaKTessHCO7Eby9gEIonSXMvKTs=
-8,3,41EQU55KK69L/4J0ad8AifXGTVY=,aaKTessHCO7Eby9gEIonSXMvKTs=
-1,7,41EQU55KK69L/4J0ad8AifXGTVY=,aaKTessHCO7Eby9gEIonSXMvKTs=
-5,0,41EQU55KK69L/4J0ad8AifXGTVY=,aaKTessHCO7Eby9gEIonSXMvKTs=
-1,2,41EQU55KK69L/4J0ad8AifXGTVY=,aaKTessHCO7Eby9gEIonSXMvKTs=
-2,2,41EQU55KK69L/4J0ad8AifXGTVY=,aaKTessHCO7Eby9gEIonSXMvKTs=
-4,2,41EQU55KK69L/4J0ad8AifXGTVY=,aaKTessHCO7Eby9gEIonSXMvKTs=
-3,2,41EQU55KK69L/4J0ad8AifXGTVY=,aaKTessHCO7Eby9gEIonSXMvKTs=
-5,2,41EQU55KK69L/4J0ad8AifXGTVY=,aaKTessHCO7Eby9gEIonSXMvKTs=
-6,2,41EQU55KK69L/4J0ad8AifXGTVY=,aaKTessHCO7Eby9gEIonSXMvKTs=
-7,2,41EQU55KK69L/4J0ad8AifXGTVY=,aaKTessHCO7Eby9gEIonSXMvKTs=
-8,2,41EQU55KK69L/4J0ad8AifXGTVY=,aaKTessHCO7Eby9gEIonSXMvKTs=
-4,0,41EQU55KK69L/4J0ad8AifXGTVY=,aaKTessHCO7Eby9gEIonSXMvKTs=
-3,0,41EQU55KK69L/4J0ad8AifXGTVY=,aaKTessHCO7Eby9gEIonSXMvKTs=
-1,1,41EQU55KK69L/4J0ad8AifXGTVY=,aaKTessHCO7Eby9gEIonSXMvKTs=
-2,0,41EQU55KK69L/4J0ad8AifXGTVY=,aaKTessHCO7Eby9gEIonSXMvKTs=
-2,1,41EQU55KK69L/4J0ad8AifXGTVY=,aaKTessHCO7Eby9gEIonSXMvKTs=
-1,0,41EQU55KK69L/4J0ad8AifXGTVY=,aaKTessHCO7Eby9gEIonSXMvKTs=
-8,1,41EQU55KK69L/4J0ad8AifXGTVY=,aaKTessHCO7Eby9gEIonSXMvKTs=
-3,1,41EQU55KK69L/4J0ad8AifXGTVY=,aaKTessHCO7Eby9gEIonSXMvKTs=
-7,1,41EQU55KK69L/4J0ad8AifXGTVY=,aaKTessHCO7Eby9gEIonSXMvKTs=
-6,1,41EQU55KK69L/4J0ad8AifXGTVY=,aaKTessHCO7Eby9gEIonSXMvKTs=
-5,1,41EQU55KK69L/4J0ad8AifXGTVY=,aaKTessHCO7Eby9gEIonSXMvKTs=
-4,1,41EQU55KK69L/4J0ad8AifXGTVY=,aaKTessHCO7Eby9gEIonSXMvKTs=
-7,9,41EQU55KK69L/4J0ad8AifXGTVY=,iugqECaz1STQBqgo2I4Fmpr76ok=
