-49,-17,hh+0R/G7WYvYywJvfbSHeqLAdfo=,OkHtkWbZPlZ0tgcG3scwpRgzkao=
-51,-17,hh+0R/G7WYvYywJvfbSHeqLAdfo=,OkHtkWbZPlZ0tgcG3scwpRgzkao=
-50,-17,hh+0R/G7WYvYywJvfbSHeqLAdfo=,OkHtkWbZPlZ0tgcG3scwpRgzkao=
-63,-31,hh+0R/G7WYvYywJvfbSHeqLAdfo=,OkHtkWbZPlZ0tgcG3scwpRgzkao=
-52,-17,hh+0R/G7WYvYywJvfbSHeqLAdfo=,OkHtkWbZPlZ0tgcG3scwpRgzkao=
-49,-32,hh+0R/G7WYvYywJvfbSHeqLAdfo=,OkHtkWbZPlZ0tgcG3scwpRgzkao=
-62,-31,hh+0R/G7WYvYywJvfbSHeqLAdfo=,OkHtkWbZPlZ0tgcG3scwpRgzkao=
-61,-31,hh+0R/G7WYvYywJvfbSHeqLAdfo=,OkHtkWbZPlZ0tgcG3scwpRgzkao=
-54,-17,hh+0R/G7WYvYywJvfbSHeqLAdfo=,OkHtkWbZPlZ0tgcG3scwpRgzkao=
-60,-31,hh+0R/G7WYvYywJvfbSHeqLAdfo=,OkHtkWbZPlZ0tgcG3scwpRgzkao=
-56,-17,hh+0R/G7WYvYywJvfbSHeqLAdfo=,OkHtkWbZPlZ0tgcG3scwpRgzkao=
-57,-17,hh+0R/G7WYvYywJvfbSHeqLAdfo=,OkHtkWbZPlZ0tgcG3scwpRgzkao=
-59,-31,hh+0R/G7WYvYywJvfbSHeqLAdfo=,OkHtkWbZPlZ0tgcG3scwpRgzkao=
-58,-17,hh+0R/G7WYvYywJvfbSHeqLAdfo=,OkHtkWbZPlZ0tgcG3scwpRgzkao=
-58,-31,hh+0R/G7WYvYywJvfbSHeqLAdfo=,OkHtkWbZPlZ0tgcG3scwpRgzkao=
-53,-17,hh+0R/G7WYvYywJvfbSHeqLAdfo=,OkHtkWbZPlZ0tgcG3scwpRgzkao=
-57,-31,hh+0R/G7WYvYywJvfbSHeqLAdfo=,OkHtkWbZPlZ0tgcG3scwpRgzkao=
-59,-17,hh+0R/G7WYvYywJvfbSHeqLAdfo=,OkHtkWbZPlZ0tgcG3scwpRgzkao=
-55,-17,hh+0R/G7WYvYywJvfbSHeqLAdfo=,OkHtkWbZPlZ0tgcG3scwpRgzkao=
-60,-17,hh+0R/G7WYvYywJvfbSHeqLAdfo=,OkHtkWbZPlZ0tgcG3scwpRgzkao=
-56,-31,hh+0R/G7WYvYywJvfbSHeqLAdfo=,OkHtkWbZPlZ0tgcG3scwpRgzkao=
-62,-17,hh+0R/G7WYvYywJvfbSHeqLAdfo=,OkHtkWbZPlZ0tgcG3scwpRgzkao=
-61,-17,hh+0R/G7WYvYywJvfbSHeqLAdfo=,OkHtkWbZPlZ0tgcG3scwpRgzkao=
-55,-31,hh+0R/G7WYvYywJvfbSHeqLAdfo=,OkHtkWbZPlZ0tgcG3scwpRgzkao=
-63,-17,hh+0R/G7WYvYywJvfbSHeqLAdfo=,OkHtkWbZPlZ0tgcG3scwpRgzkao=
-54,-31,hh+0R/G7WYvYywJvfbSHeqLAdfo=,OkHtkWbZPlZ0tgcG3scwpRgzkao=
-50,-32,hh+0R/G7WYvYywJvfbSHeqLAdfo=,OkHtkWbZPlZ0tgcG3scwpRgzkao=
-64,-17,hh+0R/G7WYvYywJvfbSHeqLAdfo=,OkHtkWbZPlZ0tgcG3scwpRgzkao=
-53,-31,hh+0R/G7WYvYywJvfbSHeqLAdfo=,OkHtkWbZPlZ0tgcG3scwpRgzkao=
-49,-18,hh+0R/G7WYvYywJvfbSHeqLAdfo=,OkHtkWbZPlZ0tgcG3scwpRgzkao=
-50,-18,hh+0R/G7WYvYywJvfbSHeqLAdfo=,OkHtkWbZPlZ0tgcG3scwpRgzkao=
-52,-31,hh+0R/G7WYvYywJvfbSHeqLAdfo=,OkHtkWbZPlZ0tgcG3scwpRgzkao=
-52,-18,hh+0R/G7WYvYywJvfbSHeqLAdfo=,OkHtkWbZPlZ0tgcG3scwpRgzkao=
-53,-18,hh+0R/G7WYvYywJvfbSHeqLAdfo=,OkHtkWbZPlZ0tgcG3scwpRgzkao=
-51,-31,hh+0R/G7WYvYywJvfbSHeqLAdfo=,OkHtkWbZPlZ0tgcG3scwpRgzkao=
-51,-18,hh+0R/G7WYvYywJvfbSHeqLAdfo=,OkHtkWbZPlZ0tgcG3scwpRgzkao=
-50,-31,hh+0R/G7WYvYywJvfbSHeqLAdfo=,OkHtkWbZPlZ0tgcG3scwpRgzkao=
-54,-18,hh+0R/G7WYvYywJvfbSHeqLAdfo=,OkHtkWbZPlZ0tgcG3scwpRgzkao=
-55,-18,hh+0R/G7WYvYywJvfbSHeqLAdfo=,OkHtkWbZPlZ0tgcG3scwpRgzkao=
-56,-18,hh+0R/G7WYvYywJvfbSHeqLAdfo=,OkHtkWbZPlZ0tgcG3scwpRgzkao=
-64,-32,hh+0R/G7WYvYywJvfbSHeqLAdfo=,OkHtkWbZPlZ0tgcG3scwpRgzkao=
-58,-18,hh+0R/G7WYvYywJvfbSHeqLAdfo=,OkHtkWbZPlZ0tgcG3scwpRgzkao=
-64,-30,hh+0R/G7WYvYywJvfbSHeqLAdfo=,OkHtkWbZPlZ0tgcG3scwpRgzkao=
-49,-31,hh+0R/G7WYvYywJvfbSHeqLAdfo=,OkHtkWbZPlZ0tgcG3scwpRgzkao=
-62,-18,hh+0R/G7WYvYywJvfbSHeqLAdfo=,OkHtkWbZPlZ0tgcG3scwpRgzkao=
-60,-18,hh+0R/G7WYvYywJvfbSHeqLAdfo=,OkHtkWbZPlZ0tgcG3scwpRgzkao=
-57,-18,hh+0R/G7WYvYywJvfbSHeqLAdfo=,OkHtkWbZPlZ0tgcG3scwpRgzkao=
-59,-18,hh+0R/G7WYvYywJvfbSHeqLAdfo=,OkHtkWbZPlZ0tgcG3scwpRgzkao=
-63,-30,hh+0R/G7WYvYywJvfbSHeqLAdfo=,OkHtkWbZPlZ0tgcG3scwpRgzkao=
-63,-18,hh+0R/G7WYvYywJvfbSHeqLAdfo=,OkHtkWbZPlZ0tgcG3scwpRgzkao=
-49,-19,hh+0R/G7WYvYywJvfbSHeqLAdfo=,OkHtkWbZPlZ0tgcG3scwpRgzkao=
-64,-18,hh+0R/G7WYvYywJvfbSHeqLAdfo=,OkHtkWbZPlZ0tgcG3scwpRgzkao=
-50,-19,hh+0R/G7WYvYywJvfbSHeqLAdfo=,OkHtkWbZPlZ0tgcG3scwpRgzkao=
-62,-30,hh+0R/G7WYvYywJvfbSHeqLAdfo=,OkHtkWbZPlZ0tgcG3scwpRgzkao=
-61,-18,hh+0R/G7WYvYywJvfbSHeqLAdfo=,OkHtkWbZPlZ0tgcG3scwpRgzkao=
-61,-30,hh+0R/G7WYvYywJvfbSHeqLAdfo=,OkHtkWbZPlZ0tgcG3scwpRgzkao=
-60,-30,hh+0R/G7WYvYywJvfbSHeqLAdfo=,OkHtkWbZPlZ0tgcG3scwpRgzkao=
-53,-19,hh+0R/G7WYvYywJvfbSHeqLAdfo=,OkHtkWbZPlZ0tgcG3scwpRgzkao=
-52,-19,hh+0R/G7WYvYywJvfbSHeqLAdfo=,OkHtkWbZPlZ0tgcG3scwpRgzkao=
-59,-30,hh+0R/G7WYvYywJvfbSHeqLAdfo=,OkHtkWbZPlZ0tgcG3scwpRgzkao=
-51,-19,hh+0R/G7WYvYywJvfbSHeqLAdfo=,OkHtkWbZPlZ0tgcG3scwpRgzkao=
-54,-19,hh+0R/G7WYvYywJvfbSHeqLAdfo=,OkHtkWbZPlZ0tgcG3scwpRgzkao=
-55,-19,hh+0R/G7WYvYywJvfbSHeqLAdfo=,OkHtkWbZPlZ0tgcG3scwpRgzkao=
-58,-30,hh+0R/G7WYvYywJvfbSHeqLAdfo=,OkHtkWbZPlZ0tgcG3scwpRgzkao=
-51,-32,hh+0R/G7WYvYywJvfbSHeqLAdfo=,OkHtkWbZPlZ0tgcG3scwpRgzkao=
-57,-19,hh+0R/G7WYvYywJvfbSHeqLAdfo=,OkHtkWbZPlZ0tgcG3scwpRgzkao=
-57,-30,hh+0R/G7WYvYywJvfbSHeqLAdfo=,OkHtkWbZPlZ0tgcG3scwpRgzkao=
-56,-19,hh+0R/G7WYvYywJvfbSHeqLAdfo=,OkHtkWbZPlZ0tgcG3scwpRgzkao=
-60,-19,hh+0R/G7WYvYywJvfbSHeqLAdfo=,OkHtkWbZPlZ0tgcG3scwpRgzkao=
-56,-30,hh+0R/G7WYvYywJvfbSHeqLAdfo=,OkHtkWbZPlZ0tgcG3scwpRgzkao=
-55,-30,hh+0R/G7WYvYywJvfbSHeqLAdfo=,OkHtkWbZPlZ0tgcG3scwpRgzkao=
-62,-19,hh+0R/G7WYvYywJvfbSHeqLAdfo=,OkHtkWbZPlZ0tgcG3scwpRgzkao=
-61,-19,hh+0R/G7WYvYywJvfbSHeqLAdfo=,OkHtkWbZPlZ0tgcG3scwpRgzkao=
-52,-32,hh+0R/G7WYvYywJvfbSHeqLAdfo=,OkHtkWbZPlZ0tgcG3scwpRgzkao=
-59,-19,hh+0R/G7WYvYywJvfbSHeqLAdfo=,OkHtkWbZPlZ0tgcG3scwpRgzkao=
-49,-20,hh+0R/G7WYvYywJvfbSHeqLAdfo=,OkHtkWbZPlZ0tgcG3scwpRgzkao=
-54,-30,hh+0R/G7WYvYywJvfbSHeqLAdfo=,OkHtkWbZPlZ0tgcG3scwpRgzkao=
-64,-19,hh+0R/G7WYvYywJvfbSHeqLAdfo=,OkHtkWbZPlZ0tgcG3scwpRgzkao=
-63,-19,hh+0R/G7WYvYywJvfbSHeqLAdfo=,OkHtkWbZPlZ0tgcG3scwpRgzkao=
-51,-20,hh+0R/G7WYvYywJvfbSHeqLAdfo=,OkHtkWbZPlZ0tgcG3scwpRgzkao=
-53,-30,hh+0R/G7WYvYywJvfbSHeqLAdfo=,OkHtkWbZPlZ0tgcG3scwpRgzkao=
-53,-20,hh+0R/G7WYvYywJvfbSHeqLAdfo=,OkHtkWbZPlZ0tgcG3scwpRgzkao=
-52,-20,hh+0R/G7WYvYywJvfbSHeqLAdfo=,OkHtkWbZPlZ0tgcG3scwpRgzkao=
-52,-30,hh+0R/G7WYvYywJvfbSHeqLAdfo=,OkHtkWbZPlZ0tgcG3scwpRgzkao=
-50,-20,hh+0R/G7WYvYywJvfbSHeqLAdfo=,OkHtkWbZPlZ0tgcG3scwpRgzkao=
-54,-20,hh+0R/G7WYvYywJvfbSHeqLAdfo=,OkHtkWbZPlZ0tgcG3scwpRgzkao=
-55,-20,hh+0R/G7WYvYywJvfbSHeqLAdfo=,OkHtkWbZPlZ0tgcG3scwpRgzkao=
-56,-20,hh+0R/G7WYvYywJvfbSHeqLAdfo=,OkHtkWbZPlZ0tgcG3scwpRgzkao=
-57,-20,hh+0R/G7WYvYywJvfbSHeqLAdfo=,OkHtkWbZPlZ0tgcG3scwpRgzkao=
-51,-30,hh+0R/G7WYvYywJvfbSHeqLAdfo=,OkHtkWbZPlZ0tgcG3scwpRgzkao=
-58,-20,hh+0R/G7WYvYywJvfbSHeqLAdfo=,OkHtkWbZPlZ0tgcG3scwpRgzkao=
-53,-32,hh+0R/G7WYvYywJvfbSHeqLAdfo=,OkHtkWbZPlZ0tgcG3scwpRgzkao=
-60,-20,hh+0R/G7WYvYywJvfbSHeqLAdfo=,OkHtkWbZPlZ0tgcG3scwpRgzkao=
-63,-32,hh+0R/G7WYvYywJvfbSHeqLAdfo=,OkHtkWbZPlZ0tgcG3scwpRgzkao=
-61,-20,hh+0R/G7WYvYywJvfbSHeqLAdfo=,OkHtkWbZPlZ0tgcG3scwpRgzkao=
-62,-20,hh+0R/G7WYvYywJvfbSHeqLAdfo=,OkHtkWbZPlZ0tgcG3scwpRgzkao=
-49,-21,hh+0R/G7WYvYywJvfbSHeqLAdfo=,OkHtkWbZPlZ0tgcG3scwpRgzkao=
-63,-20,hh+0R/G7WYvYywJvfbSHeqLAdfo=,OkHtkWbZPlZ0tgcG3scwpRgzkao=
-64,-20,hh+0R/G7WYvYywJvfbSHeqLAdfo=,OkHtkWbZPlZ0tgcG3scwpRgzkao=
-50,-21,hh+0R/G7WYvYywJvfbSHeqLAdfo=,OkHtkWbZPlZ0tgcG3scwpRgzkao=
-50,-30,hh+0R/G7WYvYywJvfbSHeqLAdfo=,OkHtkWbZPlZ0tgcG3scwpRgzkao=
-59,-20,hh+0R/G7WYvYywJvfbSHeqLAdfo=,OkHtkWbZPlZ0tgcG3scwpRgzkao=
-51,-21,hh+0R/G7WYvYywJvfbSHeqLAdfo=,OkHtkWbZPlZ0tgcG3scwpRgzkao=
-52,-21,hh+0R/G7WYvYywJvfbSHeqLAdfo=,OkHtkWbZPlZ0tgcG3scwpRgzkao=
-53,-21,hh+0R/G7WYvYywJvfbSHeqLAdfo=,OkHtkWbZPlZ0tgcG3scwpRgzkao=
-54,-21,hh+0R/G7WYvYywJvfbSHeqLAdfo=,OkHtkWbZPlZ0tgcG3scwpRgzkao=
-55,-21,hh+0R/G7WYvYywJvfbSHeqLAdfo=,OkHtkWbZPlZ0tgcG3scwpRgzkao=
-49,-30,hh+0R/G7WYvYywJvfbSHeqLAdfo=,OkHtkWbZPlZ0tgcG3scwpRgzkao=
-58,-21,hh+0R/G7WYvYywJvfbSHeqLAdfo=,OkHtkWbZPlZ0tgcG3scwpRgzkao=
-57,-21,hh+0R/G7WYvYywJvfbSHeqLAdfo=,OkHtkWbZPlZ0tgcG3scwpRgzkao=
-61,-21,hh+0R/G7WYvYywJvfbSHeqLAdfo=,OkHtkWbZPlZ0tgcG3scwpRgzkao=
-63,-21,hh+0R/G7WYvYywJvfbSHeqLAdfo=,OkHtkWbZPlZ0tgcG3scwpRgzkao=
-56,-21,hh+0R/G7WYvYywJvfbSHeqLAdfo=,OkHtkWbZPlZ0tgcG3scwpRgzkao=
-62,-21,hh+0R/G7WYvYywJvfbSHeqLAdfo=,OkHtkWbZPlZ0tgcG3scwpRgzkao=
-59,-21,hh+0R/G7WYvYywJvfbSHeqLAdfo=,OkHtkWbZPlZ0tgcG3scwpRgzkao=
-60,-21,hh+0R/G7WYvYywJvfbSHeqLAdfo=,OkHtkWbZPlZ0tgcG3scwpRgzkao=
-54,-32,hh+0R/G7WYvYywJvfbSHeqLAdfo=,OkHtkWbZPlZ0tgcG3scwpRgzkao=
-50,-22,hh+0R/G7WYvYywJvfbSHeqLAdfo=,OkHtkWbZPlZ0tgcG3scwpRgzkao=
-53,-22,hh+0R/G7WYvYywJvfbSHeqLAdfo=,OkHtkWbZPlZ0tgcG3scwpRgzkao=
-49,-22,hh+0R/G7WYvYywJvfbSHeqLAdfo=,OkHtkWbZPlZ0tgcG3scwpRgzkao=
-64,-21,hh+0R/G7WYvYywJvfbSHeqLAdfo=,OkHtkWbZPlZ0tgcG3scwpRgzkao=
-51,-22,hh+0R/G7WYvYywJvfbSHeqLAdfo=,OkHtkWbZPlZ0tgcG3scwpRgzkao=
-56,-22,hh+0R/G7WYvYywJvfbSHeqLAdfo=,OkHtkWbZPlZ0tgcG3scwpRgzkao=
-52,-22,hh+0R/G7WYvYywJvfbSHeqLAdfo=,OkHtkWbZPlZ0tgcG3scwpRgzkao=
-54,-22,hh+0R/G7WYvYywJvfbSHeqLAdfo=,OkHtkWbZPlZ0tgcG3scwpRgzkao=
-55,-22,hh+0R/G7WYvYywJvfbSHeqLAdfo=,OkHtkWbZPlZ0tgcG3scwpRgzkao=
-58,-22,hh+0R/G7WYvYywJvfbSHeqLAdfo=,OkHtkWbZPlZ0tgcG3scwpRgzkao=
-57,-22,hh+0R/G7WYvYywJvfbSHeqLAdfo=,OkHtkWbZPlZ0tgcG3scwpRgzkao=
-55,-32,hh+0R/G7WYvYywJvfbSHeqLAdfo=,OkHtkWbZPlZ0tgcG3scwpRgzkao=
-59,-22,hh+0R/G7WYvYywJvfbSHeqLAdfo=,OkHtkWbZPlZ0tgcG3scwpRgzkao=
-60,-22,hh+0R/G7WYvYywJvfbSHeqLAdfo=,OkHtkWbZPlZ0tgcG3scwpRgzkao=
-61,-22,hh+0R/G7WYvYywJvfbSHeqLAdfo=,OkHtkWbZPlZ0tgcG3scwpRgzkao=
-49,-23,hh+0R/G7WYvYywJvfbSHeqLAdfo=,OkHtkWbZPlZ0tgcG3scwpRgzkao=
-62,-22,hh+0R/G7WYvYywJvfbSHeqLAdfo=,OkHtkWbZPlZ0tgcG3scwpRgzkao=
-51,-23,hh+0R/G7WYvYywJvfbSHeqLAdfo=,OkHtkWbZPlZ0tgcG3scwpRgzkao=
-50,-23,hh+0R/G7WYvYywJvfbSHeqLAdfo=,OkHtkWbZPlZ0tgcG3scwpRgzkao=
-53,-23,hh+0R/G7WYvYywJvfbSHeqLAdfo=,OkHtkWbZPlZ0tgcG3scwpRgzkao=
-54,-23,hh+0R/G7WYvYywJvfbSHeqLAdfo=,OkHtkWbZPlZ0tgcG3scwpRgzkao=
-55,-23,hh+0R/G7WYvYywJvfbSHeqLAdfo=,OkHtkWbZPlZ0tgcG3scwpRgzkao=
-63,-22,hh+0R/G7WYvYywJvfbSHeqLAdfo=,OkHtkWbZPlZ0tgcG3scwpRgzkao=
-57,-23,hh+0R/G7WYvYywJvfbSHeqLAdfo=,OkHtkWbZPlZ0tgcG3scwpRgzkao=
-64,-22,hh+0R/G7WYvYywJvfbSHeqLAdfo=,OkHtkWbZPlZ0tgcG3scwpRgzkao=
-56,-23,hh+0R/G7WYvYywJvfbSHeqLAdfo=,OkHtkWbZPlZ0tgcG3scwpRgzkao=
-56,-32,hh+0R/G7WYvYywJvfbSHeqLAdfo=,OkHtkWbZPlZ0tgcG3scwpRgzkao=
-60,-23,hh+0R/G7WYvYywJvfbSHeqLAdfo=,OkHtkWbZPlZ0tgcG3scwpRgzkao=
-59,-23,hh+0R/G7WYvYywJvfbSHeqLAdfo=,OkHtkWbZPlZ0tgcG3scwpRgzkao=
-58,-23,hh+0R/G7WYvYywJvfbSHeqLAdfo=,OkHtkWbZPlZ0tgcG3scwpRgzkao=
-64,-23,hh+0R/G7WYvYywJvfbSHeqLAdfo=,OkHtkWbZPlZ0tgcG3scwpRgzkao=
-49,-24,hh+0R/G7WYvYywJvfbSHeqLAdfo=,OkHtkWbZPlZ0tgcG3scwpRgzkao=
-61,-23,hh+0R/G7WYvYywJvfbSHeqLAdfo=,OkHtkWbZPlZ0tgcG3scwpRgzkao=
-62,-23,hh+0R/G7WYvYywJvfbSHeqLAdfo=,OkHtkWbZPlZ0tgcG3scwpRgzkao=
-51,-24,hh+0R/G7WYvYywJvfbSHeqLAdfo=,OkHtkWbZPlZ0tgcG3scwpRgzkao=
-50,-24,hh+0R/G7WYvYywJvfbSHeqLAdfo=,OkHtkWbZPlZ0tgcG3scwpRgzkao=
-54,-24,hh+0R/G7WYvYywJvfbSHeqLAdfo=,OkHtkWbZPlZ0tgcG3scwpRgzkao=
-52,-24,hh+0R/G7WYvYywJvfbSHeqLAdfo=,OkHtkWbZPlZ0tgcG3scwpRgzkao=
-63,-23,hh+0R/G7WYvYywJvfbSHeqLAdfo=,OkHtkWbZPlZ0tgcG3scwpRgzkao=
-53,-24,hh+0R/G7WYvYywJvfbSHeqLAdfo=,OkHtkWbZPlZ0tgcG3scwpRgzkao=
-56,-24,hh+0R/G7WYvYywJvfbSHeqLAdfo=,OkHtkWbZPlZ0tgcG3scwpRgzkao=
-58,-24,hh+0R/G7WYvYywJvfbSHeqLAdfo=,OkHtkWbZPlZ0tgcG3scwpRgzkao=
-59,-24,hh+0R/G7WYvYywJvfbSHeqLAdfo=,OkHtkWbZPlZ0tgcG3scwpRgzkao=
-57,-32,hh+0R/G7WYvYywJvfbSHeqLAdfo=,OkHtkWbZPlZ0tgcG3scwpRgzkao=
-55,-24,hh+0R/G7WYvYywJvfbSHeqLAdfo=,OkHtkWbZPlZ0tgcG3scwpRgzkao=
-62,-24,hh+0R/G7WYvYywJvfbSHeqLAdfo=,OkHtkWbZPlZ0tgcG3scwpRgzkao=
-61,-24,hh+0R/G7WYvYywJvfbSHeqLAdfo=,OkHtkWbZPlZ0tgcG3scwpRgzkao=
-60,-24,hh+0R/G7WYvYywJvfbSHeqLAdfo=,OkHtkWbZPlZ0tgcG3scwpRgzkao=
-57,-24,hh+0R/G7WYvYywJvfbSHeqLAdfo=,OkHtkWbZPlZ0tgcG3scwpRgzkao=
-64,-24,hh+0R/G7WYvYywJvfbSHeqLAdfo=,OkHtkWbZPlZ0tgcG3scwpRgzkao=
-50,-25,hh+0R/G7WYvYywJvfbSHeqLAdfo=,OkHtkWbZPlZ0tgcG3scwpRgzkao=
-63,-24,hh+0R/G7WYvYywJvfbSHeqLAdfo=,OkHtkWbZPlZ0tgcG3scwpRgzkao=
-49,-25,hh+0R/G7WYvYywJvfbSHeqLAdfo=,OkHtkWbZPlZ0tgcG3scwpRgzkao=
-54,-25,hh+0R/G7WYvYywJvfbSHeqLAdfo=,OkHtkWbZPlZ0tgcG3scwpRgzkao=
-51,-25,hh+0R/G7WYvYywJvfbSHeqLAdfo=,OkHtkWbZPlZ0tgcG3scwpRgzkao=
-53,-25,hh+0R/G7WYvYywJvfbSHeqLAdfo=,OkHtkWbZPlZ0tgcG3scwpRgzkao=
-55,-25,hh+0R/G7WYvYywJvfbSHeqLAdfo=,OkHtkWbZPlZ0tgcG3scwpRgzkao=
-58,-32,hh+0R/G7WYvYywJvfbSHeqLAdfo=,OkHtkWbZPlZ0tgcG3scwpRgzkao=
-52,-25,hh+0R/G7WYvYywJvfbSHeqLAdfo=,OkHtkWbZPlZ0tgcG3scwpRgzkao=
-56,-25,hh+0R/G7WYvYywJvfbSHeqLAdfo=,OkHtkWbZPlZ0tgcG3scwpRgzkao=
-57,-25,hh+0R/G7WYvYywJvfbSHeqLAdfo=,OkHtkWbZPlZ0tgcG3scwpRgzkao=
-59,-25,hh+0R/G7WYvYywJvfbSHeqLAdfo=,OkHtkWbZPlZ0tgcG3scwpRgzkao=
-58,-25,hh+0R/G7WYvYywJvfbSHeqLAdfo=,OkHtkWbZPlZ0tgcG3scwpRgzkao=
-61,-25,hh+0R/G7WYvYywJvfbSHeqLAdfo=,OkHtkWbZPlZ0tgcG3scwpRgzkao=
-64,-25,hh+0R/G7WYvYywJvfbSHeqLAdfo=,OkHtkWbZPlZ0tgcG3scwpRgzkao=
-62,-25,hh+0R/G7WYvYywJvfbSHeqLAdfo=,OkHtkWbZPlZ0tgcG3scwpRgzkao=
-49,-26,hh+0R/G7WYvYywJvfbSHeqLAdfo=,OkHtkWbZPlZ0tgcG3scwpRgzkao=
-50,-26,hh+0R/G7WYvYywJvfbSHeqLAdfo=,OkHtkWbZPlZ0tgcG3scwpRgzkao=
-53,-26,hh+0R/G7WYvYywJvfbSHeqLAdfo=,OkHtkWbZPlZ0tgcG3scwpRgzkao=
-52,-26,hh+0R/G7WYvYywJvfbSHeqLAdfo=,OkHtkWbZPlZ0tgcG3scwpRgzkao=
-60,-25,hh+0R/G7WYvYywJvfbSHeqLAdfo=,OkHtkWbZPlZ0tgcG3scwpRgzkao=
-51,-26,hh+0R/G7WYvYywJvfbSHeqLAdfo=,OkHtkWbZPlZ0tgcG3scwpRgzkao=
-54,-26,hh+0R/G7WYvYywJvfbSHeqLAdfo=,OkHtkWbZPlZ0tgcG3scwpRgzkao=
-55,-26,hh+0R/G7WYvYywJvfbSHeqLAdfo=,OkHtkWbZPlZ0tgcG3scwpRgzkao=
-57,-26,hh+0R/G7WYvYywJvfbSHeqLAdfo=,OkHtkWbZPlZ0tgcG3scwpRgzkao=
-59,-32,hh+0R/G7WYvYywJvfbSHeqLAdfo=,OkHtkWbZPlZ0tgcG3scwpRgzkao=
-56,-26,hh+0R/G7WYvYywJvfbSHeqLAdfo=,OkHtkWbZPlZ0tgcG3scwpRgzkao=
-59,-26,hh+0R/G7WYvYywJvfbSHeqLAdfo=,OkHtkWbZPlZ0tgcG3scwpRgzkao=
-60,-26,hh+0R/G7WYvYywJvfbSHeqLAdfo=,OkHtkWbZPlZ0tgcG3scwpRgzkao=
-63,-25,hh+0R/G7WYvYywJvfbSHeqLAdfo=,OkHtkWbZPlZ0tgcG3scwpRgzkao=
-61,-26,hh+0R/G7WYvYywJvfbSHeqLAdfo=,OkHtkWbZPlZ0tgcG3scwpRgzkao=
-52,-27,hh+0R/G7WYvYywJvfbSHeqLAdfo=,OkHtkWbZPlZ0tgcG3scwpRgzkao=
-51,-27,hh+0R/G7WYvYywJvfbSHeqLAdfo=,OkHtkWbZPlZ0tgcG3scwpRgzkao=
-63,-26,hh+0R/G7WYvYywJvfbSHeqLAdfo=,OkHtkWbZPlZ0tgcG3scwpRgzkao=
-49,-27,hh+0R/G7WYvYywJvfbSHeqLAdfo=,OkHtkWbZPlZ0tgcG3scwpRgzkao=
-62,-26,hh+0R/G7WYvYywJvfbSHeqLAdfo=,OkHtkWbZPlZ0tgcG3scwpRgzkao=
-64,-26,hh+0R/G7WYvYywJvfbSHeqLAdfo=,OkHtkWbZPlZ0tgcG3scwpRgzkao=
-50,-27,hh+0R/G7WYvYywJvfbSHeqLAdfo=,OkHtkWbZPlZ0tgcG3scwpRgzkao=
-54,-27,hh+0R/G7WYvYywJvfbSHeqLAdfo=,OkHtkWbZPlZ0tgcG3scwpRgzkao=
-60,-32,hh+0R/G7WYvYywJvfbSHeqLAdfo=,OkHtkWbZPlZ0tgcG3scwpRgzkao=
-53,-27,hh+0R/G7WYvYywJvfbSHeqLAdfo=,OkHtkWbZPlZ0tgcG3scwpRgzkao=
-56,-27,hh+0R/G7WYvYywJvfbSHeqLAdfo=,OkHtkWbZPlZ0tgcG3scwpRgzkao=
-58,-27,hh+0R/G7WYvYywJvfbSHeqLAdfo=,OkHtkWbZPlZ0tgcG3scwpRgzkao=
-55,-27,hh+0R/G7WYvYywJvfbSHeqLAdfo=,OkHtkWbZPlZ0tgcG3scwpRgzkao=
-59,-27,hh+0R/G7WYvYywJvfbSHeqLAdfo=,OkHtkWbZPlZ0tgcG3scwpRgzkao=
-63,-27,hh+0R/G7WYvYywJvfbSHeqLAdfo=,OkHtkWbZPlZ0tgcG3scwpRgzkao=
-61,-27,hh+0R/G7WYvYywJvfbSHeqLAdfo=,OkHtkWbZPlZ0tgcG3scwpRgzkao=
-62,-27,hh+0R/G7WYvYywJvfbSHeqLAdfo=,OkHtkWbZPlZ0tgcG3scwpRgzkao=
-57,-27,hh+0R/G7WYvYywJvfbSHeqLAdfo=,OkHtkWbZPlZ0tgcG3scwpRgzkao=
-50,-28,hh+0R/G7WYvYywJvfbSHeqLAdfo=,OkHtkWbZPlZ0tgcG3scwpRgzkao=
-49,-28,hh+0R/G7WYvYywJvfbSHeqLAdfo=,OkHtkWbZPlZ0tgcG3scwpRgzkao=
-51,-28,hh+0R/G7WYvYywJvfbSHeqLAdfo=,OkHtkWbZPlZ0tgcG3scwpRgzkao=
-60,-27,hh+0R/G7WYvYywJvfbSHeqLAdfo=,OkHtkWbZPlZ0tgcG3scwpRgzkao=
-64,-27,hh+0R/G7WYvYywJvfbSHeqLAdfo=,OkHtkWbZPlZ0tgcG3scwpRgzkao=
-53,-28,hh+0R/G7WYvYywJvfbSHeqLAdfo=,OkHtkWbZPlZ0tgcG3scwpRgzkao=
-54,-28,hh+0R/G7WYvYywJvfbSHeqLAdfo=,OkHtkWbZPlZ0tgcG3scwpRgzkao=
-56,-28,hh+0R/G7WYvYywJvfbSHeqLAdfo=,OkHtkWbZPlZ0tgcG3scwpRgzkao=
-61,-32,hh+0R/G7WYvYywJvfbSHeqLAdfo=,OkHtkWbZPlZ0tgcG3scwpRgzkao=
-57,-28,hh+0R/G7WYvYywJvfbSHeqLAdfo=,OkHtkWbZPlZ0tgcG3scwpRgzkao=
-59,-28,hh+0R/G7WYvYywJvfbSHeqLAdfo=,OkHtkWbZPlZ0tgcG3scwpRgzkao=
-61,-28,hh+0R/G7WYvYywJvfbSHeqLAdfo=,OkHtkWbZPlZ0tgcG3scwpRgzkao=
-64,-28,hh+0R/G7WYvYywJvfbSHeqLAdfo=,OkHtkWbZPlZ0tgcG3scwpRgzkao=
-62,-28,hh+0R/G7WYvYywJvfbSHeqLAdfo=,OkHtkWbZPlZ0tgcG3scwpRgzkao=
-55,-28,hh+0R/G7WYvYywJvfbSHeqLAdfo=,OkHtkWbZPlZ0tgcG3scwpRgzkao=
-60,-28,hh+0R/G7WYvYywJvfbSHeqLAdfo=,OkHtkWbZPlZ0tgcG3scwpRgzkao=
-63,-28,hh+0R/G7WYvYywJvfbSHeqLAdfo=,OkHtkWbZPlZ0tgcG3scwpRgzkao=
-58,-28,hh+0R/G7WYvYywJvfbSHeqLAdfo=,OkHtkWbZPlZ0tgcG3scwpRgzkao=
-51,-29,hh+0R/G7WYvYywJvfbSHeqLAdfo=,OkHtkWbZPlZ0tgcG3scwpRgzkao=
-50,-29,hh+0R/G7WYvYywJvfbSHeqLAdfo=,OkHtkWbZPlZ0tgcG3scwpRgzkao=
-49,-29,hh+0R/G7WYvYywJvfbSHeqLAdfo=,OkHtkWbZPlZ0tgcG3scwpRgzkao=
-58,-26,hh+0R/G7WYvYywJvfbSHeqLAdfo=,OkHtkWbZPlZ0tgcG3scwpRgzkao=
-52,-29,hh+0R/G7WYvYywJvfbSHeqLAdfo=,OkHtkWbZPlZ0tgcG3scwpRgzkao=
-55,-29,hh+0R/G7WYvYywJvfbSHeqLAdfo=,OkHtkWbZPlZ0tgcG3scwpRgzkao=
-62,-32,hh+0R/G7WYvYywJvfbSHeqLAdfo=,OkHtkWbZPlZ0tgcG3scwpRgzkao=
-58,-29,hh+0R/G7WYvYywJvfbSHeqLAdfo=,OkHtkWbZPlZ0tgcG3scwpRgzkao=
-57,-29,hh+0R/G7WYvYywJvfbSHeqLAdfo=,OkHtkWbZPlZ0tgcG3scwpRgzkao=
-53,-29,hh+0R/G7WYvYywJvfbSHeqLAdfo=,OkHtkWbZPlZ0tgcG3scwpRgzkao=
-60,-29,hh+0R/G7WYvYywJvfbSHeqLAdfo=,OkHtkWbZPlZ0tgcG3scwpRgzkao=
-59,-29,hh+0R/G7WYvYywJvfbSHeqLAdfo=,OkHtkWbZPlZ0tgcG3scwpRgzkao=
-63,-29,hh+0R/G7WYvYywJvfbSHeqLAdfo=,OkHtkWbZPlZ0tgcG3scwpRgzkao=
-62,-29,hh+0R/G7WYvYywJvfbSHeqLAdfo=,OkHtkWbZPlZ0tgcG3scwpRgzkao=
-56,-29,hh+0R/G7WYvYywJvfbSHeqLAdfo=,OkHtkWbZPlZ0tgcG3scwpRgzkao=
-54,-29,hh+0R/G7WYvYywJvfbSHeqLAdfo=,OkHtkWbZPlZ0tgcG3scwpRgzkao=
-61,-29,hh+0R/G7WYvYywJvfbSHeqLAdfo=,OkHtkWbZPlZ0tgcG3scwpRgzkao=
-52,-23,hh+0R/G7WYvYywJvfbSHeqLAdfo=,OkHtkWbZPlZ0tgcG3scwpRgzkao=
-52,-28,hh+0R/G7WYvYywJvfbSHeqLAdfo=,OkHtkWbZPlZ0tgcG3scwpRgzkao=
-64,-29,hh+0R/G7WYvYywJvfbSHeqLAdfo=,OkHtkWbZPlZ0tgcG3scwpRgzkao=
-58,-19,hh+0R/G7WYvYywJvfbSHeqLAdfo=,OkHtkWbZPlZ0tgcG3scwpRgzkao=
-64,-31,hh+0R/G7WYvYywJvfbSHeqLAdfo=,OkHtkWbZPlZ0tgcG3scwpRgzkao=
-48,-32,hh+0R/G7WYvYywJvfbSHeqLAdfo=,OkHtkWbZPlZ0tgcG3scwpRgzkao=
-34,-17,hh+0R/G7WYvYywJvfbSHeqLAdfo=,OkHtkWbZPlZ0tgcG3scwpRgzkao=
-35,-17,hh+0R/G7WYvYywJvfbSHeqLAdfo=,OkHtkWbZPlZ0tgcG3scwpRgzkao=
-36,-17,hh+0R/G7WYvYywJvfbSHeqLAdfo=,OkHtkWbZPlZ0tgcG3scwpRgzkao=
-37,-17,hh+0R/G7WYvYywJvfbSHeqLAdfo=,OkHtkWbZPlZ0tgcG3scwpRgzkao=
-38,-17,hh+0R/G7WYvYywJvfbSHeqLAdfo=,OkHtkWbZPlZ0tgcG3scwpRgzkao=
-39,-17,hh+0R/G7WYvYywJvfbSHeqLAdfo=,OkHtkWbZPlZ0tgcG3scwpRgzkao=
-40,-17,hh+0R/G7WYvYywJvfbSHeqLAdfo=,OkHtkWbZPlZ0tgcG3scwpRgzkao=
-41,-17,hh+0R/G7WYvYywJvfbSHeqLAdfo=,OkHtkWbZPlZ0tgcG3scwpRgzkao=
-43,-17,hh+0R/G7WYvYywJvfbSHeqLAdfo=,OkHtkWbZPlZ0tgcG3scwpRgzkao=
-44,-17,hh+0R/G7WYvYywJvfbSHeqLAdfo=,OkHtkWbZPlZ0tgcG3scwpRgzkao=
-45,-17,hh+0R/G7WYvYywJvfbSHeqLAdfo=,OkHtkWbZPlZ0tgcG3scwpRgzkao=
-46,-17,hh+0R/G7WYvYywJvfbSHeqLAdfo=,OkHtkWbZPlZ0tgcG3scwpRgzkao=
-47,-17,hh+0R/G7WYvYywJvfbSHeqLAdfo=,OkHtkWbZPlZ0tgcG3scwpRgzkao=
-33,-18,hh+0R/G7WYvYywJvfbSHeqLAdfo=,OkHtkWbZPlZ0tgcG3scwpRgzkao=
-48,-17,hh+0R/G7WYvYywJvfbSHeqLAdfo=,OkHtkWbZPlZ0tgcG3scwpRgzkao=
-33,-32,hh+0R/G7WYvYywJvfbSHeqLAdfo=,OkHtkWbZPlZ0tgcG3scwpRgzkao=
-34,-18,hh+0R/G7WYvYywJvfbSHeqLAdfo=,OkHtkWbZPlZ0tgcG3scwpRgzkao=
-35,-18,hh+0R/G7WYvYywJvfbSHeqLAdfo=,OkHtkWbZPlZ0tgcG3scwpRgzkao=
-36,-18,hh+0R/G7WYvYywJvfbSHeqLAdfo=,OkHtkWbZPlZ0tgcG3scwpRgzkao=
-37,-18,hh+0R/G7WYvYywJvfbSHeqLAdfo=,OkHtkWbZPlZ0tgcG3scwpRgzkao=
-38,-18,hh+0R/G7WYvYywJvfbSHeqLAdfo=,OkHtkWbZPlZ0tgcG3scwpRgzkao=
-39,-18,hh+0R/G7WYvYywJvfbSHeqLAdfo=,OkHtkWbZPlZ0tgcG3scwpRgzkao=
-40,-18,hh+0R/G7WYvYywJvfbSHeqLAdfo=,OkHtkWbZPlZ0tgcG3scwpRgzkao=
-41,-18,hh+0R/G7WYvYywJvfbSHeqLAdfo=,OkHtkWbZPlZ0tgcG3scwpRgzkao=
-42,-18,hh+0R/G7WYvYywJvfbSHeqLAdfo=,OkHtkWbZPlZ0tgcG3scwpRgzkao=
-43,-18,hh+0R/G7WYvYywJvfbSHeqLAdfo=,OkHtkWbZPlZ0tgcG3scwpRgzkao=
-44,-18,hh+0R/G7WYvYywJvfbSHeqLAdfo=,OkHtkWbZPlZ0tgcG3scwpRgzkao=
-45,-18,hh+0R/G7WYvYywJvfbSHeqLAdfo=,OkHtkWbZPlZ0tgcG3scwpRgzkao=
-46,-18,hh+0R/G7WYvYywJvfbSHeqLAdfo=,OkHtkWbZPlZ0tgcG3scwpRgzkao=
-47,-18,hh+0R/G7WYvYywJvfbSHeqLAdfo=,OkHtkWbZPlZ0tgcG3scwpRgzkao=
-48,-18,hh+0R/G7WYvYywJvfbSHeqLAdfo=,OkHtkWbZPlZ0tgcG3scwpRgzkao=
-33,-19,hh+0R/G7WYvYywJvfbSHeqLAdfo=,OkHtkWbZPlZ0tgcG3scwpRgzkao=
-34,-32,hh+0R/G7WYvYywJvfbSHeqLAdfo=,OkHtkWbZPlZ0tgcG3scwpRgzkao=
-34,-19,hh+0R/G7WYvYywJvfbSHeqLAdfo=,OkHtkWbZPlZ0tgcG3scwpRgzkao=
-36,-19,hh+0R/G7WYvYywJvfbSHeqLAdfo=,OkHtkWbZPlZ0tgcG3scwpRgzkao=
-37,-19,hh+0R/G7WYvYywJvfbSHeqLAdfo=,OkHtkWbZPlZ0tgcG3scwpRgzkao=
-38,-19,hh+0R/G7WYvYywJvfbSHeqLAdfo=,OkHtkWbZPlZ0tgcG3scwpRgzkao=
-39,-19,hh+0R/G7WYvYywJvfbSHeqLAdfo=,OkHtkWbZPlZ0tgcG3scwpRgzkao=
-40,-19,hh+0R/G7WYvYywJvfbSHeqLAdfo=,OkHtkWbZPlZ0tgcG3scwpRgzkao=
-41,-19,hh+0R/G7WYvYywJvfbSHeqLAdfo=,OkHtkWbZPlZ0tgcG3scwpRgzkao=
-42,-19,hh+0R/G7WYvYywJvfbSHeqLAdfo=,OkHtkWbZPlZ0tgcG3scwpRgzkao=
-43,-19,hh+0R/G7WYvYywJvfbSHeqLAdfo=,OkHtkWbZPlZ0tgcG3scwpRgzkao=
-44,-19,hh+0R/G7WYvYywJvfbSHeqLAdfo=,OkHtkWbZPlZ0tgcG3scwpRgzkao=
-45,-19,hh+0R/G7WYvYywJvfbSHeqLAdfo=,OkHtkWbZPlZ0tgcG3scwpRgzkao=
-46,-19,hh+0R/G7WYvYywJvfbSHeqLAdfo=,OkHtkWbZPlZ0tgcG3scwpRgzkao=
-35,-19,hh+0R/G7WYvYywJvfbSHeqLAdfo=,OkHtkWbZPlZ0tgcG3scwpRgzkao=
-47,-19,hh+0R/G7WYvYywJvfbSHeqLAdfo=,OkHtkWbZPlZ0tgcG3scwpRgzkao=
-48,-19,hh+0R/G7WYvYywJvfbSHeqLAdfo=,OkHtkWbZPlZ0tgcG3scwpRgzkao=
-33,-20,hh+0R/G7WYvYywJvfbSHeqLAdfo=,OkHtkWbZPlZ0tgcG3scwpRgzkao=
-35,-32,hh+0R/G7WYvYywJvfbSHeqLAdfo=,OkHtkWbZPlZ0tgcG3scwpRgzkao=
-34,-20,hh+0R/G7WYvYywJvfbSHeqLAdfo=,OkHtkWbZPlZ0tgcG3scwpRgzkao=
-35,-20,hh+0R/G7WYvYywJvfbSHeqLAdfo=,OkHtkWbZPlZ0tgcG3scwpRgzkao=
-40,-20,hh+0R/G7WYvYywJvfbSHeqLAdfo=,OkHtkWbZPlZ0tgcG3scwpRgzkao=
-41,-20,hh+0R/G7WYvYywJvfbSHeqLAdfo=,OkHtkWbZPlZ0tgcG3scwpRgzkao=
-42,-20,hh+0R/G7WYvYywJvfbSHeqLAdfo=,OkHtkWbZPlZ0tgcG3scwpRgzkao=
-43,-20,hh+0R/G7WYvYywJvfbSHeqLAdfo=,OkHtkWbZPlZ0tgcG3scwpRgzkao=
-44,-20,hh+0R/G7WYvYywJvfbSHeqLAdfo=,OkHtkWbZPlZ0tgcG3scwpRgzkao=
-46,-20,hh+0R/G7WYvYywJvfbSHeqLAdfo=,OkHtkWbZPlZ0tgcG3scwpRgzkao=
-45,-20,hh+0R/G7WYvYywJvfbSHeqLAdfo=,OkHtkWbZPlZ0tgcG3scwpRgzkao=
-48,-20,hh+0R/G7WYvYywJvfbSHeqLAdfo=,OkHtkWbZPlZ0tgcG3scwpRgzkao=
-33,-21,hh+0R/G7WYvYywJvfbSHeqLAdfo=,OkHtkWbZPlZ0tgcG3scwpRgzkao=
-47,-20,hh+0R/G7WYvYywJvfbSHeqLAdfo=,OkHtkWbZPlZ0tgcG3scwpRgzkao=
-36,-32,hh+0R/G7WYvYywJvfbSHeqLAdfo=,OkHtkWbZPlZ0tgcG3scwpRgzkao=
-34,-21,hh+0R/G7WYvYywJvfbSHeqLAdfo=,OkHtkWbZPlZ0tgcG3scwpRgzkao=
-35,-21,hh+0R/G7WYvYywJvfbSHeqLAdfo=,OkHtkWbZPlZ0tgcG3scwpRgzkao=
-36,-21,hh+0R/G7WYvYywJvfbSHeqLAdfo=,OkHtkWbZPlZ0tgcG3scwpRgzkao=
-37,-21,hh+0R/G7WYvYywJvfbSHeqLAdfo=,OkHtkWbZPlZ0tgcG3scwpRgzkao=
-38,-21,hh+0R/G7WYvYywJvfbSHeqLAdfo=,OkHtkWbZPlZ0tgcG3scwpRgzkao=
-39,-21,hh+0R/G7WYvYywJvfbSHeqLAdfo=,OkHtkWbZPlZ0tgcG3scwpRgzkao=
-40,-21,hh+0R/G7WYvYywJvfbSHeqLAdfo=,OkHtkWbZPlZ0tgcG3scwpRgzkao=
-41,-21,hh+0R/G7WYvYywJvfbSHeqLAdfo=,OkHtkWbZPlZ0tgcG3scwpRgzkao=
-42,-21,hh+0R/G7WYvYywJvfbSHeqLAdfo=,OkHtkWbZPlZ0tgcG3scwpRgzkao=
-43,-21,hh+0R/G7WYvYywJvfbSHeqLAdfo=,OkHtkWbZPlZ0tgcG3scwpRgzkao=
-44,-21,hh+0R/G7WYvYywJvfbSHeqLAdfo=,OkHtkWbZPlZ0tgcG3scwpRgzkao=
-45,-21,hh+0R/G7WYvYywJvfbSHeqLAdfo=,OkHtkWbZPlZ0tgcG3scwpRgzkao=
-46,-21,hh+0R/G7WYvYywJvfbSHeqLAdfo=,OkHtkWbZPlZ0tgcG3scwpRgzkao=
-47,-21,hh+0R/G7WYvYywJvfbSHeqLAdfo=,OkHtkWbZPlZ0tgcG3scwpRgzkao=
-48,-21,hh+0R/G7WYvYywJvfbSHeqLAdfo=,OkHtkWbZPlZ0tgcG3scwpRgzkao=
-33,-22,hh+0R/G7WYvYywJvfbSHeqLAdfo=,OkHtkWbZPlZ0tgcG3scwpRgzkao=
-37,-32,hh+0R/G7WYvYywJvfbSHeqLAdfo=,OkHtkWbZPlZ0tgcG3scwpRgzkao=
-34,-22,hh+0R/G7WYvYywJvfbSHeqLAdfo=,OkHtkWbZPlZ0tgcG3scwpRgzkao=
-35,-22,hh+0R/G7WYvYywJvfbSHeqLAdfo=,OkHtkWbZPlZ0tgcG3scwpRgzkao=
-36,-22,hh+0R/G7WYvYywJvfbSHeqLAdfo=,OkHtkWbZPlZ0tgcG3scwpRgzkao=
-37,-22,hh+0R/G7WYvYywJvfbSHeqLAdfo=,OkHtkWbZPlZ0tgcG3scwpRgzkao=
-38,-22,hh+0R/G7WYvYywJvfbSHeqLAdfo=,OkHtkWbZPlZ0tgcG3scwpRgzkao=
-39,-22,hh+0R/G7WYvYywJvfbSHeqLAdfo=,OkHtkWbZPlZ0tgcG3scwpRgzkao=
-40,-22,hh+0R/G7WYvYywJvfbSHeqLAdfo=,OkHtkWbZPlZ0tgcG3scwpRgzkao=
-41,-22,hh+0R/G7WYvYywJvfbSHeqLAdfo=,OkHtkWbZPlZ0tgcG3scwpRgzkao=
-42,-22,hh+0R/G7WYvYywJvfbSHeqLAdfo=,OkHtkWbZPlZ0tgcG3scwpRgzkao=
-43,-22,hh+0R/G7WYvYywJvfbSHeqLAdfo=,OkHtkWbZPlZ0tgcG3scwpRgzkao=
-44,-22,hh+0R/G7WYvYywJvfbSHeqLAdfo=,OkHtkWbZPlZ0tgcG3scwpRgzkao=
-45,-22,hh+0R/G7WYvYywJvfbSHeqLAdfo=,OkHtkWbZPlZ0tgcG3scwpRgzkao=
-36,-20,hh+0R/G7WYvYywJvfbSHeqLAdfo=,OkHtkWbZPlZ0tgcG3scwpRgzkao=
-37,-20,hh+0R/G7WYvYywJvfbSHeqLAdfo=,OkHtkWbZPlZ0tgcG3scwpRgzkao=
-47,-22,hh+0R/G7WYvYywJvfbSHeqLAdfo=,OkHtkWbZPlZ0tgcG3scwpRgzkao=
-48,-22,hh+0R/G7WYvYywJvfbSHeqLAdfo=,OkHtkWbZPlZ0tgcG3scwpRgzkao=
-33,-23,hh+0R/G7WYvYywJvfbSHeqLAdfo=,OkHtkWbZPlZ0tgcG3scwpRgzkao=
-38,-32,hh+0R/G7WYvYywJvfbSHeqLAdfo=,OkHtkWbZPlZ0tgcG3scwpRgzkao=
-34,-23,hh+0R/G7WYvYywJvfbSHeqLAdfo=,OkHtkWbZPlZ0tgcG3scwpRgzkao=
-35,-23,hh+0R/G7WYvYywJvfbSHeqLAdfo=,OkHtkWbZPlZ0tgcG3scwpRgzkao=
-36,-23,hh+0R/G7WYvYywJvfbSHeqLAdfo=,OkHtkWbZPlZ0tgcG3scwpRgzkao=
-37,-23,hh+0R/G7WYvYywJvfbSHeqLAdfo=,OkHtkWbZPlZ0tgcG3scwpRgzkao=
-38,-20,hh+0R/G7WYvYywJvfbSHeqLAdfo=,OkHtkWbZPlZ0tgcG3scwpRgzkao=
-38,-23,hh+0R/G7WYvYywJvfbSHeqLAdfo=,OkHtkWbZPlZ0tgcG3scwpRgzkao=
-39,-23,hh+0R/G7WYvYywJvfbSHeqLAdfo=,OkHtkWbZPlZ0tgcG3scwpRgzkao=
-40,-23,hh+0R/G7WYvYywJvfbSHeqLAdfo=,OkHtkWbZPlZ0tgcG3scwpRgzkao=
-41,-23,hh+0R/G7WYvYywJvfbSHeqLAdfo=,OkHtkWbZPlZ0tgcG3scwpRgzkao=
-42,-23,hh+0R/G7WYvYywJvfbSHeqLAdfo=,OkHtkWbZPlZ0tgcG3scwpRgzkao=
-43,-23,hh+0R/G7WYvYywJvfbSHeqLAdfo=,OkHtkWbZPlZ0tgcG3scwpRgzkao=
-44,-23,hh+0R/G7WYvYywJvfbSHeqLAdfo=,OkHtkWbZPlZ0tgcG3scwpRgzkao=
-45,-23,hh+0R/G7WYvYywJvfbSHeqLAdfo=,OkHtkWbZPlZ0tgcG3scwpRgzkao=
-46,-23,hh+0R/G7WYvYywJvfbSHeqLAdfo=,OkHtkWbZPlZ0tgcG3scwpRgzkao=
-47,-23,hh+0R/G7WYvYywJvfbSHeqLAdfo=,OkHtkWbZPlZ0tgcG3scwpRgzkao=
-48,-23,hh+0R/G7WYvYywJvfbSHeqLAdfo=,OkHtkWbZPlZ0tgcG3scwpRgzkao=
-33,-24,hh+0R/G7WYvYywJvfbSHeqLAdfo=,OkHtkWbZPlZ0tgcG3scwpRgzkao=
-39,-32,hh+0R/G7WYvYywJvfbSHeqLAdfo=,OkHtkWbZPlZ0tgcG3scwpRgzkao=
-34,-24,hh+0R/G7WYvYywJvfbSHeqLAdfo=,OkHtkWbZPlZ0tgcG3scwpRgzkao=
-35,-24,hh+0R/G7WYvYywJvfbSHeqLAdfo=,OkHtkWbZPlZ0tgcG3scwpRgzkao=
-36,-24,hh+0R/G7WYvYywJvfbSHeqLAdfo=,OkHtkWbZPlZ0tgcG3scwpRgzkao=
-37,-24,hh+0R/G7WYvYywJvfbSHeqLAdfo=,OkHtkWbZPlZ0tgcG3scwpRgzkao=
-38,-24,hh+0R/G7WYvYywJvfbSHeqLAdfo=,OkHtkWbZPlZ0tgcG3scwpRgzkao=
-39,-24,hh+0R/G7WYvYywJvfbSHeqLAdfo=,OkHtkWbZPlZ0tgcG3scwpRgzkao=
-40,-24,hh+0R/G7WYvYywJvfbSHeqLAdfo=,OkHtkWbZPlZ0tgcG3scwpRgzkao=
-41,-24,hh+0R/G7WYvYywJvfbSHeqLAdfo=,OkHtkWbZPlZ0tgcG3scwpRgzkao=
-42,-24,hh+0R/G7WYvYywJvfbSHeqLAdfo=,OkHtkWbZPlZ0tgcG3scwpRgzkao=
-43,-24,hh+0R/G7WYvYywJvfbSHeqLAdfo=,OkHtkWbZPlZ0tgcG3scwpRgzkao=
-44,-24,hh+0R/G7WYvYywJvfbSHeqLAdfo=,OkHtkWbZPlZ0tgcG3scwpRgzkao=
-45,-24,hh+0R/G7WYvYywJvfbSHeqLAdfo=,OkHtkWbZPlZ0tgcG3scwpRgzkao=
-46,-24,hh+0R/G7WYvYywJvfbSHeqLAdfo=,OkHtkWbZPlZ0tgcG3scwpRgzkao=
-47,-24,hh+0R/G7WYvYywJvfbSHeqLAdfo=,OkHtkWbZPlZ0tgcG3scwpRgzkao=
-48,-24,hh+0R/G7WYvYywJvfbSHeqLAdfo=,OkHtkWbZPlZ0tgcG3scwpRgzkao=
-33,-25,hh+0R/G7WYvYywJvfbSHeqLAdfo=,OkHtkWbZPlZ0tgcG3scwpRgzkao=
-40,-32,hh+0R/G7WYvYywJvfbSHeqLAdfo=,OkHtkWbZPlZ0tgcG3scwpRgzkao=
-34,-25,hh+0R/G7WYvYywJvfbSHeqLAdfo=,OkHtkWbZPlZ0tgcG3scwpRgzkao=
-35,-25,hh+0R/G7WYvYywJvfbSHeqLAdfo=,OkHtkWbZPlZ0tgcG3scwpRgzkao=
-37,-25,hh+0R/G7WYvYywJvfbSHeqLAdfo=,OkHtkWbZPlZ0tgcG3scwpRgzkao=
-36,-25,hh+0R/G7WYvYywJvfbSHeqLAdfo=,OkHtkWbZPlZ0tgcG3scwpRgzkao=
-38,-25,hh+0R/G7WYvYywJvfbSHeqLAdfo=,OkHtkWbZPlZ0tgcG3scwpRgzkao=
-39,-25,hh+0R/G7WYvYywJvfbSHeqLAdfo=,OkHtkWbZPlZ0tgcG3scwpRgzkao=
-40,-25,hh+0R/G7WYvYywJvfbSHeqLAdfo=,OkHtkWbZPlZ0tgcG3scwpRgzkao=
-41,-25,hh+0R/G7WYvYywJvfbSHeqLAdfo=,OkHtkWbZPlZ0tgcG3scwpRgzkao=
-42,-25,hh+0R/G7WYvYywJvfbSHeqLAdfo=,OkHtkWbZPlZ0tgcG3scwpRgzkao=
-43,-25,hh+0R/G7WYvYywJvfbSHeqLAdfo=,OkHtkWbZPlZ0tgcG3scwpRgzkao=
-44,-25,hh+0R/G7WYvYywJvfbSHeqLAdfo=,OkHtkWbZPlZ0tgcG3scwpRgzkao=
-45,-25,hh+0R/G7WYvYywJvfbSHeqLAdfo=,OkHtkWbZPlZ0tgcG3scwpRgzkao=
-46,-25,hh+0R/G7WYvYywJvfbSHeqLAdfo=,OkHtkWbZPlZ0tgcG3scwpRgzkao=
-47,-25,hh+0R/G7WYvYywJvfbSHeqLAdfo=,OkHtkWbZPlZ0tgcG3scwpRgzkao=
-48,-25,hh+0R/G7WYvYywJvfbSHeqLAdfo=,OkHtkWbZPlZ0tgcG3scwpRgzkao=
-33,-26,hh+0R/G7WYvYywJvfbSHeqLAdfo=,OkHtkWbZPlZ0tgcG3scwpRgzkao=
-41,-32,hh+0R/G7WYvYywJvfbSHeqLAdfo=,OkHtkWbZPlZ0tgcG3scwpRgzkao=
-34,-26,hh+0R/G7WYvYywJvfbSHeqLAdfo=,OkHtkWbZPlZ0tgcG3scwpRgzkao=
-35,-26,hh+0R/G7WYvYywJvfbSHeqLAdfo=,OkHtkWbZPlZ0tgcG3scwpRgzkao=
-36,-26,hh+0R/G7WYvYywJvfbSHeqLAdfo=,OkHtkWbZPlZ0tgcG3scwpRgzkao=
-38,-26,hh+0R/G7WYvYywJvfbSHeqLAdfo=,OkHtkWbZPlZ0tgcG3scwpRgzkao=
-39,-26,hh+0R/G7WYvYywJvfbSHeqLAdfo=,OkHtkWbZPlZ0tgcG3scwpRgzkao=
-37,-26,hh+0R/G7WYvYywJvfbSHeqLAdfo=,OkHtkWbZPlZ0tgcG3scwpRgzkao=
-40,-26,hh+0R/G7WYvYywJvfbSHeqLAdfo=,OkHtkWbZPlZ0tgcG3scwpRgzkao=
-41,-26,hh+0R/G7WYvYywJvfbSHeqLAdfo=,OkHtkWbZPlZ0tgcG3scwpRgzkao=
-42,-26,hh+0R/G7WYvYywJvfbSHeqLAdfo=,OkHtkWbZPlZ0tgcG3scwpRgzkao=
-43,-26,hh+0R/G7WYvYywJvfbSHeqLAdfo=,OkHtkWbZPlZ0tgcG3scwpRgzkao=
-44,-26,hh+0R/G7WYvYywJvfbSHeqLAdfo=,OkHtkWbZPlZ0tgcG3scwpRgzkao=
-45,-26,hh+0R/G7WYvYywJvfbSHeqLAdfo=,OkHtkWbZPlZ0tgcG3scwpRgzkao=
-46,-26,hh+0R/G7WYvYywJvfbSHeqLAdfo=,OkHtkWbZPlZ0tgcG3scwpRgzkao=
-47,-26,hh+0R/G7WYvYywJvfbSHeqLAdfo=,OkHtkWbZPlZ0tgcG3scwpRgzkao=
-48,-26,hh+0R/G7WYvYywJvfbSHeqLAdfo=,OkHtkWbZPlZ0tgcG3scwpRgzkao=
-33,-27,hh+0R/G7WYvYywJvfbSHeqLAdfo=,OkHtkWbZPlZ0tgcG3scwpRgzkao=
-42,-32,hh+0R/G7WYvYywJvfbSHeqLAdfo=,OkHtkWbZPlZ0tgcG3scwpRgzkao=
-34,-27,hh+0R/G7WYvYywJvfbSHeqLAdfo=,OkHtkWbZPlZ0tgcG3scwpRgzkao=
-35,-27,hh+0R/G7WYvYywJvfbSHeqLAdfo=,OkHtkWbZPlZ0tgcG3scwpRgzkao=
-36,-27,hh+0R/G7WYvYywJvfbSHeqLAdfo=,OkHtkWbZPlZ0tgcG3scwpRgzkao=
-37,-27,hh+0R/G7WYvYywJvfbSHeqLAdfo=,OkHtkWbZPlZ0tgcG3scwpRgzkao=
-38,-27,hh+0R/G7WYvYywJvfbSHeqLAdfo=,OkHtkWbZPlZ0tgcG3scwpRgzkao=
-39,-27,hh+0R/G7WYvYywJvfbSHeqLAdfo=,OkHtkWbZPlZ0tgcG3scwpRgzkao=
-40,-27,hh+0R/G7WYvYywJvfbSHeqLAdfo=,OkHtkWbZPlZ0tgcG3scwpRgzkao=
-41,-27,hh+0R/G7WYvYywJvfbSHeqLAdfo=,OkHtkWbZPlZ0tgcG3scwpRgzkao=
-42,-27,hh+0R/G7WYvYywJvfbSHeqLAdfo=,OkHtkWbZPlZ0tgcG3scwpRgzkao=
-43,-27,hh+0R/G7WYvYywJvfbSHeqLAdfo=,OkHtkWbZPlZ0tgcG3scwpRgzkao=
-44,-27,hh+0R/G7WYvYywJvfbSHeqLAdfo=,OkHtkWbZPlZ0tgcG3scwpRgzkao=
-45,-27,hh+0R/G7WYvYywJvfbSHeqLAdfo=,OkHtkWbZPlZ0tgcG3scwpRgzkao=
-46,-27,hh+0R/G7WYvYywJvfbSHeqLAdfo=,OkHtkWbZPlZ0tgcG3scwpRgzkao=
-47,-27,hh+0R/G7WYvYywJvfbSHeqLAdfo=,OkHtkWbZPlZ0tgcG3scwpRgzkao=
-48,-27,hh+0R/G7WYvYywJvfbSHeqLAdfo=,OkHtkWbZPlZ0tgcG3scwpRgzkao=
-33,-28,hh+0R/G7WYvYywJvfbSHeqLAdfo=,OkHtkWbZPlZ0tgcG3scwpRgzkao=
-34,-28,hh+0R/G7WYvYywJvfbSHeqLAdfo=,OkHtkWbZPlZ0tgcG3scwpRgzkao=
-35,-28,hh+0R/G7WYvYywJvfbSHeqLAdfo=,OkHtkWbZPlZ0tgcG3scwpRgzkao=
-43,-32,hh+0R/G7WYvYywJvfbSHeqLAdfo=,OkHtkWbZPlZ0tgcG3scwpRgzkao=
-36,-28,hh+0R/G7WYvYywJvfbSHeqLAdfo=,OkHtkWbZPlZ0tgcG3scwpRgzkao=
-37,-28,hh+0R/G7WYvYywJvfbSHeqLAdfo=,OkHtkWbZPlZ0tgcG3scwpRgzkao=
-38,-28,hh+0R/G7WYvYywJvfbSHeqLAdfo=,OkHtkWbZPlZ0tgcG3scwpRgzkao=
-39,-28,hh+0R/G7WYvYywJvfbSHeqLAdfo=,OkHtkWbZPlZ0tgcG3scwpRgzkao=
-40,-28,hh+0R/G7WYvYywJvfbSHeqLAdfo=,OkHtkWbZPlZ0tgcG3scwpRgzkao=
-41,-28,hh+0R/G7WYvYywJvfbSHeqLAdfo=,OkHtkWbZPlZ0tgcG3scwpRgzkao=
-42,-28,hh+0R/G7WYvYywJvfbSHeqLAdfo=,OkHtkWbZPlZ0tgcG3scwpRgzkao=
-43,-28,hh+0R/G7WYvYywJvfbSHeqLAdfo=,OkHtkWbZPlZ0tgcG3scwpRgzkao=
-44,-28,hh+0R/G7WYvYywJvfbSHeqLAdfo=,OkHtkWbZPlZ0tgcG3scwpRgzkao=
-45,-28,hh+0R/G7WYvYywJvfbSHeqLAdfo=,OkHtkWbZPlZ0tgcG3scwpRgzkao=
-46,-28,hh+0R/G7WYvYywJvfbSHeqLAdfo=,OkHtkWbZPlZ0tgcG3scwpRgzkao=
-47,-28,hh+0R/G7WYvYywJvfbSHeqLAdfo=,OkHtkWbZPlZ0tgcG3scwpRgzkao=
-48,-28,hh+0R/G7WYvYywJvfbSHeqLAdfo=,OkHtkWbZPlZ0tgcG3scwpRgzkao=
-33,-29,hh+0R/G7WYvYywJvfbSHeqLAdfo=,OkHtkWbZPlZ0tgcG3scwpRgzkao=
-34,-29,hh+0R/G7WYvYywJvfbSHeqLAdfo=,OkHtkWbZPlZ0tgcG3scwpRgzkao=
-44,-32,hh+0R/G7WYvYywJvfbSHeqLAdfo=,OkHtkWbZPlZ0tgcG3scwpRgzkao=
-35,-29,hh+0R/G7WYvYywJvfbSHeqLAdfo=,OkHtkWbZPlZ0tgcG3scwpRgzkao=
-36,-29,hh+0R/G7WYvYywJvfbSHeqLAdfo=,OkHtkWbZPlZ0tgcG3scwpRgzkao=
-37,-29,hh+0R/G7WYvYywJvfbSHeqLAdfo=,OkHtkWbZPlZ0tgcG3scwpRgzkao=
-38,-29,hh+0R/G7WYvYywJvfbSHeqLAdfo=,OkHtkWbZPlZ0tgcG3scwpRgzkao=
-39,-29,hh+0R/G7WYvYywJvfbSHeqLAdfo=,OkHtkWbZPlZ0tgcG3scwpRgzkao=
-40,-29,hh+0R/G7WYvYywJvfbSHeqLAdfo=,OkHtkWbZPlZ0tgcG3scwpRgzkao=
-41,-29,hh+0R/G7WYvYywJvfbSHeqLAdfo=,OkHtkWbZPlZ0tgcG3scwpRgzkao=
-42,-29,hh+0R/G7WYvYywJvfbSHeqLAdfo=,OkHtkWbZPlZ0tgcG3scwpRgzkao=
-43,-29,hh+0R/G7WYvYywJvfbSHeqLAdfo=,OkHtkWbZPlZ0tgcG3scwpRgzkao=
-44,-29,hh+0R/G7WYvYywJvfbSHeqLAdfo=,OkHtkWbZPlZ0tgcG3scwpRgzkao=
-45,-29,hh+0R/G7WYvYywJvfbSHeqLAdfo=,OkHtkWbZPlZ0tgcG3scwpRgzkao=
-46,-29,hh+0R/G7WYvYywJvfbSHeqLAdfo=,OkHtkWbZPlZ0tgcG3scwpRgzkao=
-47,-29,hh+0R/G7WYvYywJvfbSHeqLAdfo=,OkHtkWbZPlZ0tgcG3scwpRgzkao=
-48,-29,hh+0R/G7WYvYywJvfbSHeqLAdfo=,OkHtkWbZPlZ0tgcG3scwpRgzkao=
-33,-30,hh+0R/G7WYvYywJvfbSHeqLAdfo=,OkHtkWbZPlZ0tgcG3scwpRgzkao=
-45,-32,hh+0R/G7WYvYywJvfbSHeqLAdfo=,OkHtkWbZPlZ0tgcG3scwpRgzkao=
-34,-30,hh+0R/G7WYvYywJvfbSHeqLAdfo=,OkHtkWbZPlZ0tgcG3scwpRgzkao=
-35,-30,hh+0R/G7WYvYywJvfbSHeqLAdfo=,OkHtkWbZPlZ0tgcG3scwpRgzkao=
-36,-30,hh+0R/G7WYvYywJvfbSHeqLAdfo=,OkHtkWbZPlZ0tgcG3scwpRgzkao=
-38,-30,hh+0R/G7WYvYywJvfbSHeqLAdfo=,OkHtkWbZPlZ0tgcG3scwpRgzkao=
-37,-30,hh+0R/G7WYvYywJvfbSHeqLAdfo=,OkHtkWbZPlZ0tgcG3scwpRgzkao=
-39,-30,hh+0R/G7WYvYywJvfbSHeqLAdfo=,OkHtkWbZPlZ0tgcG3scwpRgzkao=
-40,-30,hh+0R/G7WYvYywJvfbSHeqLAdfo=,OkHtkWbZPlZ0tgcG3scwpRgzkao=
-41,-30,hh+0R/G7WYvYywJvfbSHeqLAdfo=,OkHtkWbZPlZ0tgcG3scwpRgzkao=
-42,-30,hh+0R/G7WYvYywJvfbSHeqLAdfo=,OkHtkWbZPlZ0tgcG3scwpRgzkao=
-43,-30,hh+0R/G7WYvYywJvfbSHeqLAdfo=,OkHtkWbZPlZ0tgcG3scwpRgzkao=
-44,-30,hh+0R/G7WYvYywJvfbSHeqLAdfo=,OkHtkWbZPlZ0tgcG3scwpRgzkao=
-45,-30,hh+0R/G7WYvYywJvfbSHeqLAdfo=,OkHtkWbZPlZ0tgcG3scwpRgzkao=
-46,-30,hh+0R/G7WYvYywJvfbSHeqLAdfo=,OkHtkWbZPlZ0tgcG3scwpRgzkao=
-47,-30,hh+0R/G7WYvYywJvfbSHeqLAdfo=,OkHtkWbZPlZ0tgcG3scwpRgzkao=
-48,-30,hh+0R/G7WYvYywJvfbSHeqLAdfo=,OkHtkWbZPlZ0tgcG3scwpRgzkao=
-33,-31,hh+0R/G7WYvYywJvfbSHeqLAdfo=,OkHtkWbZPlZ0tgcG3scwpRgzkao=
-46,-32,hh+0R/G7WYvYywJvfbSHeqLAdfo=,OkHtkWbZPlZ0tgcG3scwpRgzkao=
-34,-31,hh+0R/G7WYvYywJvfbSHeqLAdfo=,OkHtkWbZPlZ0tgcG3scwpRgzkao=
-47,-32,hh+0R/G7WYvYywJvfbSHeqLAdfo=,OkHtkWbZPlZ0tgcG3scwpRgzkao=
-35,-31,hh+0R/G7WYvYywJvfbSHeqLAdfo=,OkHtkWbZPlZ0tgcG3scwpRgzkao=
-36,-31,hh+0R/G7WYvYywJvfbSHeqLAdfo=,OkHtkWbZPlZ0tgcG3scwpRgzkao=
-37,-31,hh+0R/G7WYvYywJvfbSHeqLAdfo=,OkHtkWbZPlZ0tgcG3scwpRgzkao=
-38,-31,hh+0R/G7WYvYywJvfbSHeqLAdfo=,OkHtkWbZPlZ0tgcG3scwpRgzkao=
-40,-31,hh+0R/G7WYvYywJvfbSHeqLAdfo=,OkHtkWbZPlZ0tgcG3scwpRgzkao=
-39,-31,hh+0R/G7WYvYywJvfbSHeqLAdfo=,OkHtkWbZPlZ0tgcG3scwpRgzkao=
-41,-31,hh+0R/G7WYvYywJvfbSHeqLAdfo=,OkHtkWbZPlZ0tgcG3scwpRgzkao=
-42,-31,hh+0R/G7WYvYywJvfbSHeqLAdfo=,OkHtkWbZPlZ0tgcG3scwpRgzkao=
-43,-31,hh+0R/G7WYvYywJvfbSHeqLAdfo=,OkHtkWbZPlZ0tgcG3scwpRgzkao=
-45,-31,hh+0R/G7WYvYywJvfbSHeqLAdfo=,OkHtkWbZPlZ0tgcG3scwpRgzkao=
-44,-31,hh+0R/G7WYvYywJvfbSHeqLAdfo=,OkHtkWbZPlZ0tgcG3scwpRgzkao=
-46,-31,hh+0R/G7WYvYywJvfbSHeqLAdfo=,OkHtkWbZPlZ0tgcG3scwpRgzkao=
-47,-31,hh+0R/G7WYvYywJvfbSHeqLAdfo=,OkHtkWbZPlZ0tgcG3scwpRgzkao=
-48,-31,hh+0R/G7WYvYywJvfbSHeqLAdfo=,OkHtkWbZPlZ0tgcG3scwpRgzkao=
-33,-17,hh+0R/G7WYvYywJvfbSHeqLAdfo=,OkHtkWbZPlZ0tgcG3scwpRgzkao=
-46,-22,hh+0R/G7WYvYywJvfbSHeqLAdfo=,OkHtkWbZPlZ0tgcG3scwpRgzkao=
-42,-17,hh+0R/G7WYvYywJvfbSHeqLAdfo=,OkHtkWbZPlZ0tgcG3scwpRgzkao=
-39,-20,hh+0R/G7WYvYywJvfbSHeqLAdfo=,OkHtkWbZPlZ0tgcG3scwpRgzkao=
-64,-15,8k72jH78uGJtBl/25TePleV5INA=,OkHtkWbZPlZ0tgcG3scwpRgzkao=
-63,-15,8k72jH78uGJtBl/25TePleV5INA=,OkHtkWbZPlZ0tgcG3scwpRgzkao=
-62,-15,8k72jH78uGJtBl/25TePleV5INA=,OkHtkWbZPlZ0tgcG3scwpRgzkao=
-61,-15,8k72jH78uGJtBl/25TePleV5INA=,OkHtkWbZPlZ0tgcG3scwpRgzkao=
-60,-15,8k72jH78uGJtBl/25TePleV5INA=,OkHtkWbZPlZ0tgcG3scwpRgzkao=
-59,-15,8k72jH78uGJtBl/25TePleV5INA=,OkHtkWbZPlZ0tgcG3scwpRgzkao=
-58,-15,8k72jH78uGJtBl/25TePleV5INA=,OkHtkWbZPlZ0tgcG3scwpRgzkao=
-57,-15,8k72jH78uGJtBl/25TePleV5INA=,OkHtkWbZPlZ0tgcG3scwpRgzkao=
-56,-15,8k72jH78uGJtBl/25TePleV5INA=,OkHtkWbZPlZ0tgcG3scwpRgzkao=
-55,-15,8k72jH78uGJtBl/25TePleV5INA=,OkHtkWbZPlZ0tgcG3scwpRgzkao=
-49,-16,8k72jH78uGJtBl/25TePleV5INA=,OkHtkWbZPlZ0tgcG3scwpRgzkao=
-49,-1,8k72jH78uGJtBl/25TePleV5INA=,OkHtkWbZPlZ0tgcG3scwpRgzkao=
-50,-1,8k72jH78uGJtBl/25TePleV5INA=,OkHtkWbZPlZ0tgcG3scwpRgzkao=
-52,-1,8k72jH78uGJtBl/25TePleV5INA=,OkHtkWbZPlZ0tgcG3scwpRgzkao=
-53,-1,8k72jH78uGJtBl/25TePleV5INA=,OkHtkWbZPlZ0tgcG3scwpRgzkao=
-55,-1,8k72jH78uGJtBl/25TePleV5INA=,OkHtkWbZPlZ0tgcG3scwpRgzkao=
-56,-1,8k72jH78uGJtBl/25TePleV5INA=,OkHtkWbZPlZ0tgcG3scwpRgzkao=
-54,-1,8k72jH78uGJtBl/25TePleV5INA=,OkHtkWbZPlZ0tgcG3scwpRgzkao=
-57,-1,8k72jH78uGJtBl/25TePleV5INA=,OkHtkWbZPlZ0tgcG3scwpRgzkao=
-58,-1,8k72jH78uGJtBl/25TePleV5INA=,OkHtkWbZPlZ0tgcG3scwpRgzkao=
-59,-1,8k72jH78uGJtBl/25TePleV5INA=,OkHtkWbZPlZ0tgcG3scwpRgzkao=
-51,-1,8k72jH78uGJtBl/25TePleV5INA=,OkHtkWbZPlZ0tgcG3scwpRgzkao=
-61,-1,8k72jH78uGJtBl/25TePleV5INA=,OkHtkWbZPlZ0tgcG3scwpRgzkao=
-62,-1,8k72jH78uGJtBl/25TePleV5INA=,OkHtkWbZPlZ0tgcG3scwpRgzkao=
-60,-1,8k72jH78uGJtBl/25TePleV5INA=,OkHtkWbZPlZ0tgcG3scwpRgzkao=
-63,-1,8k72jH78uGJtBl/25TePleV5INA=,OkHtkWbZPlZ0tgcG3scwpRgzkao=
-50,-16,8k72jH78uGJtBl/25TePleV5INA=,OkHtkWbZPlZ0tgcG3scwpRgzkao=
-49,-2,8k72jH78uGJtBl/25TePleV5INA=,OkHtkWbZPlZ0tgcG3scwpRgzkao=
-50,-2,8k72jH78uGJtBl/25TePleV5INA=,OkHtkWbZPlZ0tgcG3scwpRgzkao=
-64,-1,8k72jH78uGJtBl/25TePleV5INA=,OkHtkWbZPlZ0tgcG3scwpRgzkao=
-51,-2,8k72jH78uGJtBl/25TePleV5INA=,OkHtkWbZPlZ0tgcG3scwpRgzkao=
-52,-2,8k72jH78uGJtBl/25TePleV5INA=,OkHtkWbZPlZ0tgcG3scwpRgzkao=
-53,-2,8k72jH78uGJtBl/25TePleV5INA=,OkHtkWbZPlZ0tgcG3scwpRgzkao=
-54,-2,8k72jH78uGJtBl/25TePleV5INA=,OkHtkWbZPlZ0tgcG3scwpRgzkao=
-55,-2,8k72jH78uGJtBl/25TePleV5INA=,OkHtkWbZPlZ0tgcG3scwpRgzkao=
-56,-2,8k72jH78uGJtBl/25TePleV5INA=,OkHtkWbZPlZ0tgcG3scwpRgzkao=
-58,-2,8k72jH78uGJtBl/25TePleV5INA=,OkHtkWbZPlZ0tgcG3scwpRgzkao=
-59,-2,8k72jH78uGJtBl/25TePleV5INA=,OkHtkWbZPlZ0tgcG3scwpRgzkao=
-60,-2,8k72jH78uGJtBl/25TePleV5INA=,OkHtkWbZPlZ0tgcG3scwpRgzkao=
-61,-2,8k72jH78uGJtBl/25TePleV5INA=,OkHtkWbZPlZ0tgcG3scwpRgzkao=
-62,-2,8k72jH78uGJtBl/25TePleV5INA=,OkHtkWbZPlZ0tgcG3scwpRgzkao=
-51,-16,8k72jH78uGJtBl/25TePleV5INA=,OkHtkWbZPlZ0tgcG3scwpRgzkao=
-64,-2,8k72jH78uGJtBl/25TePleV5INA=,OkHtkWbZPlZ0tgcG3scwpRgzkao=
-50,-3,8k72jH78uGJtBl/25TePleV5INA=,OkHtkWbZPlZ0tgcG3scwpRgzkao=
-51,-3,8k72jH78uGJtBl/25TePleV5INA=,OkHtkWbZPlZ0tgcG3scwpRgzkao=
-63,-2,8k72jH78uGJtBl/25TePleV5INA=,OkHtkWbZPlZ0tgcG3scwpRgzkao=
-57,-2,8k72jH78uGJtBl/25TePleV5INA=,OkHtkWbZPlZ0tgcG3scwpRgzkao=
-52,-3,8k72jH78uGJtBl/25TePleV5INA=,OkHtkWbZPlZ0tgcG3scwpRgzkao=
-54,-3,8k72jH78uGJtBl/25TePleV5INA=,OkHtkWbZPlZ0tgcG3scwpRgzkao=
-55,-3,8k72jH78uGJtBl/25TePleV5INA=,OkHtkWbZPlZ0tgcG3scwpRgzkao=
-56,-3,8k72jH78uGJtBl/25TePleV5INA=,OkHtkWbZPlZ0tgcG3scwpRgzkao=
-57,-3,8k72jH78uGJtBl/25TePleV5INA=,OkHtkWbZPlZ0tgcG3scwpRgzkao=
-59,-3,8k72jH78uGJtBl/25TePleV5INA=,OkHtkWbZPlZ0tgcG3scwpRgzkao=
-60,-3,8k72jH78uGJtBl/25TePleV5INA=,OkHtkWbZPlZ0tgcG3scwpRgzkao=
-53,-3,8k72jH78uGJtBl/25TePleV5INA=,OkHtkWbZPlZ0tgcG3scwpRgzkao=
-49,-3,8k72jH78uGJtBl/25TePleV5INA=,OkHtkWbZPlZ0tgcG3scwpRgzkao=
-61,-3,8k72jH78uGJtBl/25TePleV5INA=,OkHtkWbZPlZ0tgcG3scwpRgzkao=
-63,-3,8k72jH78uGJtBl/25TePleV5INA=,OkHtkWbZPlZ0tgcG3scwpRgzkao=
-52,-16,8k72jH78uGJtBl/25TePleV5INA=,OkHtkWbZPlZ0tgcG3scwpRgzkao=
-50,-4,8k72jH78uGJtBl/25TePleV5INA=,OkHtkWbZPlZ0tgcG3scwpRgzkao=
-64,-3,8k72jH78uGJtBl/25TePleV5INA=,OkHtkWbZPlZ0tgcG3scwpRgzkao=
-51,-4,8k72jH78uGJtBl/25TePleV5INA=,OkHtkWbZPlZ0tgcG3scwpRgzkao=
-49,-4,8k72jH78uGJtBl/25TePleV5INA=,OkHtkWbZPlZ0tgcG3scwpRgzkao=
-58,-3,8k72jH78uGJtBl/25TePleV5INA=,OkHtkWbZPlZ0tgcG3scwpRgzkao=
-62,-3,8k72jH78uGJtBl/25TePleV5INA=,OkHtkWbZPlZ0tgcG3scwpRgzkao=
-53,-4,8k72jH78uGJtBl/25TePleV5INA=,OkHtkWbZPlZ0tgcG3scwpRgzkao=
-52,-4,8k72jH78uGJtBl/25TePleV5INA=,OkHtkWbZPlZ0tgcG3scwpRgzkao=
-54,-4,8k72jH78uGJtBl/25TePleV5INA=,OkHtkWbZPlZ0tgcG3scwpRgzkao=
-56,-4,8k72jH78uGJtBl/25TePleV5INA=,OkHtkWbZPlZ0tgcG3scwpRgzkao=
-57,-4,8k72jH78uGJtBl/25TePleV5INA=,OkHtkWbZPlZ0tgcG3scwpRgzkao=
-58,-4,8k72jH78uGJtBl/25TePleV5INA=,OkHtkWbZPlZ0tgcG3scwpRgzkao=
-53,-16,8k72jH78uGJtBl/25TePleV5INA=,OkHtkWbZPlZ0tgcG3scwpRgzkao=
-60,-4,8k72jH78uGJtBl/25TePleV5INA=,OkHtkWbZPlZ0tgcG3scwpRgzkao=
-61,-4,8k72jH78uGJtBl/25TePleV5INA=,OkHtkWbZPlZ0tgcG3scwpRgzkao=
-62,-4,8k72jH78uGJtBl/25TePleV5INA=,OkHtkWbZPlZ0tgcG3scwpRgzkao=
-55,-4,8k72jH78uGJtBl/25TePleV5INA=,OkHtkWbZPlZ0tgcG3scwpRgzkao=
-59,-4,8k72jH78uGJtBl/25TePleV5INA=,OkHtkWbZPlZ0tgcG3scwpRgzkao=
-63,-4,8k72jH78uGJtBl/25TePleV5INA=,OkHtkWbZPlZ0tgcG3scwpRgzkao=
-49,-5,8k72jH78uGJtBl/25TePleV5INA=,OkHtkWbZPlZ0tgcG3scwpRgzkao=
-50,-5,8k72jH78uGJtBl/25TePleV5INA=,OkHtkWbZPlZ0tgcG3scwpRgzkao=
-51,-5,8k72jH78uGJtBl/25TePleV5INA=,OkHtkWbZPlZ0tgcG3scwpRgzkao=
-64,-4,8k72jH78uGJtBl/25TePleV5INA=,OkHtkWbZPlZ0tgcG3scwpRgzkao=
-54,-5,8k72jH78uGJtBl/25TePleV5INA=,OkHtkWbZPlZ0tgcG3scwpRgzkao=
-53,-5,8k72jH78uGJtBl/25TePleV5INA=,OkHtkWbZPlZ0tgcG3scwpRgzkao=
-55,-5,8k72jH78uGJtBl/25TePleV5INA=,OkHtkWbZPlZ0tgcG3scwpRgzkao=
-56,-5,8k72jH78uGJtBl/25TePleV5INA=,OkHtkWbZPlZ0tgcG3scwpRgzkao=
-58,-5,8k72jH78uGJtBl/25TePleV5INA=,OkHtkWbZPlZ0tgcG3scwpRgzkao=
-59,-5,8k72jH78uGJtBl/25TePleV5INA=,OkHtkWbZPlZ0tgcG3scwpRgzkao=
-52,-5,8k72jH78uGJtBl/25TePleV5INA=,OkHtkWbZPlZ0tgcG3scwpRgzkao=
-60,-5,8k72jH78uGJtBl/25TePleV5INA=,OkHtkWbZPlZ0tgcG3scwpRgzkao=
-54,-16,8k72jH78uGJtBl/25TePleV5INA=,OkHtkWbZPlZ0tgcG3scwpRgzkao=
-57,-5,8k72jH78uGJtBl/25TePleV5INA=,OkHtkWbZPlZ0tgcG3scwpRgzkao=
-61,-5,8k72jH78uGJtBl/25TePleV5INA=,OkHtkWbZPlZ0tgcG3scwpRgzkao=
-63,-5,8k72jH78uGJtBl/25TePleV5INA=,OkHtkWbZPlZ0tgcG3scwpRgzkao=
-49,-6,8k72jH78uGJtBl/25TePleV5INA=,OkHtkWbZPlZ0tgcG3scwpRgzkao=
-62,-5,8k72jH78uGJtBl/25TePleV5INA=,OkHtkWbZPlZ0tgcG3scwpRgzkao=
-64,-5,8k72jH78uGJtBl/25TePleV5INA=,OkHtkWbZPlZ0tgcG3scwpRgzkao=
-50,-6,8k72jH78uGJtBl/25TePleV5INA=,OkHtkWbZPlZ0tgcG3scwpRgzkao=
-52,-6,8k72jH78uGJtBl/25TePleV5INA=,OkHtkWbZPlZ0tgcG3scwpRgzkao=
-54,-6,8k72jH78uGJtBl/25TePleV5INA=,OkHtkWbZPlZ0tgcG3scwpRgzkao=
-55,-6,8k72jH78uGJtBl/25TePleV5INA=,OkHtkWbZPlZ0tgcG3scwpRgzkao=
-56,-6,8k72jH78uGJtBl/25TePleV5INA=,OkHtkWbZPlZ0tgcG3scwpRgzkao=
-57,-6,8k72jH78uGJtBl/25TePleV5INA=,OkHtkWbZPlZ0tgcG3scwpRgzkao=
-58,-6,8k72jH78uGJtBl/25TePleV5INA=,OkHtkWbZPlZ0tgcG3scwpRgzkao=
-51,-6,8k72jH78uGJtBl/25TePleV5INA=,OkHtkWbZPlZ0tgcG3scwpRgzkao=
-60,-6,8k72jH78uGJtBl/25TePleV5INA=,OkHtkWbZPlZ0tgcG3scwpRgzkao=
-55,-16,8k72jH78uGJtBl/25TePleV5INA=,OkHtkWbZPlZ0tgcG3scwpRgzkao=
-59,-6,8k72jH78uGJtBl/25TePleV5INA=,OkHtkWbZPlZ0tgcG3scwpRgzkao=
-62,-6,8k72jH78uGJtBl/25TePleV5INA=,OkHtkWbZPlZ0tgcG3scwpRgzkao=
-61,-6,8k72jH78uGJtBl/25TePleV5INA=,OkHtkWbZPlZ0tgcG3scwpRgzkao=
-50,-7,8k72jH78uGJtBl/25TePleV5INA=,OkHtkWbZPlZ0tgcG3scwpRgzkao=
-64,-6,8k72jH78uGJtBl/25TePleV5INA=,OkHtkWbZPlZ0tgcG3scwpRgzkao=
-51,-7,8k72jH78uGJtBl/25TePleV5INA=,OkHtkWbZPlZ0tgcG3scwpRgzkao=
-63,-6,8k72jH78uGJtBl/25TePleV5INA=,OkHtkWbZPlZ0tgcG3scwpRgzkao=
-56,-7,8k72jH78uGJtBl/25TePleV5INA=,OkHtkWbZPlZ0tgcG3scwpRgzkao=
-49,-7,8k72jH78uGJtBl/25TePleV5INA=,OkHtkWbZPlZ0tgcG3scwpRgzkao=
-55,-7,8k72jH78uGJtBl/25TePleV5INA=,OkHtkWbZPlZ0tgcG3scwpRgzkao=
-54,-7,8k72jH78uGJtBl/25TePleV5INA=,OkHtkWbZPlZ0tgcG3scwpRgzkao=
-60,-7,8k72jH78uGJtBl/25TePleV5INA=,OkHtkWbZPlZ0tgcG3scwpRgzkao=
-57,-7,8k72jH78uGJtBl/25TePleV5INA=,OkHtkWbZPlZ0tgcG3scwpRgzkao=
-52,-7,8k72jH78uGJtBl/25TePleV5INA=,OkHtkWbZPlZ0tgcG3scwpRgzkao=
-56,-16,8k72jH78uGJtBl/25TePleV5INA=,OkHtkWbZPlZ0tgcG3scwpRgzkao=
-53,-7,8k72jH78uGJtBl/25TePleV5INA=,OkHtkWbZPlZ0tgcG3scwpRgzkao=
-63,-7,8k72jH78uGJtBl/25TePleV5INA=,OkHtkWbZPlZ0tgcG3scwpRgzkao=
-61,-7,8k72jH78uGJtBl/25TePleV5INA=,OkHtkWbZPlZ0tgcG3scwpRgzkao=
-62,-7,8k72jH78uGJtBl/25TePleV5INA=,OkHtkWbZPlZ0tgcG3scwpRgzkao=
-49,-8,8k72jH78uGJtBl/25TePleV5INA=,OkHtkWbZPlZ0tgcG3scwpRgzkao=
-58,-7,8k72jH78uGJtBl/25TePleV5INA=,OkHtkWbZPlZ0tgcG3scwpRgzkao=
-59,-7,8k72jH78uGJtBl/25TePleV5INA=,OkHtkWbZPlZ0tgcG3scwpRgzkao=
-51,-8,8k72jH78uGJtBl/25TePleV5INA=,OkHtkWbZPlZ0tgcG3scwpRgzkao=
-50,-8,8k72jH78uGJtBl/25TePleV5INA=,OkHtkWbZPlZ0tgcG3scwpRgzkao=
-64,-7,8k72jH78uGJtBl/25TePleV5INA=,OkHtkWbZPlZ0tgcG3scwpRgzkao=
-52,-8,8k72jH78uGJtBl/25TePleV5INA=,OkHtkWbZPlZ0tgcG3scwpRgzkao=
-54,-8,8k72jH78uGJtBl/25TePleV5INA=,OkHtkWbZPlZ0tgcG3scwpRgzkao=
-55,-8,8k72jH78uGJtBl/25TePleV5INA=,OkHtkWbZPlZ0tgcG3scwpRgzkao=
-53,-8,8k72jH78uGJtBl/25TePleV5INA=,OkHtkWbZPlZ0tgcG3scwpRgzkao=
-56,-8,8k72jH78uGJtBl/25TePleV5INA=,OkHtkWbZPlZ0tgcG3scwpRgzkao=
-57,-8,8k72jH78uGJtBl/25TePleV5INA=,OkHtkWbZPlZ0tgcG3scwpRgzkao=
-57,-16,8k72jH78uGJtBl/25TePleV5INA=,OkHtkWbZPlZ0tgcG3scwpRgzkao=
-60,-8,8k72jH78uGJtBl/25TePleV5INA=,OkHtkWbZPlZ0tgcG3scwpRgzkao=
-59,-8,8k72jH78uGJtBl/25TePleV5INA=,OkHtkWbZPlZ0tgcG3scwpRgzkao=
-61,-8,8k72jH78uGJtBl/25TePleV5INA=,OkHtkWbZPlZ0tgcG3scwpRgzkao=
-63,-8,8k72jH78uGJtBl/25TePleV5INA=,OkHtkWbZPlZ0tgcG3scwpRgzkao=
-58,-8,8k72jH78uGJtBl/25TePleV5INA=,OkHtkWbZPlZ0tgcG3scwpRgzkao=
-62,-8,8k72jH78uGJtBl/25TePleV5INA=,OkHtkWbZPlZ0tgcG3scwpRgzkao=
-49,-9,8k72jH78uGJtBl/25TePleV5INA=,OkHtkWbZPlZ0tgcG3scwpRgzkao=
-64,-8,8k72jH78uGJtBl/25TePleV5INA=,OkHtkWbZPlZ0tgcG3scwpRgzkao=
-51,-9,8k72jH78uGJtBl/25TePleV5INA=,OkHtkWbZPlZ0tgcG3scwpRgzkao=
-52,-9,8k72jH78uGJtBl/25TePleV5INA=,OkHtkWbZPlZ0tgcG3scwpRgzkao=
-50,-9,8k72jH78uGJtBl/25TePleV5INA=,OkHtkWbZPlZ0tgcG3scwpRgzkao=
-53,-9,8k72jH78uGJtBl/25TePleV5INA=,OkHtkWbZPlZ0tgcG3scwpRgzkao=
-58,-16,8k72jH78uGJtBl/25TePleV5INA=,OkHtkWbZPlZ0tgcG3scwpRgzkao=
-56,-9,8k72jH78uGJtBl/25TePleV5INA=,OkHtkWbZPlZ0tgcG3scwpRgzkao=
-58,-9,8k72jH78uGJtBl/25TePleV5INA=,OkHtkWbZPlZ0tgcG3scwpRgzkao=
-55,-9,8k72jH78uGJtBl/25TePleV5INA=,OkHtkWbZPlZ0tgcG3scwpRgzkao=
-54,-9,8k72jH78uGJtBl/25TePleV5INA=,OkHtkWbZPlZ0tgcG3scwpRgzkao=
-57,-9,8k72jH78uGJtBl/25TePleV5INA=,OkHtkWbZPlZ0tgcG3scwpRgzkao=
-59,-9,8k72jH78uGJtBl/25TePleV5INA=,OkHtkWbZPlZ0tgcG3scwpRgzkao=
-60,-9,8k72jH78uGJtBl/25TePleV5INA=,OkHtkWbZPlZ0tgcG3scwpRgzkao=
-61,-9,8k72jH78uGJtBl/25TePleV5INA=,OkHtkWbZPlZ0tgcG3scwpRgzkao=
-62,-9,8k72jH78uGJtBl/25TePleV5INA=,OkHtkWbZPlZ0tgcG3scwpRgzkao=
-51,-10,8k72jH78uGJtBl/25TePleV5INA=,OkHtkWbZPlZ0tgcG3scwpRgzkao=
-63,-9,8k72jH78uGJtBl/25TePleV5INA=,OkHtkWbZPlZ0tgcG3scwpRgzkao=
-52,-10,8k72jH78uGJtBl/25TePleV5INA=,OkHtkWbZPlZ0tgcG3scwpRgzkao=
-50,-10,8k72jH78uGJtBl/25TePleV5INA=,OkHtkWbZPlZ0tgcG3scwpRgzkao=
-49,-10,8k72jH78uGJtBl/25TePleV5INA=,OkHtkWbZPlZ0tgcG3scwpRgzkao=
-53,-10,8k72jH78uGJtBl/25TePleV5INA=,OkHtkWbZPlZ0tgcG3scwpRgzkao=
-64,-9,8k72jH78uGJtBl/25TePleV5INA=,OkHtkWbZPlZ0tgcG3scwpRgzkao=
-54,-10,8k72jH78uGJtBl/25TePleV5INA=,OkHtkWbZPlZ0tgcG3scwpRgzkao=
-59,-16,8k72jH78uGJtBl/25TePleV5INA=,OkHtkWbZPlZ0tgcG3scwpRgzkao=
-55,-10,8k72jH78uGJtBl/25TePleV5INA=,OkHtkWbZPlZ0tgcG3scwpRgzkao=
-56,-10,8k72jH78uGJtBl/25TePleV5INA=,OkHtkWbZPlZ0tgcG3scwpRgzkao=
-58,-10,8k72jH78uGJtBl/25TePleV5INA=,OkHtkWbZPlZ0tgcG3scwpRgzkao=
-57,-10,8k72jH78uGJtBl/25TePleV5INA=,OkHtkWbZPlZ0tgcG3scwpRgzkao=
-60,-10,8k72jH78uGJtBl/25TePleV5INA=,OkHtkWbZPlZ0tgcG3scwpRgzkao=
-59,-10,8k72jH78uGJtBl/25TePleV5INA=,OkHtkWbZPlZ0tgcG3scwpRgzkao=
-63,-10,8k72jH78uGJtBl/25TePleV5INA=,OkHtkWbZPlZ0tgcG3scwpRgzkao=
-64,-10,8k72jH78uGJtBl/25TePleV5INA=,OkHtkWbZPlZ0tgcG3scwpRgzkao=
-50,-11,8k72jH78uGJtBl/25TePleV5INA=,OkHtkWbZPlZ0tgcG3scwpRgzkao=
-49,-11,8k72jH78uGJtBl/25TePleV5INA=,OkHtkWbZPlZ0tgcG3scwpRgzkao=
-62,-10,8k72jH78uGJtBl/25TePleV5INA=,OkHtkWbZPlZ0tgcG3scwpRgzkao=
-61,-10,8k72jH78uGJtBl/25TePleV5INA=,OkHtkWbZPlZ0tgcG3scwpRgzkao=
-52,-11,8k72jH78uGJtBl/25TePleV5INA=,OkHtkWbZPlZ0tgcG3scwpRgzkao=
-51,-11,8k72jH78uGJtBl/25TePleV5INA=,OkHtkWbZPlZ0tgcG3scwpRgzkao=
-60,-16,8k72jH78uGJtBl/25TePleV5INA=,OkHtkWbZPlZ0tgcG3scwpRgzkao=
-55,-11,8k72jH78uGJtBl/25TePleV5INA=,OkHtkWbZPlZ0tgcG3scwpRgzkao=
-53,-11,8k72jH78uGJtBl/25TePleV5INA=,OkHtkWbZPlZ0tgcG3scwpRgzkao=
-54,-11,8k72jH78uGJtBl/25TePleV5INA=,OkHtkWbZPlZ0tgcG3scwpRgzkao=
-56,-11,8k72jH78uGJtBl/25TePleV5INA=,OkHtkWbZPlZ0tgcG3scwpRgzkao=
-57,-11,8k72jH78uGJtBl/25TePleV5INA=,OkHtkWbZPlZ0tgcG3scwpRgzkao=
-58,-11,8k72jH78uGJtBl/25TePleV5INA=,OkHtkWbZPlZ0tgcG3scwpRgzkao=
-60,-11,8k72jH78uGJtBl/25TePleV5INA=,OkHtkWbZPlZ0tgcG3scwpRgzkao=
-62,-11,8k72jH78uGJtBl/25TePleV5INA=,OkHtkWbZPlZ0tgcG3scwpRgzkao=
-59,-11,8k72jH78uGJtBl/25TePleV5INA=,OkHtkWbZPlZ0tgcG3scwpRgzkao=
-51,-12,8k72jH78uGJtBl/25TePleV5INA=,OkHtkWbZPlZ0tgcG3scwpRgzkao=
-64,-11,8k72jH78uGJtBl/25TePleV5INA=,OkHtkWbZPlZ0tgcG3scwpRgzkao=
-61,-11,8k72jH78uGJtBl/25TePleV5INA=,OkHtkWbZPlZ0tgcG3scwpRgzkao=
-52,-12,8k72jH78uGJtBl/25TePleV5INA=,OkHtkWbZPlZ0tgcG3scwpRgzkao=
-50,-12,8k72jH78uGJtBl/25TePleV5INA=,OkHtkWbZPlZ0tgcG3scwpRgzkao=
-63,-11,8k72jH78uGJtBl/25TePleV5INA=,OkHtkWbZPlZ0tgcG3scwpRgzkao=
-53,-12,8k72jH78uGJtBl/25TePleV5INA=,OkHtkWbZPlZ0tgcG3scwpRgzkao=
-49,-12,8k72jH78uGJtBl/25TePleV5INA=,OkHtkWbZPlZ0tgcG3scwpRgzkao=
-61,-16,8k72jH78uGJtBl/25TePleV5INA=,OkHtkWbZPlZ0tgcG3scwpRgzkao=
-56,-12,8k72jH78uGJtBl/25TePleV5INA=,OkHtkWbZPlZ0tgcG3scwpRgzkao=
-54,-12,8k72jH78uGJtBl/25TePleV5INA=,OkHtkWbZPlZ0tgcG3scwpRgzkao=
-55,-12,8k72jH78uGJtBl/25TePleV5INA=,OkHtkWbZPlZ0tgcG3scwpRgzkao=
-58,-12,8k72jH78uGJtBl/25TePleV5INA=,OkHtkWbZPlZ0tgcG3scwpRgzkao=
-57,-12,8k72jH78uGJtBl/25TePleV5INA=,OkHtkWbZPlZ0tgcG3scwpRgzkao=
-59,-12,8k72jH78uGJtBl/25TePleV5INA=,OkHtkWbZPlZ0tgcG3scwpRgzkao=
-60,-12,8k72jH78uGJtBl/25TePleV5INA=,OkHtkWbZPlZ0tgcG3scwpRgzkao=
-62,-12,8k72jH78uGJtBl/25TePleV5INA=,OkHtkWbZPlZ0tgcG3scwpRgzkao=
-61,-12,8k72jH78uGJtBl/25TePleV5INA=,OkHtkWbZPlZ0tgcG3scwpRgzkao=
-63,-12,8k72jH78uGJtBl/25TePleV5INA=,OkHtkWbZPlZ0tgcG3scwpRgzkao=
-50,-13,8k72jH78uGJtBl/25TePleV5INA=,OkHtkWbZPlZ0tgcG3scwpRgzkao=
-49,-13,8k72jH78uGJtBl/25TePleV5INA=,OkHtkWbZPlZ0tgcG3scwpRgzkao=
-51,-13,8k72jH78uGJtBl/25TePleV5INA=,OkHtkWbZPlZ0tgcG3scwpRgzkao=
-52,-13,8k72jH78uGJtBl/25TePleV5INA=,OkHtkWbZPlZ0tgcG3scwpRgzkao=
-62,-16,8k72jH78uGJtBl/25TePleV5INA=,OkHtkWbZPlZ0tgcG3scwpRgzkao=
-64,-12,8k72jH78uGJtBl/25TePleV5INA=,OkHtkWbZPlZ0tgcG3scwpRgzkao=
-54,-13,8k72jH78uGJtBl/25TePleV5INA=,OkHtkWbZPlZ0tgcG3scwpRgzkao=
-56,-13,8k72jH78uGJtBl/25TePleV5INA=,OkHtkWbZPlZ0tgcG3scwpRgzkao=
-53,-13,8k72jH78uGJtBl/25TePleV5INA=,OkHtkWbZPlZ0tgcG3scwpRgzkao=
-55,-13,8k72jH78uGJtBl/25TePleV5INA=,OkHtkWbZPlZ0tgcG3scwpRgzkao=
-59,-13,8k72jH78uGJtBl/25TePleV5INA=,OkHtkWbZPlZ0tgcG3scwpRgzkao=
-60,-13,8k72jH78uGJtBl/25TePleV5INA=,OkHtkWbZPlZ0tgcG3scwpRgzkao=
-57,-13,8k72jH78uGJtBl/25TePleV5INA=,OkHtkWbZPlZ0tgcG3scwpRgzkao=
-61,-13,8k72jH78uGJtBl/25TePleV5INA=,OkHtkWbZPlZ0tgcG3scwpRgzkao=
-58,-13,8k72jH78uGJtBl/25TePleV5INA=,OkHtkWbZPlZ0tgcG3scwpRgzkao=
-62,-13,8k72jH78uGJtBl/25TePleV5INA=,OkHtkWbZPlZ0tgcG3scwpRgzkao=
-63,-13,8k72jH78uGJtBl/25TePleV5INA=,OkHtkWbZPlZ0tgcG3scwpRgzkao=
-49,-14,8k72jH78uGJtBl/25TePleV5INA=,OkHtkWbZPlZ0tgcG3scwpRgzkao=
-64,-13,8k72jH78uGJtBl/25TePleV5INA=,OkHtkWbZPlZ0tgcG3scwpRgzkao=
-51,-14,8k72jH78uGJtBl/25TePleV5INA=,OkHtkWbZPlZ0tgcG3scwpRgzkao=
-50,-14,8k72jH78uGJtBl/25TePleV5INA=,OkHtkWbZPlZ0tgcG3scwpRgzkao=
-63,-16,8k72jH78uGJtBl/25TePleV5INA=,OkHtkWbZPlZ0tgcG3scwpRgzkao=
-54,-14,8k72jH78uGJtBl/25TePleV5INA=,OkHtkWbZPlZ0tgcG3scwpRgzkao=
-57,-14,8k72jH78uGJtBl/25TePleV5INA=,OkHtkWbZPlZ0tgcG3scwpRgzkao=
-58,-14,8k72jH78uGJtBl/25TePleV5INA=,OkHtkWbZPlZ0tgcG3scwpRgzkao=
-53,-14,8k72jH78uGJtBl/25TePleV5INA=,OkHtkWbZPlZ0tgcG3scwpRgzkao=
-56,-14,8k72jH78uGJtBl/25TePleV5INA=,OkHtkWbZPlZ0tgcG3scwpRgzkao=
-52,-14,8k72jH78uGJtBl/25TePleV5INA=,OkHtkWbZPlZ0tgcG3scwpRgzkao=
-59,-14,8k72jH78uGJtBl/25TePleV5INA=,OkHtkWbZPlZ0tgcG3scwpRgzkao=
-60,-14,8k72jH78uGJtBl/25TePleV5INA=,OkHtkWbZPlZ0tgcG3scwpRgzkao=
-55,-14,8k72jH78uGJtBl/25TePleV5INA=,OkHtkWbZPlZ0tgcG3scwpRgzkao=
-62,-14,8k72jH78uGJtBl/25TePleV5INA=,OkHtkWbZPlZ0tgcG3scwpRgzkao=
-63,-14,8k72jH78uGJtBl/25TePleV5INA=,OkHtkWbZPlZ0tgcG3scwpRgzkao=
-61,-14,8k72jH78uGJtBl/25TePleV5INA=,OkHtkWbZPlZ0tgcG3scwpRgzkao=
-64,-14,8k72jH78uGJtBl/25TePleV5INA=,OkHtkWbZPlZ0tgcG3scwpRgzkao=
-49,-15,8k72jH78uGJtBl/25TePleV5INA=,OkHtkWbZPlZ0tgcG3scwpRgzkao=
-50,-15,8k72jH78uGJtBl/25TePleV5INA=,OkHtkWbZPlZ0tgcG3scwpRgzkao=
-52,-15,8k72jH78uGJtBl/25TePleV5INA=,OkHtkWbZPlZ0tgcG3scwpRgzkao=
-51,-15,8k72jH78uGJtBl/25TePleV5INA=,OkHtkWbZPlZ0tgcG3scwpRgzkao=
-64,-16,8k72jH78uGJtBl/25TePleV5INA=,OkHtkWbZPlZ0tgcG3scwpRgzkao=
-53,-15,8k72jH78uGJtBl/25TePleV5INA=,OkHtkWbZPlZ0tgcG3scwpRgzkao=
-54,-15,8k72jH78uGJtBl/25TePleV5INA=,OkHtkWbZPlZ0tgcG3scwpRgzkao=
-53,-6,8k72jH78uGJtBl/25TePleV5INA=,OkHtkWbZPlZ0tgcG3scwpRgzkao=
-47,-16,8k72jH78uGJtBl/25TePleV5INA=,OkHtkWbZPlZ0tgcG3scwpRgzkao=
-35,-15,8k72jH78uGJtBl/25TePleV5INA=,OkHtkWbZPlZ0tgcG3scwpRgzkao=
-33,-1,8k72jH78uGJtBl/25TePleV5INA=,OkHtkWbZPlZ0tgcG3scwpRgzkao=
-36,-15,8k72jH78uGJtBl/25TePleV5INA=,OkHtkWbZPlZ0tgcG3scwpRgzkao=
-38,-15,8k72jH78uGJtBl/25TePleV5INA=,OkHtkWbZPlZ0tgcG3scwpRgzkao=
-37,-15,8k72jH78uGJtBl/25TePleV5INA=,OkHtkWbZPlZ0tgcG3scwpRgzkao=
-34,-15,8k72jH78uGJtBl/25TePleV5INA=,OkHtkWbZPlZ0tgcG3scwpRgzkao=
-39,-15,8k72jH78uGJtBl/25TePleV5INA=,OkHtkWbZPlZ0tgcG3scwpRgzkao=
-40,-15,8k72jH78uGJtBl/25TePleV5INA=,OkHtkWbZPlZ0tgcG3scwpRgzkao=
-41,-15,8k72jH78uGJtBl/25TePleV5INA=,OkHtkWbZPlZ0tgcG3scwpRgzkao=
-42,-15,8k72jH78uGJtBl/25TePleV5INA=,OkHtkWbZPlZ0tgcG3scwpRgzkao=
-44,-15,8k72jH78uGJtBl/25TePleV5INA=,OkHtkWbZPlZ0tgcG3scwpRgzkao=
-45,-15,8k72jH78uGJtBl/25TePleV5INA=,OkHtkWbZPlZ0tgcG3scwpRgzkao=
-46,-15,8k72jH78uGJtBl/25TePleV5INA=,OkHtkWbZPlZ0tgcG3scwpRgzkao=
-48,-15,8k72jH78uGJtBl/25TePleV5INA=,OkHtkWbZPlZ0tgcG3scwpRgzkao=
-47,-15,8k72jH78uGJtBl/25TePleV5INA=,OkHtkWbZPlZ0tgcG3scwpRgzkao=
-43,-15,8k72jH78uGJtBl/25TePleV5INA=,OkHtkWbZPlZ0tgcG3scwpRgzkao=
-34,-1,8k72jH78uGJtBl/25TePleV5INA=,OkHtkWbZPlZ0tgcG3scwpRgzkao=
-48,-16,8k72jH78uGJtBl/25TePleV5INA=,OkHtkWbZPlZ0tgcG3scwpRgzkao=
-35,-1,8k72jH78uGJtBl/25TePleV5INA=,OkHtkWbZPlZ0tgcG3scwpRgzkao=
-36,-1,8k72jH78uGJtBl/25TePleV5INA=,OkHtkWbZPlZ0tgcG3scwpRgzkao=
-41,-1,8k72jH78uGJtBl/25TePleV5INA=,OkHtkWbZPlZ0tgcG3scwpRgzkao=
-42,-1,8k72jH78uGJtBl/25TePleV5INA=,OkHtkWbZPlZ0tgcG3scwpRgzkao=
-38,-1,8k72jH78uGJtBl/25TePleV5INA=,OkHtkWbZPlZ0tgcG3scwpRgzkao=
-39,-1,8k72jH78uGJtBl/25TePleV5INA=,OkHtkWbZPlZ0tgcG3scwpRgzkao=
-40,-1,8k72jH78uGJtBl/25TePleV5INA=,OkHtkWbZPlZ0tgcG3scwpRgzkao=
-43,-1,8k72jH78uGJtBl/25TePleV5INA=,OkHtkWbZPlZ0tgcG3scwpRgzkao=
-44,-1,8k72jH78uGJtBl/25TePleV5INA=,OkHtkWbZPlZ0tgcG3scwpRgzkao=
-45,-1,8k72jH78uGJtBl/25TePleV5INA=,OkHtkWbZPlZ0tgcG3scwpRgzkao=
-47,-1,8k72jH78uGJtBl/25TePleV5INA=,OkHtkWbZPlZ0tgcG3scwpRgzkao=
-46,-1,8k72jH78uGJtBl/25TePleV5INA=,OkHtkWbZPlZ0tgcG3scwpRgzkao=
-48,-1,8k72jH78uGJtBl/25TePleV5INA=,OkHtkWbZPlZ0tgcG3scwpRgzkao=
-33,-2,8k72jH78uGJtBl/25TePleV5INA=,OkHtkWbZPlZ0tgcG3scwpRgzkao=
-34,-2,8k72jH78uGJtBl/25TePleV5INA=,OkHtkWbZPlZ0tgcG3scwpRgzkao=
-35,-2,8k72jH78uGJtBl/25TePleV5INA=,OkHtkWbZPlZ0tgcG3scwpRgzkao=
-33,-16,8k72jH78uGJtBl/25TePleV5INA=,OkHtkWbZPlZ0tgcG3scwpRgzkao=
-36,-2,8k72jH78uGJtBl/25TePleV5INA=,OkHtkWbZPlZ0tgcG3scwpRgzkao=
-37,-2,8k72jH78uGJtBl/25TePleV5INA=,OkHtkWbZPlZ0tgcG3scwpRgzkao=
-39,-2,8k72jH78uGJtBl/25TePleV5INA=,OkHtkWbZPlZ0tgcG3scwpRgzkao=
-41,-2,8k72jH78uGJtBl/25TePleV5INA=,OkHtkWbZPlZ0tgcG3scwpRgzkao=
-38,-2,8k72jH78uGJtBl/25TePleV5INA=,OkHtkWbZPlZ0tgcG3scwpRgzkao=
-42,-2,8k72jH78uGJtBl/25TePleV5INA=,OkHtkWbZPlZ0tgcG3scwpRgzkao=
-44,-2,8k72jH78uGJtBl/25TePleV5INA=,OkHtkWbZPlZ0tgcG3scwpRgzkao=
-43,-2,8k72jH78uGJtBl/25TePleV5INA=,OkHtkWbZPlZ0tgcG3scwpRgzkao=
-46,-2,8k72jH78uGJtBl/25TePleV5INA=,OkHtkWbZPlZ0tgcG3scwpRgzkao=
-47,-2,8k72jH78uGJtBl/25TePleV5INA=,OkHtkWbZPlZ0tgcG3scwpRgzkao=
-48,-2,8k72jH78uGJtBl/25TePleV5INA=,OkHtkWbZPlZ0tgcG3scwpRgzkao=
-33,-3,8k72jH78uGJtBl/25TePleV5INA=,OkHtkWbZPlZ0tgcG3scwpRgzkao=
-34,-3,8k72jH78uGJtBl/25TePleV5INA=,OkHtkWbZPlZ0tgcG3scwpRgzkao=
-45,-2,8k72jH78uGJtBl/25TePleV5INA=,OkHtkWbZPlZ0tgcG3scwpRgzkao=
-34,-16,8k72jH78uGJtBl/25TePleV5INA=,OkHtkWbZPlZ0tgcG3scwpRgzkao=
-36,-3,8k72jH78uGJtBl/25TePleV5INA=,OkHtkWbZPlZ0tgcG3scwpRgzkao=
-37,-3,8k72jH78uGJtBl/25TePleV5INA=,OkHtkWbZPlZ0tgcG3scwpRgzkao=
-38,-3,8k72jH78uGJtBl/25TePleV5INA=,OkHtkWbZPlZ0tgcG3scwpRgzkao=
-35,-3,8k72jH78uGJtBl/25TePleV5INA=,OkHtkWbZPlZ0tgcG3scwpRgzkao=
-39,-3,8k72jH78uGJtBl/25TePleV5INA=,OkHtkWbZPlZ0tgcG3scwpRgzkao=
-40,-3,8k72jH78uGJtBl/25TePleV5INA=,OkHtkWbZPlZ0tgcG3scwpRgzkao=
-41,-3,8k72jH78uGJtBl/25TePleV5INA=,OkHtkWbZPlZ0tgcG3scwpRgzkao=
-43,-3,8k72jH78uGJtBl/25TePleV5INA=,OkHtkWbZPlZ0tgcG3scwpRgzkao=
-42,-3,8k72jH78uGJtBl/25TePleV5INA=,OkHtkWbZPlZ0tgcG3scwpRgzkao=
-44,-3,8k72jH78uGJtBl/25TePleV5INA=,OkHtkWbZPlZ0tgcG3scwpRgzkao=
-45,-3,8k72jH78uGJtBl/25TePleV5INA=,OkHtkWbZPlZ0tgcG3scwpRgzkao=
-46,-3,8k72jH78uGJtBl/25TePleV5INA=,OkHtkWbZPlZ0tgcG3scwpRgzkao=
-47,-3,8k72jH78uGJtBl/25TePleV5INA=,OkHtkWbZPlZ0tgcG3scwpRgzkao=
-48,-3,8k72jH78uGJtBl/25TePleV5INA=,OkHtkWbZPlZ0tgcG3scwpRgzkao=
-33,-4,8k72jH78uGJtBl/25TePleV5INA=,OkHtkWbZPlZ0tgcG3scwpRgzkao=
-34,-4,8k72jH78uGJtBl/25TePleV5INA=,OkHtkWbZPlZ0tgcG3scwpRgzkao=
-37,-4,8k72jH78uGJtBl/25TePleV5INA=,OkHtkWbZPlZ0tgcG3scwpRgzkao=
-35,-16,8k72jH78uGJtBl/25TePleV5INA=,OkHtkWbZPlZ0tgcG3scwpRgzkao=
-36,-4,8k72jH78uGJtBl/25TePleV5INA=,OkHtkWbZPlZ0tgcG3scwpRgzkao=
-38,-4,8k72jH78uGJtBl/25TePleV5INA=,OkHtkWbZPlZ0tgcG3scwpRgzkao=
-39,-4,8k72jH78uGJtBl/25TePleV5INA=,OkHtkWbZPlZ0tgcG3scwpRgzkao=
-35,-4,8k72jH78uGJtBl/25TePleV5INA=,OkHtkWbZPlZ0tgcG3scwpRgzkao=
-41,-4,8k72jH78uGJtBl/25TePleV5INA=,OkHtkWbZPlZ0tgcG3scwpRgzkao=
-40,-4,8k72jH78uGJtBl/25TePleV5INA=,OkHtkWbZPlZ0tgcG3scwpRgzkao=
-42,-4,8k72jH78uGJtBl/25TePleV5INA=,OkHtkWbZPlZ0tgcG3scwpRgzkao=
-46,-4,8k72jH78uGJtBl/25TePleV5INA=,OkHtkWbZPlZ0tgcG3scwpRgzkao=
-43,-4,8k72jH78uGJtBl/25TePleV5INA=,OkHtkWbZPlZ0tgcG3scwpRgzkao=
-47,-4,8k72jH78uGJtBl/25TePleV5INA=,OkHtkWbZPlZ0tgcG3scwpRgzkao=
-48,-4,8k72jH78uGJtBl/25TePleV5INA=,OkHtkWbZPlZ0tgcG3scwpRgzkao=
-40,-2,8k72jH78uGJtBl/25TePleV5INA=,OkHtkWbZPlZ0tgcG3scwpRgzkao=
-34,-5,8k72jH78uGJtBl/25TePleV5INA=,OkHtkWbZPlZ0tgcG3scwpRgzkao=
-33,-5,8k72jH78uGJtBl/25TePleV5INA=,OkHtkWbZPlZ0tgcG3scwpRgzkao=
-36,-5,8k72jH78uGJtBl/25TePleV5INA=,OkHtkWbZPlZ0tgcG3scwpRgzkao=
-35,-5,8k72jH78uGJtBl/25TePleV5INA=,OkHtkWbZPlZ0tgcG3scwpRgzkao=
-45,-4,8k72jH78uGJtBl/25TePleV5INA=,OkHtkWbZPlZ0tgcG3scwpRgzkao=
-39,-5,8k72jH78uGJtBl/25TePleV5INA=,OkHtkWbZPlZ0tgcG3scwpRgzkao=
-40,-5,8k72jH78uGJtBl/25TePleV5INA=,OkHtkWbZPlZ0tgcG3scwpRgzkao=
-42,-5,8k72jH78uGJtBl/25TePleV5INA=,OkHtkWbZPlZ0tgcG3scwpRgzkao=
-41,-5,8k72jH78uGJtBl/25TePleV5INA=,OkHtkWbZPlZ0tgcG3scwpRgzkao=
-43,-5,8k72jH78uGJtBl/25TePleV5INA=,OkHtkWbZPlZ0tgcG3scwpRgzkao=
-46,-5,8k72jH78uGJtBl/25TePleV5INA=,OkHtkWbZPlZ0tgcG3scwpRgzkao=
-45,-5,8k72jH78uGJtBl/25TePleV5INA=,OkHtkWbZPlZ0tgcG3scwpRgzkao=
-47,-5,8k72jH78uGJtBl/25TePleV5INA=,OkHtkWbZPlZ0tgcG3scwpRgzkao=
-48,-5,8k72jH78uGJtBl/25TePleV5INA=,OkHtkWbZPlZ0tgcG3scwpRgzkao=
-37,-16,8k72jH78uGJtBl/25TePleV5INA=,OkHtkWbZPlZ0tgcG3scwpRgzkao=
-34,-6,8k72jH78uGJtBl/25TePleV5INA=,OkHtkWbZPlZ0tgcG3scwpRgzkao=
-36,-16,8k72jH78uGJtBl/25TePleV5INA=,OkHtkWbZPlZ0tgcG3scwpRgzkao=
-35,-6,8k72jH78uGJtBl/25TePleV5INA=,OkHtkWbZPlZ0tgcG3scwpRgzkao=
-44,-5,8k72jH78uGJtBl/25TePleV5INA=,OkHtkWbZPlZ0tgcG3scwpRgzkao=
-37,-6,8k72jH78uGJtBl/25TePleV5INA=,OkHtkWbZPlZ0tgcG3scwpRgzkao=
-36,-6,8k72jH78uGJtBl/25TePleV5INA=,OkHtkWbZPlZ0tgcG3scwpRgzkao=
-38,-6,8k72jH78uGJtBl/25TePleV5INA=,OkHtkWbZPlZ0tgcG3scwpRgzkao=
-40,-6,8k72jH78uGJtBl/25TePleV5INA=,OkHtkWbZPlZ0tgcG3scwpRgzkao=
-41,-6,8k72jH78uGJtBl/25TePleV5INA=,OkHtkWbZPlZ0tgcG3scwpRgzkao=
-43,-6,8k72jH78uGJtBl/25TePleV5INA=,OkHtkWbZPlZ0tgcG3scwpRgzkao=
-44,-6,8k72jH78uGJtBl/25TePleV5INA=,OkHtkWbZPlZ0tgcG3scwpRgzkao=
-45,-6,8k72jH78uGJtBl/25TePleV5INA=,OkHtkWbZPlZ0tgcG3scwpRgzkao=
-47,-6,8k72jH78uGJtBl/25TePleV5INA=,OkHtkWbZPlZ0tgcG3scwpRgzkao=
-48,-6,8k72jH78uGJtBl/25TePleV5INA=,OkHtkWbZPlZ0tgcG3scwpRgzkao=
-38,-16,8k72jH78uGJtBl/25TePleV5INA=,OkHtkWbZPlZ0tgcG3scwpRgzkao=
-46,-6,8k72jH78uGJtBl/25TePleV5INA=,OkHtkWbZPlZ0tgcG3scwpRgzkao=
-36,-7,8k72jH78uGJtBl/25TePleV5INA=,OkHtkWbZPlZ0tgcG3scwpRgzkao=
-37,-7,8k72jH78uGJtBl/25TePleV5INA=,OkHtkWbZPlZ0tgcG3scwpRgzkao=
-40,-7,8k72jH78uGJtBl/25TePleV5INA=,OkHtkWbZPlZ0tgcG3scwpRgzkao=
-35,-7,8k72jH78uGJtBl/25TePleV5INA=,OkHtkWbZPlZ0tgcG3scwpRgzkao=
-39,-7,8k72jH78uGJtBl/25TePleV5INA=,OkHtkWbZPlZ0tgcG3scwpRgzkao=
-37,-5,8k72jH78uGJtBl/25TePleV5INA=,OkHtkWbZPlZ0tgcG3scwpRgzkao=
-39,-6,8k72jH78uGJtBl/25TePleV5INA=,OkHtkWbZPlZ0tgcG3scwpRgzkao=
-48,-7,8k72jH78uGJtBl/25TePleV5INA=,OkHtkWbZPlZ0tgcG3scwpRgzkao=
-42,-7,8k72jH78uGJtBl/25TePleV5INA=,OkHtkWbZPlZ0tgcG3scwpRgzkao=
-39,-16,8k72jH78uGJtBl/25TePleV5INA=,OkHtkWbZPlZ0tgcG3scwpRgzkao=
-47,-7,8k72jH78uGJtBl/25TePleV5INA=,OkHtkWbZPlZ0tgcG3scwpRgzkao=
-36,-8,8k72jH78uGJtBl/25TePleV5INA=,OkHtkWbZPlZ0tgcG3scwpRgzkao=
-37,-8,8k72jH78uGJtBl/25TePleV5INA=,OkHtkWbZPlZ0tgcG3scwpRgzkao=
-38,-8,8k72jH78uGJtBl/25TePleV5INA=,OkHtkWbZPlZ0tgcG3scwpRgzkao=
-35,-8,8k72jH78uGJtBl/25TePleV5INA=,OkHtkWbZPlZ0tgcG3scwpRgzkao=
-40,-8,8k72jH78uGJtBl/25TePleV5INA=,OkHtkWbZPlZ0tgcG3scwpRgzkao=
-41,-8,8k72jH78uGJtBl/25TePleV5INA=,OkHtkWbZPlZ0tgcG3scwpRgzkao=
-39,-8,8k72jH78uGJtBl/25TePleV5INA=,OkHtkWbZPlZ0tgcG3scwpRgzkao=
-42,-8,8k72jH78uGJtBl/25TePleV5INA=,OkHtkWbZPlZ0tgcG3scwpRgzkao=
-43,-8,8k72jH78uGJtBl/25TePleV5INA=,OkHtkWbZPlZ0tgcG3scwpRgzkao=
-44,-8,8k72jH78uGJtBl/25TePleV5INA=,OkHtkWbZPlZ0tgcG3scwpRgzkao=
-45,-8,8k72jH78uGJtBl/25TePleV5INA=,OkHtkWbZPlZ0tgcG3scwpRgzkao=
-47,-8,8k72jH78uGJtBl/25TePleV5INA=,OkHtkWbZPlZ0tgcG3scwpRgzkao=
-46,-8,8k72jH78uGJtBl/25TePleV5INA=,OkHtkWbZPlZ0tgcG3scwpRgzkao=
-33,-9,8k72jH78uGJtBl/25TePleV5INA=,OkHtkWbZPlZ0tgcG3scwpRgzkao=
-48,-8,8k72jH78uGJtBl/25TePleV5INA=,OkHtkWbZPlZ0tgcG3scwpRgzkao=
-40,-16,8k72jH78uGJtBl/25TePleV5INA=,OkHtkWbZPlZ0tgcG3scwpRgzkao=
-36,-9,8k72jH78uGJtBl/25TePleV5INA=,OkHtkWbZPlZ0tgcG3scwpRgzkao=
-34,-9,8k72jH78uGJtBl/25TePleV5INA=,OkHtkWbZPlZ0tgcG3scwpRgzkao=
-35,-9,8k72jH78uGJtBl/25TePleV5INA=,OkHtkWbZPlZ0tgcG3scwpRgzkao=
-38,-9,8k72jH78uGJtBl/25TePleV5INA=,OkHtkWbZPlZ0tgcG3scwpRgzkao=
-39,-9,8k72jH78uGJtBl/25TePleV5INA=,OkHtkWbZPlZ0tgcG3scwpRgzkao=
-37,-9,8k72jH78uGJtBl/25TePleV5INA=,OkHtkWbZPlZ0tgcG3scwpRgzkao=
-40,-9,8k72jH78uGJtBl/25TePleV5INA=,OkHtkWbZPlZ0tgcG3scwpRgzkao=
-42,-9,8k72jH78uGJtBl/25TePleV5INA=,OkHtkWbZPlZ0tgcG3scwpRgzkao=
-41,-9,8k72jH78uGJtBl/25TePleV5INA=,OkHtkWbZPlZ0tgcG3scwpRgzkao=
-43,-9,8k72jH78uGJtBl/25TePleV5INA=,OkHtkWbZPlZ0tgcG3scwpRgzkao=
-45,-9,8k72jH78uGJtBl/25TePleV5INA=,OkHtkWbZPlZ0tgcG3scwpRgzkao=
-46,-9,8k72jH78uGJtBl/25TePleV5INA=,OkHtkWbZPlZ0tgcG3scwpRgzkao=
-44,-9,8k72jH78uGJtBl/25TePleV5INA=,OkHtkWbZPlZ0tgcG3scwpRgzkao=
-47,-9,8k72jH78uGJtBl/25TePleV5INA=,OkHtkWbZPlZ0tgcG3scwpRgzkao=
-48,-9,8k72jH78uGJtBl/25TePleV5INA=,OkHtkWbZPlZ0tgcG3scwpRgzkao=
-33,-10,8k72jH78uGJtBl/25TePleV5INA=,OkHtkWbZPlZ0tgcG3scwpRgzkao=
-34,-10,8k72jH78uGJtBl/25TePleV5INA=,OkHtkWbZPlZ0tgcG3scwpRgzkao=
-35,-10,8k72jH78uGJtBl/25TePleV5INA=,OkHtkWbZPlZ0tgcG3scwpRgzkao=
-36,-10,8k72jH78uGJtBl/25TePleV5INA=,OkHtkWbZPlZ0tgcG3scwpRgzkao=
-41,-16,8k72jH78uGJtBl/25TePleV5INA=,OkHtkWbZPlZ0tgcG3scwpRgzkao=
-38,-10,8k72jH78uGJtBl/25TePleV5INA=,OkHtkWbZPlZ0tgcG3scwpRgzkao=
-37,-10,8k72jH78uGJtBl/25TePleV5INA=,OkHtkWbZPlZ0tgcG3scwpRgzkao=
-39,-10,8k72jH78uGJtBl/25TePleV5INA=,OkHtkWbZPlZ0tgcG3scwpRgzkao=
-40,-10,8k72jH78uGJtBl/25TePleV5INA=,OkHtkWbZPlZ0tgcG3scwpRgzkao=
-41,-10,8k72jH78uGJtBl/25TePleV5INA=,OkHtkWbZPlZ0tgcG3scwpRgzkao=
-42,-10,8k72jH78uGJtBl/25TePleV5INA=,OkHtkWbZPlZ0tgcG3scwpRgzkao=
-45,-10,8k72jH78uGJtBl/25TePleV5INA=,OkHtkWbZPlZ0tgcG3scwpRgzkao=
-43,-10,8k72jH78uGJtBl/25TePleV5INA=,OkHtkWbZPlZ0tgcG3scwpRgzkao=
-44,-10,8k72jH78uGJtBl/25TePleV5INA=,OkHtkWbZPlZ0tgcG3scwpRgzkao=
-46,-10,8k72jH78uGJtBl/25TePleV5INA=,OkHtkWbZPlZ0tgcG3scwpRgzkao=
-47,-10,8k72jH78uGJtBl/25TePleV5INA=,OkHtkWbZPlZ0tgcG3scwpRgzkao=
-34,-11,8k72jH78uGJtBl/25TePleV5INA=,OkHtkWbZPlZ0tgcG3scwpRgzkao=
-48,-10,8k72jH78uGJtBl/25TePleV5INA=,OkHtkWbZPlZ0tgcG3scwpRgzkao=
-33,-11,8k72jH78uGJtBl/25TePleV5INA=,OkHtkWbZPlZ0tgcG3scwpRgzkao=
-42,-16,8k72jH78uGJtBl/25TePleV5INA=,OkHtkWbZPlZ0tgcG3scwpRgzkao=
-35,-11,8k72jH78uGJtBl/25TePleV5INA=,OkHtkWbZPlZ0tgcG3scwpRgzkao=
-36,-11,8k72jH78uGJtBl/25TePleV5INA=,OkHtkWbZPlZ0tgcG3scwpRgzkao=
-37,-11,8k72jH78uGJtBl/25TePleV5INA=,OkHtkWbZPlZ0tgcG3scwpRgzkao=
-39,-11,8k72jH78uGJtBl/25TePleV5INA=,OkHtkWbZPlZ0tgcG3scwpRgzkao=
-38,-11,8k72jH78uGJtBl/25TePleV5INA=,OkHtkWbZPlZ0tgcG3scwpRgzkao=
-41,-11,8k72jH78uGJtBl/25TePleV5INA=,OkHtkWbZPlZ0tgcG3scwpRgzkao=
-40,-11,8k72jH78uGJtBl/25TePleV5INA=,OkHtkWbZPlZ0tgcG3scwpRgzkao=
-43,-11,8k72jH78uGJtBl/25TePleV5INA=,OkHtkWbZPlZ0tgcG3scwpRgzkao=
-44,-11,8k72jH78uGJtBl/25TePleV5INA=,OkHtkWbZPlZ0tgcG3scwpRgzkao=
-46,-11,8k72jH78uGJtBl/25TePleV5INA=,OkHtkWbZPlZ0tgcG3scwpRgzkao=
-45,-11,8k72jH78uGJtBl/25TePleV5INA=,OkHtkWbZPlZ0tgcG3scwpRgzkao=
-47,-11,8k72jH78uGJtBl/25TePleV5INA=,OkHtkWbZPlZ0tgcG3scwpRgzkao=
-33,-12,8k72jH78uGJtBl/25TePleV5INA=,OkHtkWbZPlZ0tgcG3scwpRgzkao=
-34,-12,8k72jH78uGJtBl/25TePleV5INA=,OkHtkWbZPlZ0tgcG3scwpRgzkao=
-35,-12,8k72jH78uGJtBl/25TePleV5INA=,OkHtkWbZPlZ0tgcG3scwpRgzkao=
-36,-12,8k72jH78uGJtBl/25TePleV5INA=,OkHtkWbZPlZ0tgcG3scwpRgzkao=
-48,-11,8k72jH78uGJtBl/25TePleV5INA=,OkHtkWbZPlZ0tgcG3scwpRgzkao=
-43,-16,8k72jH78uGJtBl/25TePleV5INA=,OkHtkWbZPlZ0tgcG3scwpRgzkao=
-37,-12,8k72jH78uGJtBl/25TePleV5INA=,OkHtkWbZPlZ0tgcG3scwpRgzkao=
-38,-12,8k72jH78uGJtBl/25TePleV5INA=,OkHtkWbZPlZ0tgcG3scwpRgzkao=
-40,-12,8k72jH78uGJtBl/25TePleV5INA=,OkHtkWbZPlZ0tgcG3scwpRgzkao=
-39,-12,8k72jH78uGJtBl/25TePleV5INA=,OkHtkWbZPlZ0tgcG3scwpRgzkao=
-41,-12,8k72jH78uGJtBl/25TePleV5INA=,OkHtkWbZPlZ0tgcG3scwpRgzkao=
-42,-12,8k72jH78uGJtBl/25TePleV5INA=,OkHtkWbZPlZ0tgcG3scwpRgzkao=
-43,-12,8k72jH78uGJtBl/25TePleV5INA=,OkHtkWbZPlZ0tgcG3scwpRgzkao=
-44,-12,8k72jH78uGJtBl/25TePleV5INA=,OkHtkWbZPlZ0tgcG3scwpRgzkao=
-45,-12,8k72jH78uGJtBl/25TePleV5INA=,OkHtkWbZPlZ0tgcG3scwpRgzkao=
-46,-12,8k72jH78uGJtBl/25TePleV5INA=,OkHtkWbZPlZ0tgcG3scwpRgzkao=
-47,-12,8k72jH78uGJtBl/25TePleV5INA=,OkHtkWbZPlZ0tgcG3scwpRgzkao=
-48,-12,8k72jH78uGJtBl/25TePleV5INA=,OkHtkWbZPlZ0tgcG3scwpRgzkao=
-33,-13,8k72jH78uGJtBl/25TePleV5INA=,OkHtkWbZPlZ0tgcG3scwpRgzkao=
-44,-16,8k72jH78uGJtBl/25TePleV5INA=,OkHtkWbZPlZ0tgcG3scwpRgzkao=
-34,-13,8k72jH78uGJtBl/25TePleV5INA=,OkHtkWbZPlZ0tgcG3scwpRgzkao=
-35,-13,8k72jH78uGJtBl/25TePleV5INA=,OkHtkWbZPlZ0tgcG3scwpRgzkao=
-36,-13,8k72jH78uGJtBl/25TePleV5INA=,OkHtkWbZPlZ0tgcG3scwpRgzkao=
-37,-13,8k72jH78uGJtBl/25TePleV5INA=,OkHtkWbZPlZ0tgcG3scwpRgzkao=
-38,-13,8k72jH78uGJtBl/25TePleV5INA=,OkHtkWbZPlZ0tgcG3scwpRgzkao=
-39,-13,8k72jH78uGJtBl/25TePleV5INA=,OkHtkWbZPlZ0tgcG3scwpRgzkao=
-33,-7,8k72jH78uGJtBl/25TePleV5INA=,OkHtkWbZPlZ0tgcG3scwpRgzkao=
-40,-13,8k72jH78uGJtBl/25TePleV5INA=,OkHtkWbZPlZ0tgcG3scwpRgzkao=
-41,-13,8k72jH78uGJtBl/25TePleV5INA=,OkHtkWbZPlZ0tgcG3scwpRgzkao=
-42,-13,8k72jH78uGJtBl/25TePleV5INA=,OkHtkWbZPlZ0tgcG3scwpRgzkao=
-43,-13,8k72jH78uGJtBl/25TePleV5INA=,OkHtkWbZPlZ0tgcG3scwpRgzkao=
-44,-13,8k72jH78uGJtBl/25TePleV5INA=,OkHtkWbZPlZ0tgcG3scwpRgzkao=
-46,-13,8k72jH78uGJtBl/25TePleV5INA=,OkHtkWbZPlZ0tgcG3scwpRgzkao=
-45,-13,8k72jH78uGJtBl/25TePleV5INA=,OkHtkWbZPlZ0tgcG3scwpRgzkao=
-47,-13,8k72jH78uGJtBl/25TePleV5INA=,OkHtkWbZPlZ0tgcG3scwpRgzkao=
-48,-13,8k72jH78uGJtBl/25TePleV5INA=,OkHtkWbZPlZ0tgcG3scwpRgzkao=
-34,-14,8k72jH78uGJtBl/25TePleV5INA=,OkHtkWbZPlZ0tgcG3scwpRgzkao=
-33,-14,8k72jH78uGJtBl/25TePleV5INA=,OkHtkWbZPlZ0tgcG3scwpRgzkao=
-35,-14,8k72jH78uGJtBl/25TePleV5INA=,OkHtkWbZPlZ0tgcG3scwpRgzkao=
-45,-16,8k72jH78uGJtBl/25TePleV5INA=,OkHtkWbZPlZ0tgcG3scwpRgzkao=
-46,-16,8k72jH78uGJtBl/25TePleV5INA=,OkHtkWbZPlZ0tgcG3scwpRgzkao=
-37,-14,8k72jH78uGJtBl/25TePleV5INA=,OkHtkWbZPlZ0tgcG3scwpRgzkao=
-36,-14,8k72jH78uGJtBl/25TePleV5INA=,OkHtkWbZPlZ0tgcG3scwpRgzkao=
-38,-14,8k72jH78uGJtBl/25TePleV5INA=,OkHtkWbZPlZ0tgcG3scwpRgzkao=
-39,-14,8k72jH78uGJtBl/25TePleV5INA=,OkHtkWbZPlZ0tgcG3scwpRgzkao=
-41,-14,8k72jH78uGJtBl/25TePleV5INA=,OkHtkWbZPlZ0tgcG3scwpRgzkao=
-40,-14,8k72jH78uGJtBl/25TePleV5INA=,OkHtkWbZPlZ0tgcG3scwpRgzkao=
-42,-14,8k72jH78uGJtBl/25TePleV5INA=,OkHtkWbZPlZ0tgcG3scwpRgzkao=
-46,-14,8k72jH78uGJtBl/25TePleV5INA=,OkHtkWbZPlZ0tgcG3scwpRgzkao=
-44,-14,8k72jH78uGJtBl/25TePleV5INA=,OkHtkWbZPlZ0tgcG3scwpRgzkao=
-43,-14,8k72jH78uGJtBl/25TePleV5INA=,OkHtkWbZPlZ0tgcG3scwpRgzkao=
-47,-14,8k72jH78uGJtBl/25TePleV5INA=,OkHtkWbZPlZ0tgcG3scwpRgzkao=
-45,-14,8k72jH78uGJtBl/25TePleV5INA=,OkHtkWbZPlZ0tgcG3scwpRgzkao=
-48,-14,8k72jH78uGJtBl/25TePleV5INA=,OkHtkWbZPlZ0tgcG3scwpRgzkao=
-33,-15,8k72jH78uGJtBl/25TePleV5INA=,OkHtkWbZPlZ0tgcG3scwpRgzkao=
-33,-8,8k72jH78uGJtBl/25TePleV5INA=,OkHtkWbZPlZ0tgcG3scwpRgzkao=
-44,-4,8k72jH78uGJtBl/25TePleV5INA=,OkHtkWbZPlZ0tgcG3scwpRgzkao=
-44,-7,8k72jH78uGJtBl/25TePleV5INA=,OkHtkWbZPlZ0tgcG3scwpRgzkao=
-34,-7,8k72jH78uGJtBl/25TePleV5INA=,OkHtkWbZPlZ0tgcG3scwpRgzkao=
-43,-7,8k72jH78uGJtBl/25TePleV5INA=,OkHtkWbZPlZ0tgcG3scwpRgzkao=
-33,-6,8k72jH78uGJtBl/25TePleV5INA=,OkHtkWbZPlZ0tgcG3scwpRgzkao=
-38,-5,8k72jH78uGJtBl/25TePleV5INA=,OkHtkWbZPlZ0tgcG3scwpRgzkao=
-42,-6,8k72jH78uGJtBl/25TePleV5INA=,OkHtkWbZPlZ0tgcG3scwpRgzkao=
-45,-7,8k72jH78uGJtBl/25TePleV5INA=,OkHtkWbZPlZ0tgcG3scwpRgzkao=
-38,-7,8k72jH78uGJtBl/25TePleV5INA=,OkHtkWbZPlZ0tgcG3scwpRgzkao=
-34,-8,8k72jH78uGJtBl/25TePleV5INA=,OkHtkWbZPlZ0tgcG3scwpRgzkao=
-41,-7,8k72jH78uGJtBl/25TePleV5INA=,OkHtkWbZPlZ0tgcG3scwpRgzkao=
-46,-7,8k72jH78uGJtBl/25TePleV5INA=,OkHtkWbZPlZ0tgcG3scwpRgzkao=
-42,-11,8k72jH78uGJtBl/25TePleV5INA=,OkHtkWbZPlZ0tgcG3scwpRgzkao=
-37,-1,8k72jH78uGJtBl/25TePleV5INA=,OkHtkWbZPlZ0tgcG3scwpRgzkao=
