0,-64,5tStsHiITtIGS0uqS7SJMJi1lqI=,fHSXXFwtxCltbDC+tcvPenHzMpY=
15,-63,5tStsHiITtIGS0uqS7SJMJi1lqI=,fHSXXFwtxCltbDC+tcvPenHzMpY=
0,-62,5tStsHiITtIGS0uqS7SJMJi1lqI=,fHSXXFwtxCltbDC+tcvPenHzMpY=
2,-62,5tStsHiITtIGS0uqS7SJMJi1lqI=,fHSXXFwtxCltbDC+tcvPenHzMpY=
3,-62,5tStsHiITtIGS0uqS7SJMJi1lqI=,fHSXXFwtxCltbDC+tcvPenHzMpY=
1,-62,5tStsHiITtIGS0uqS7SJMJi1lqI=,fHSXXFwtxCltbDC+tcvPenHzMpY=
14,-63,5tStsHiITtIGS0uqS7SJMJi1lqI=,fHSXXFwtxCltbDC+tcvPenHzMpY=
5,-62,5tStsHiITtIGS0uqS7SJMJi1lqI=,fHSXXFwtxCltbDC+tcvPenHzMpY=
4,-62,5tStsHiITtIGS0uqS7SJMJi1lqI=,fHSXXFwtxCltbDC+tcvPenHzMpY=
6,-62,5tStsHiITtIGS0uqS7SJMJi1lqI=,fHSXXFwtxCltbDC+tcvPenHzMpY=
15,-49,5tStsHiITtIGS0uqS7SJMJi1lqI=,fHSXXFwtxCltbDC+tcvPenHzMpY=
7,-62,5tStsHiITtIGS0uqS7SJMJi1lqI=,fHSXXFwtxCltbDC+tcvPenHzMpY=
8,-62,5tStsHiITtIGS0uqS7SJMJi1lqI=,fHSXXFwtxCltbDC+tcvPenHzMpY=
9,-62,5tStsHiITtIGS0uqS7SJMJi1lqI=,fHSXXFwtxCltbDC+tcvPenHzMpY=
10,-62,5tStsHiITtIGS0uqS7SJMJi1lqI=,fHSXXFwtxCltbDC+tcvPenHzMpY=
11,-62,5tStsHiITtIGS0uqS7SJMJi1lqI=,fHSXXFwtxCltbDC+tcvPenHzMpY=
14,-49,5tStsHiITtIGS0uqS7SJMJi1lqI=,fHSXXFwtxCltbDC+tcvPenHzMpY=
12,-49,5tStsHiITtIGS0uqS7SJMJi1lqI=,fHSXXFwtxCltbDC+tcvPenHzMpY=
12,-62,5tStsHiITtIGS0uqS7SJMJi1lqI=,fHSXXFwtxCltbDC+tcvPenHzMpY=
13,-62,5tStsHiITtIGS0uqS7SJMJi1lqI=,fHSXXFwtxCltbDC+tcvPenHzMpY=
11,-49,5tStsHiITtIGS0uqS7SJMJi1lqI=,fHSXXFwtxCltbDC+tcvPenHzMpY=
0,-63,5tStsHiITtIGS0uqS7SJMJi1lqI=,fHSXXFwtxCltbDC+tcvPenHzMpY=
10,-49,5tStsHiITtIGS0uqS7SJMJi1lqI=,fHSXXFwtxCltbDC+tcvPenHzMpY=
14,-62,5tStsHiITtIGS0uqS7SJMJi1lqI=,fHSXXFwtxCltbDC+tcvPenHzMpY=
15,-62,5tStsHiITtIGS0uqS7SJMJi1lqI=,fHSXXFwtxCltbDC+tcvPenHzMpY=
9,-49,5tStsHiITtIGS0uqS7SJMJi1lqI=,fHSXXFwtxCltbDC+tcvPenHzMpY=
0,-61,5tStsHiITtIGS0uqS7SJMJi1lqI=,fHSXXFwtxCltbDC+tcvPenHzMpY=
8,-49,5tStsHiITtIGS0uqS7SJMJi1lqI=,fHSXXFwtxCltbDC+tcvPenHzMpY=
7,-49,5tStsHiITtIGS0uqS7SJMJi1lqI=,fHSXXFwtxCltbDC+tcvPenHzMpY=
1,-61,5tStsHiITtIGS0uqS7SJMJi1lqI=,fHSXXFwtxCltbDC+tcvPenHzMpY=
13,-49,5tStsHiITtIGS0uqS7SJMJi1lqI=,fHSXXFwtxCltbDC+tcvPenHzMpY=
6,-49,5tStsHiITtIGS0uqS7SJMJi1lqI=,fHSXXFwtxCltbDC+tcvPenHzMpY=
2,-61,5tStsHiITtIGS0uqS7SJMJi1lqI=,fHSXXFwtxCltbDC+tcvPenHzMpY=
3,-61,5tStsHiITtIGS0uqS7SJMJi1lqI=,fHSXXFwtxCltbDC+tcvPenHzMpY=
5,-49,5tStsHiITtIGS0uqS7SJMJi1lqI=,fHSXXFwtxCltbDC+tcvPenHzMpY=
4,-49,5tStsHiITtIGS0uqS7SJMJi1lqI=,fHSXXFwtxCltbDC+tcvPenHzMpY=
3,-49,5tStsHiITtIGS0uqS7SJMJi1lqI=,fHSXXFwtxCltbDC+tcvPenHzMpY=
5,-61,5tStsHiITtIGS0uqS7SJMJi1lqI=,fHSXXFwtxCltbDC+tcvPenHzMpY=
2,-49,5tStsHiITtIGS0uqS7SJMJi1lqI=,fHSXXFwtxCltbDC+tcvPenHzMpY=
15,-64,5tStsHiITtIGS0uqS7SJMJi1lqI=,fHSXXFwtxCltbDC+tcvPenHzMpY=
6,-61,5tStsHiITtIGS0uqS7SJMJi1lqI=,fHSXXFwtxCltbDC+tcvPenHzMpY=
14,-64,5tStsHiITtIGS0uqS7SJMJi1lqI=,fHSXXFwtxCltbDC+tcvPenHzMpY=
7,-61,5tStsHiITtIGS0uqS7SJMJi1lqI=,fHSXXFwtxCltbDC+tcvPenHzMpY=
4,-61,5tStsHiITtIGS0uqS7SJMJi1lqI=,fHSXXFwtxCltbDC+tcvPenHzMpY=
9,-61,5tStsHiITtIGS0uqS7SJMJi1lqI=,fHSXXFwtxCltbDC+tcvPenHzMpY=
13,-64,5tStsHiITtIGS0uqS7SJMJi1lqI=,fHSXXFwtxCltbDC+tcvPenHzMpY=
1,-49,5tStsHiITtIGS0uqS7SJMJi1lqI=,fHSXXFwtxCltbDC+tcvPenHzMpY=
11,-64,5tStsHiITtIGS0uqS7SJMJi1lqI=,fHSXXFwtxCltbDC+tcvPenHzMpY=
8,-61,5tStsHiITtIGS0uqS7SJMJi1lqI=,fHSXXFwtxCltbDC+tcvPenHzMpY=
10,-64,5tStsHiITtIGS0uqS7SJMJi1lqI=,fHSXXFwtxCltbDC+tcvPenHzMpY=
11,-61,5tStsHiITtIGS0uqS7SJMJi1lqI=,fHSXXFwtxCltbDC+tcvPenHzMpY=
9,-64,5tStsHiITtIGS0uqS7SJMJi1lqI=,fHSXXFwtxCltbDC+tcvPenHzMpY=
8,-64,5tStsHiITtIGS0uqS7SJMJi1lqI=,fHSXXFwtxCltbDC+tcvPenHzMpY=
12,-61,5tStsHiITtIGS0uqS7SJMJi1lqI=,fHSXXFwtxCltbDC+tcvPenHzMpY=
7,-64,5tStsHiITtIGS0uqS7SJMJi1lqI=,fHSXXFwtxCltbDC+tcvPenHzMpY=
1,-63,5tStsHiITtIGS0uqS7SJMJi1lqI=,fHSXXFwtxCltbDC+tcvPenHzMpY=
6,-64,5tStsHiITtIGS0uqS7SJMJi1lqI=,fHSXXFwtxCltbDC+tcvPenHzMpY=
5,-64,5tStsHiITtIGS0uqS7SJMJi1lqI=,fHSXXFwtxCltbDC+tcvPenHzMpY=
13,-61,5tStsHiITtIGS0uqS7SJMJi1lqI=,fHSXXFwtxCltbDC+tcvPenHzMpY=
4,-64,5tStsHiITtIGS0uqS7SJMJi1lqI=,fHSXXFwtxCltbDC+tcvPenHzMpY=
14,-61,5tStsHiITtIGS0uqS7SJMJi1lqI=,fHSXXFwtxCltbDC+tcvPenHzMpY=
3,-64,5tStsHiITtIGS0uqS7SJMJi1lqI=,fHSXXFwtxCltbDC+tcvPenHzMpY=
15,-61,5tStsHiITtIGS0uqS7SJMJi1lqI=,fHSXXFwtxCltbDC+tcvPenHzMpY=
2,-64,5tStsHiITtIGS0uqS7SJMJi1lqI=,fHSXXFwtxCltbDC+tcvPenHzMpY=
10,-61,5tStsHiITtIGS0uqS7SJMJi1lqI=,fHSXXFwtxCltbDC+tcvPenHzMpY=
1,-64,5tStsHiITtIGS0uqS7SJMJi1lqI=,fHSXXFwtxCltbDC+tcvPenHzMpY=
12,-64,5tStsHiITtIGS0uqS7SJMJi1lqI=,fHSXXFwtxCltbDC+tcvPenHzMpY=
13,-63,5tStsHiITtIGS0uqS7SJMJi1lqI=,fHSXXFwtxCltbDC+tcvPenHzMpY=
0,-60,5tStsHiITtIGS0uqS7SJMJi1lqI=,fHSXXFwtxCltbDC+tcvPenHzMpY=
0,-49,5tStsHiITtIGS0uqS7SJMJi1lqI=,fHSXXFwtxCltbDC+tcvPenHzMpY=
15,-50,5tStsHiITtIGS0uqS7SJMJi1lqI=,fHSXXFwtxCltbDC+tcvPenHzMpY=
1,-60,5tStsHiITtIGS0uqS7SJMJi1lqI=,fHSXXFwtxCltbDC+tcvPenHzMpY=
14,-50,5tStsHiITtIGS0uqS7SJMJi1lqI=,fHSXXFwtxCltbDC+tcvPenHzMpY=
12,-50,5tStsHiITtIGS0uqS7SJMJi1lqI=,fHSXXFwtxCltbDC+tcvPenHzMpY=
13,-50,5tStsHiITtIGS0uqS7SJMJi1lqI=,fHSXXFwtxCltbDC+tcvPenHzMpY=
2,-60,5tStsHiITtIGS0uqS7SJMJi1lqI=,fHSXXFwtxCltbDC+tcvPenHzMpY=
11,-50,5tStsHiITtIGS0uqS7SJMJi1lqI=,fHSXXFwtxCltbDC+tcvPenHzMpY=
10,-50,5tStsHiITtIGS0uqS7SJMJi1lqI=,fHSXXFwtxCltbDC+tcvPenHzMpY=
8,-50,5tStsHiITtIGS0uqS7SJMJi1lqI=,fHSXXFwtxCltbDC+tcvPenHzMpY=
3,-60,5tStsHiITtIGS0uqS7SJMJi1lqI=,fHSXXFwtxCltbDC+tcvPenHzMpY=
6,-50,5tStsHiITtIGS0uqS7SJMJi1lqI=,fHSXXFwtxCltbDC+tcvPenHzMpY=
7,-50,5tStsHiITtIGS0uqS7SJMJi1lqI=,fHSXXFwtxCltbDC+tcvPenHzMpY=
4,-60,5tStsHiITtIGS0uqS7SJMJi1lqI=,fHSXXFwtxCltbDC+tcvPenHzMpY=
5,-50,5tStsHiITtIGS0uqS7SJMJi1lqI=,fHSXXFwtxCltbDC+tcvPenHzMpY=
5,-60,5tStsHiITtIGS0uqS7SJMJi1lqI=,fHSXXFwtxCltbDC+tcvPenHzMpY=
4,-50,5tStsHiITtIGS0uqS7SJMJi1lqI=,fHSXXFwtxCltbDC+tcvPenHzMpY=
3,-50,5tStsHiITtIGS0uqS7SJMJi1lqI=,fHSXXFwtxCltbDC+tcvPenHzMpY=
6,-60,5tStsHiITtIGS0uqS7SJMJi1lqI=,fHSXXFwtxCltbDC+tcvPenHzMpY=
2,-50,5tStsHiITtIGS0uqS7SJMJi1lqI=,fHSXXFwtxCltbDC+tcvPenHzMpY=
12,-63,5tStsHiITtIGS0uqS7SJMJi1lqI=,fHSXXFwtxCltbDC+tcvPenHzMpY=
9,-50,5tStsHiITtIGS0uqS7SJMJi1lqI=,fHSXXFwtxCltbDC+tcvPenHzMpY=
7,-60,5tStsHiITtIGS0uqS7SJMJi1lqI=,fHSXXFwtxCltbDC+tcvPenHzMpY=
0,-50,5tStsHiITtIGS0uqS7SJMJi1lqI=,fHSXXFwtxCltbDC+tcvPenHzMpY=
1,-50,5tStsHiITtIGS0uqS7SJMJi1lqI=,fHSXXFwtxCltbDC+tcvPenHzMpY=
15,-51,5tStsHiITtIGS0uqS7SJMJi1lqI=,fHSXXFwtxCltbDC+tcvPenHzMpY=
8,-60,5tStsHiITtIGS0uqS7SJMJi1lqI=,fHSXXFwtxCltbDC+tcvPenHzMpY=
9,-60,5tStsHiITtIGS0uqS7SJMJi1lqI=,fHSXXFwtxCltbDC+tcvPenHzMpY=
12,-51,5tStsHiITtIGS0uqS7SJMJi1lqI=,fHSXXFwtxCltbDC+tcvPenHzMpY=
11,-51,5tStsHiITtIGS0uqS7SJMJi1lqI=,fHSXXFwtxCltbDC+tcvPenHzMpY=
10,-60,5tStsHiITtIGS0uqS7SJMJi1lqI=,fHSXXFwtxCltbDC+tcvPenHzMpY=
13,-51,5tStsHiITtIGS0uqS7SJMJi1lqI=,fHSXXFwtxCltbDC+tcvPenHzMpY=
10,-51,5tStsHiITtIGS0uqS7SJMJi1lqI=,fHSXXFwtxCltbDC+tcvPenHzMpY=
14,-51,5tStsHiITtIGS0uqS7SJMJi1lqI=,fHSXXFwtxCltbDC+tcvPenHzMpY=
7,-51,5tStsHiITtIGS0uqS7SJMJi1lqI=,fHSXXFwtxCltbDC+tcvPenHzMpY=
8,-51,5tStsHiITtIGS0uqS7SJMJi1lqI=,fHSXXFwtxCltbDC+tcvPenHzMpY=
9,-51,5tStsHiITtIGS0uqS7SJMJi1lqI=,fHSXXFwtxCltbDC+tcvPenHzMpY=
11,-60,5tStsHiITtIGS0uqS7SJMJi1lqI=,fHSXXFwtxCltbDC+tcvPenHzMpY=
6,-51,5tStsHiITtIGS0uqS7SJMJi1lqI=,fHSXXFwtxCltbDC+tcvPenHzMpY=
4,-51,5tStsHiITtIGS0uqS7SJMJi1lqI=,fHSXXFwtxCltbDC+tcvPenHzMpY=
3,-51,5tStsHiITtIGS0uqS7SJMJi1lqI=,fHSXXFwtxCltbDC+tcvPenHzMpY=
2,-63,5tStsHiITtIGS0uqS7SJMJi1lqI=,fHSXXFwtxCltbDC+tcvPenHzMpY=
5,-51,5tStsHiITtIGS0uqS7SJMJi1lqI=,fHSXXFwtxCltbDC+tcvPenHzMpY=
2,-51,5tStsHiITtIGS0uqS7SJMJi1lqI=,fHSXXFwtxCltbDC+tcvPenHzMpY=
15,-52,5tStsHiITtIGS0uqS7SJMJi1lqI=,fHSXXFwtxCltbDC+tcvPenHzMpY=
12,-60,5tStsHiITtIGS0uqS7SJMJi1lqI=,fHSXXFwtxCltbDC+tcvPenHzMpY=
14,-52,5tStsHiITtIGS0uqS7SJMJi1lqI=,fHSXXFwtxCltbDC+tcvPenHzMpY=
13,-52,5tStsHiITtIGS0uqS7SJMJi1lqI=,fHSXXFwtxCltbDC+tcvPenHzMpY=
1,-51,5tStsHiITtIGS0uqS7SJMJi1lqI=,fHSXXFwtxCltbDC+tcvPenHzMpY=
0,-51,5tStsHiITtIGS0uqS7SJMJi1lqI=,fHSXXFwtxCltbDC+tcvPenHzMpY=
13,-60,5tStsHiITtIGS0uqS7SJMJi1lqI=,fHSXXFwtxCltbDC+tcvPenHzMpY=
11,-63,5tStsHiITtIGS0uqS7SJMJi1lqI=,fHSXXFwtxCltbDC+tcvPenHzMpY=
12,-52,5tStsHiITtIGS0uqS7SJMJi1lqI=,fHSXXFwtxCltbDC+tcvPenHzMpY=
11,-52,5tStsHiITtIGS0uqS7SJMJi1lqI=,fHSXXFwtxCltbDC+tcvPenHzMpY=
9,-52,5tStsHiITtIGS0uqS7SJMJi1lqI=,fHSXXFwtxCltbDC+tcvPenHzMpY=
10,-52,5tStsHiITtIGS0uqS7SJMJi1lqI=,fHSXXFwtxCltbDC+tcvPenHzMpY=
14,-60,5tStsHiITtIGS0uqS7SJMJi1lqI=,fHSXXFwtxCltbDC+tcvPenHzMpY=
7,-52,5tStsHiITtIGS0uqS7SJMJi1lqI=,fHSXXFwtxCltbDC+tcvPenHzMpY=
6,-52,5tStsHiITtIGS0uqS7SJMJi1lqI=,fHSXXFwtxCltbDC+tcvPenHzMpY=
5,-52,5tStsHiITtIGS0uqS7SJMJi1lqI=,fHSXXFwtxCltbDC+tcvPenHzMpY=
4,-52,5tStsHiITtIGS0uqS7SJMJi1lqI=,fHSXXFwtxCltbDC+tcvPenHzMpY=
3,-52,5tStsHiITtIGS0uqS7SJMJi1lqI=,fHSXXFwtxCltbDC+tcvPenHzMpY=
2,-52,5tStsHiITtIGS0uqS7SJMJi1lqI=,fHSXXFwtxCltbDC+tcvPenHzMpY=
1,-52,5tStsHiITtIGS0uqS7SJMJi1lqI=,fHSXXFwtxCltbDC+tcvPenHzMpY=
15,-60,5tStsHiITtIGS0uqS7SJMJi1lqI=,fHSXXFwtxCltbDC+tcvPenHzMpY=
8,-52,5tStsHiITtIGS0uqS7SJMJi1lqI=,fHSXXFwtxCltbDC+tcvPenHzMpY=
0,-52,5tStsHiITtIGS0uqS7SJMJi1lqI=,fHSXXFwtxCltbDC+tcvPenHzMpY=
14,-53,5tStsHiITtIGS0uqS7SJMJi1lqI=,fHSXXFwtxCltbDC+tcvPenHzMpY=
15,-53,5tStsHiITtIGS0uqS7SJMJi1lqI=,fHSXXFwtxCltbDC+tcvPenHzMpY=
0,-59,5tStsHiITtIGS0uqS7SJMJi1lqI=,fHSXXFwtxCltbDC+tcvPenHzMpY=
10,-53,5tStsHiITtIGS0uqS7SJMJi1lqI=,fHSXXFwtxCltbDC+tcvPenHzMpY=
12,-53,5tStsHiITtIGS0uqS7SJMJi1lqI=,fHSXXFwtxCltbDC+tcvPenHzMpY=
1,-59,5tStsHiITtIGS0uqS7SJMJi1lqI=,fHSXXFwtxCltbDC+tcvPenHzMpY=
11,-53,5tStsHiITtIGS0uqS7SJMJi1lqI=,fHSXXFwtxCltbDC+tcvPenHzMpY=
9,-53,5tStsHiITtIGS0uqS7SJMJi1lqI=,fHSXXFwtxCltbDC+tcvPenHzMpY=
13,-53,5tStsHiITtIGS0uqS7SJMJi1lqI=,fHSXXFwtxCltbDC+tcvPenHzMpY=
6,-53,5tStsHiITtIGS0uqS7SJMJi1lqI=,fHSXXFwtxCltbDC+tcvPenHzMpY=
7,-53,5tStsHiITtIGS0uqS7SJMJi1lqI=,fHSXXFwtxCltbDC+tcvPenHzMpY=
5,-53,5tStsHiITtIGS0uqS7SJMJi1lqI=,fHSXXFwtxCltbDC+tcvPenHzMpY=
2,-59,5tStsHiITtIGS0uqS7SJMJi1lqI=,fHSXXFwtxCltbDC+tcvPenHzMpY=
9,-63,5tStsHiITtIGS0uqS7SJMJi1lqI=,fHSXXFwtxCltbDC+tcvPenHzMpY=
3,-53,5tStsHiITtIGS0uqS7SJMJi1lqI=,fHSXXFwtxCltbDC+tcvPenHzMpY=
8,-53,5tStsHiITtIGS0uqS7SJMJi1lqI=,fHSXXFwtxCltbDC+tcvPenHzMpY=
1,-53,5tStsHiITtIGS0uqS7SJMJi1lqI=,fHSXXFwtxCltbDC+tcvPenHzMpY=
0,-53,5tStsHiITtIGS0uqS7SJMJi1lqI=,fHSXXFwtxCltbDC+tcvPenHzMpY=
14,-54,5tStsHiITtIGS0uqS7SJMJi1lqI=,fHSXXFwtxCltbDC+tcvPenHzMpY=
13,-54,5tStsHiITtIGS0uqS7SJMJi1lqI=,fHSXXFwtxCltbDC+tcvPenHzMpY=
2,-53,5tStsHiITtIGS0uqS7SJMJi1lqI=,fHSXXFwtxCltbDC+tcvPenHzMpY=
11,-54,5tStsHiITtIGS0uqS7SJMJi1lqI=,fHSXXFwtxCltbDC+tcvPenHzMpY=
4,-53,5tStsHiITtIGS0uqS7SJMJi1lqI=,fHSXXFwtxCltbDC+tcvPenHzMpY=
12,-54,5tStsHiITtIGS0uqS7SJMJi1lqI=,fHSXXFwtxCltbDC+tcvPenHzMpY=
10,-54,5tStsHiITtIGS0uqS7SJMJi1lqI=,fHSXXFwtxCltbDC+tcvPenHzMpY=
8,-54,5tStsHiITtIGS0uqS7SJMJi1lqI=,fHSXXFwtxCltbDC+tcvPenHzMpY=
15,-54,5tStsHiITtIGS0uqS7SJMJi1lqI=,fHSXXFwtxCltbDC+tcvPenHzMpY=
6,-54,5tStsHiITtIGS0uqS7SJMJi1lqI=,fHSXXFwtxCltbDC+tcvPenHzMpY=
3,-54,5tStsHiITtIGS0uqS7SJMJi1lqI=,fHSXXFwtxCltbDC+tcvPenHzMpY=
4,-54,5tStsHiITtIGS0uqS7SJMJi1lqI=,fHSXXFwtxCltbDC+tcvPenHzMpY=
8,-63,5tStsHiITtIGS0uqS7SJMJi1lqI=,fHSXXFwtxCltbDC+tcvPenHzMpY=
2,-54,5tStsHiITtIGS0uqS7SJMJi1lqI=,fHSXXFwtxCltbDC+tcvPenHzMpY=
7,-54,5tStsHiITtIGS0uqS7SJMJi1lqI=,fHSXXFwtxCltbDC+tcvPenHzMpY=
9,-54,5tStsHiITtIGS0uqS7SJMJi1lqI=,fHSXXFwtxCltbDC+tcvPenHzMpY=
5,-54,5tStsHiITtIGS0uqS7SJMJi1lqI=,fHSXXFwtxCltbDC+tcvPenHzMpY=
1,-54,5tStsHiITtIGS0uqS7SJMJi1lqI=,fHSXXFwtxCltbDC+tcvPenHzMpY=
0,-54,5tStsHiITtIGS0uqS7SJMJi1lqI=,fHSXXFwtxCltbDC+tcvPenHzMpY=
15,-55,5tStsHiITtIGS0uqS7SJMJi1lqI=,fHSXXFwtxCltbDC+tcvPenHzMpY=
14,-55,5tStsHiITtIGS0uqS7SJMJi1lqI=,fHSXXFwtxCltbDC+tcvPenHzMpY=
13,-55,5tStsHiITtIGS0uqS7SJMJi1lqI=,fHSXXFwtxCltbDC+tcvPenHzMpY=
12,-55,5tStsHiITtIGS0uqS7SJMJi1lqI=,fHSXXFwtxCltbDC+tcvPenHzMpY=
9,-55,5tStsHiITtIGS0uqS7SJMJi1lqI=,fHSXXFwtxCltbDC+tcvPenHzMpY=
11,-55,5tStsHiITtIGS0uqS7SJMJi1lqI=,fHSXXFwtxCltbDC+tcvPenHzMpY=
10,-55,5tStsHiITtIGS0uqS7SJMJi1lqI=,fHSXXFwtxCltbDC+tcvPenHzMpY=
7,-63,5tStsHiITtIGS0uqS7SJMJi1lqI=,fHSXXFwtxCltbDC+tcvPenHzMpY=
6,-55,5tStsHiITtIGS0uqS7SJMJi1lqI=,fHSXXFwtxCltbDC+tcvPenHzMpY=
5,-55,5tStsHiITtIGS0uqS7SJMJi1lqI=,fHSXXFwtxCltbDC+tcvPenHzMpY=
2,-55,5tStsHiITtIGS0uqS7SJMJi1lqI=,fHSXXFwtxCltbDC+tcvPenHzMpY=
1,-55,5tStsHiITtIGS0uqS7SJMJi1lqI=,fHSXXFwtxCltbDC+tcvPenHzMpY=
4,-55,5tStsHiITtIGS0uqS7SJMJi1lqI=,fHSXXFwtxCltbDC+tcvPenHzMpY=
0,-55,5tStsHiITtIGS0uqS7SJMJi1lqI=,fHSXXFwtxCltbDC+tcvPenHzMpY=
15,-56,5tStsHiITtIGS0uqS7SJMJi1lqI=,fHSXXFwtxCltbDC+tcvPenHzMpY=
14,-56,5tStsHiITtIGS0uqS7SJMJi1lqI=,fHSXXFwtxCltbDC+tcvPenHzMpY=
13,-56,5tStsHiITtIGS0uqS7SJMJi1lqI=,fHSXXFwtxCltbDC+tcvPenHzMpY=
11,-56,5tStsHiITtIGS0uqS7SJMJi1lqI=,fHSXXFwtxCltbDC+tcvPenHzMpY=
9,-56,5tStsHiITtIGS0uqS7SJMJi1lqI=,fHSXXFwtxCltbDC+tcvPenHzMpY=
3,-55,5tStsHiITtIGS0uqS7SJMJi1lqI=,fHSXXFwtxCltbDC+tcvPenHzMpY=
10,-56,5tStsHiITtIGS0uqS7SJMJi1lqI=,fHSXXFwtxCltbDC+tcvPenHzMpY=
6,-63,5tStsHiITtIGS0uqS7SJMJi1lqI=,fHSXXFwtxCltbDC+tcvPenHzMpY=
8,-56,5tStsHiITtIGS0uqS7SJMJi1lqI=,fHSXXFwtxCltbDC+tcvPenHzMpY=
7,-56,5tStsHiITtIGS0uqS7SJMJi1lqI=,fHSXXFwtxCltbDC+tcvPenHzMpY=
12,-56,5tStsHiITtIGS0uqS7SJMJi1lqI=,fHSXXFwtxCltbDC+tcvPenHzMpY=
6,-56,5tStsHiITtIGS0uqS7SJMJi1lqI=,fHSXXFwtxCltbDC+tcvPenHzMpY=
0,-56,5tStsHiITtIGS0uqS7SJMJi1lqI=,fHSXXFwtxCltbDC+tcvPenHzMpY=
1,-56,5tStsHiITtIGS0uqS7SJMJi1lqI=,fHSXXFwtxCltbDC+tcvPenHzMpY=
3,-56,5tStsHiITtIGS0uqS7SJMJi1lqI=,fHSXXFwtxCltbDC+tcvPenHzMpY=
2,-56,5tStsHiITtIGS0uqS7SJMJi1lqI=,fHSXXFwtxCltbDC+tcvPenHzMpY=
5,-56,5tStsHiITtIGS0uqS7SJMJi1lqI=,fHSXXFwtxCltbDC+tcvPenHzMpY=
7,-55,5tStsHiITtIGS0uqS7SJMJi1lqI=,fHSXXFwtxCltbDC+tcvPenHzMpY=
4,-56,5tStsHiITtIGS0uqS7SJMJi1lqI=,fHSXXFwtxCltbDC+tcvPenHzMpY=
15,-57,5tStsHiITtIGS0uqS7SJMJi1lqI=,fHSXXFwtxCltbDC+tcvPenHzMpY=
14,-57,5tStsHiITtIGS0uqS7SJMJi1lqI=,fHSXXFwtxCltbDC+tcvPenHzMpY=
13,-57,5tStsHiITtIGS0uqS7SJMJi1lqI=,fHSXXFwtxCltbDC+tcvPenHzMpY=
12,-57,5tStsHiITtIGS0uqS7SJMJi1lqI=,fHSXXFwtxCltbDC+tcvPenHzMpY=
5,-63,5tStsHiITtIGS0uqS7SJMJi1lqI=,fHSXXFwtxCltbDC+tcvPenHzMpY=
6,-57,5tStsHiITtIGS0uqS7SJMJi1lqI=,fHSXXFwtxCltbDC+tcvPenHzMpY=
7,-57,5tStsHiITtIGS0uqS7SJMJi1lqI=,fHSXXFwtxCltbDC+tcvPenHzMpY=
9,-57,5tStsHiITtIGS0uqS7SJMJi1lqI=,fHSXXFwtxCltbDC+tcvPenHzMpY=
11,-57,5tStsHiITtIGS0uqS7SJMJi1lqI=,fHSXXFwtxCltbDC+tcvPenHzMpY=
5,-57,5tStsHiITtIGS0uqS7SJMJi1lqI=,fHSXXFwtxCltbDC+tcvPenHzMpY=
8,-57,5tStsHiITtIGS0uqS7SJMJi1lqI=,fHSXXFwtxCltbDC+tcvPenHzMpY=
2,-57,5tStsHiITtIGS0uqS7SJMJi1lqI=,fHSXXFwtxCltbDC+tcvPenHzMpY=
4,-57,5tStsHiITtIGS0uqS7SJMJi1lqI=,fHSXXFwtxCltbDC+tcvPenHzMpY=
15,-58,5tStsHiITtIGS0uqS7SJMJi1lqI=,fHSXXFwtxCltbDC+tcvPenHzMpY=
14,-58,5tStsHiITtIGS0uqS7SJMJi1lqI=,fHSXXFwtxCltbDC+tcvPenHzMpY=
1,-57,5tStsHiITtIGS0uqS7SJMJi1lqI=,fHSXXFwtxCltbDC+tcvPenHzMpY=
3,-59,5tStsHiITtIGS0uqS7SJMJi1lqI=,fHSXXFwtxCltbDC+tcvPenHzMpY=
13,-58,5tStsHiITtIGS0uqS7SJMJi1lqI=,fHSXXFwtxCltbDC+tcvPenHzMpY=
12,-58,5tStsHiITtIGS0uqS7SJMJi1lqI=,fHSXXFwtxCltbDC+tcvPenHzMpY=
10,-58,5tStsHiITtIGS0uqS7SJMJi1lqI=,fHSXXFwtxCltbDC+tcvPenHzMpY=
4,-59,5tStsHiITtIGS0uqS7SJMJi1lqI=,fHSXXFwtxCltbDC+tcvPenHzMpY=
4,-63,5tStsHiITtIGS0uqS7SJMJi1lqI=,fHSXXFwtxCltbDC+tcvPenHzMpY=
8,-58,5tStsHiITtIGS0uqS7SJMJi1lqI=,fHSXXFwtxCltbDC+tcvPenHzMpY=
7,-58,5tStsHiITtIGS0uqS7SJMJi1lqI=,fHSXXFwtxCltbDC+tcvPenHzMpY=
9,-58,5tStsHiITtIGS0uqS7SJMJi1lqI=,fHSXXFwtxCltbDC+tcvPenHzMpY=
11,-58,5tStsHiITtIGS0uqS7SJMJi1lqI=,fHSXXFwtxCltbDC+tcvPenHzMpY=
6,-58,5tStsHiITtIGS0uqS7SJMJi1lqI=,fHSXXFwtxCltbDC+tcvPenHzMpY=
5,-58,5tStsHiITtIGS0uqS7SJMJi1lqI=,fHSXXFwtxCltbDC+tcvPenHzMpY=
4,-58,5tStsHiITtIGS0uqS7SJMJi1lqI=,fHSXXFwtxCltbDC+tcvPenHzMpY=
3,-58,5tStsHiITtIGS0uqS7SJMJi1lqI=,fHSXXFwtxCltbDC+tcvPenHzMpY=
2,-58,5tStsHiITtIGS0uqS7SJMJi1lqI=,fHSXXFwtxCltbDC+tcvPenHzMpY=
5,-59,5tStsHiITtIGS0uqS7SJMJi1lqI=,fHSXXFwtxCltbDC+tcvPenHzMpY=
0,-58,5tStsHiITtIGS0uqS7SJMJi1lqI=,fHSXXFwtxCltbDC+tcvPenHzMpY=
1,-58,5tStsHiITtIGS0uqS7SJMJi1lqI=,fHSXXFwtxCltbDC+tcvPenHzMpY=
13,-59,5tStsHiITtIGS0uqS7SJMJi1lqI=,fHSXXFwtxCltbDC+tcvPenHzMpY=
14,-59,5tStsHiITtIGS0uqS7SJMJi1lqI=,fHSXXFwtxCltbDC+tcvPenHzMpY=
15,-59,5tStsHiITtIGS0uqS7SJMJi1lqI=,fHSXXFwtxCltbDC+tcvPenHzMpY=
12,-59,5tStsHiITtIGS0uqS7SJMJi1lqI=,fHSXXFwtxCltbDC+tcvPenHzMpY=
6,-59,5tStsHiITtIGS0uqS7SJMJi1lqI=,fHSXXFwtxCltbDC+tcvPenHzMpY=
11,-59,5tStsHiITtIGS0uqS7SJMJi1lqI=,fHSXXFwtxCltbDC+tcvPenHzMpY=
10,-59,5tStsHiITtIGS0uqS7SJMJi1lqI=,fHSXXFwtxCltbDC+tcvPenHzMpY=
3,-63,5tStsHiITtIGS0uqS7SJMJi1lqI=,fHSXXFwtxCltbDC+tcvPenHzMpY=
8,-59,5tStsHiITtIGS0uqS7SJMJi1lqI=,fHSXXFwtxCltbDC+tcvPenHzMpY=
9,-59,5tStsHiITtIGS0uqS7SJMJi1lqI=,fHSXXFwtxCltbDC+tcvPenHzMpY=
7,-59,5tStsHiITtIGS0uqS7SJMJi1lqI=,fHSXXFwtxCltbDC+tcvPenHzMpY=
10,-57,5tStsHiITtIGS0uqS7SJMJi1lqI=,fHSXXFwtxCltbDC+tcvPenHzMpY=
8,-55,5tStsHiITtIGS0uqS7SJMJi1lqI=,fHSXXFwtxCltbDC+tcvPenHzMpY=
3,-57,5tStsHiITtIGS0uqS7SJMJi1lqI=,fHSXXFwtxCltbDC+tcvPenHzMpY=
10,-63,5tStsHiITtIGS0uqS7SJMJi1lqI=,fHSXXFwtxCltbDC+tcvPenHzMpY=
0,-57,5tStsHiITtIGS0uqS7SJMJi1lqI=,fHSXXFwtxCltbDC+tcvPenHzMpY=
31,-64,5tStsHiITtIGS0uqS7SJMJi1lqI=,fHSXXFwtxCltbDC+tcvPenHzMpY=
31,-49,5tStsHiITtIGS0uqS7SJMJi1lqI=,fHSXXFwtxCltbDC+tcvPenHzMpY=
16,-63,5tStsHiITtIGS0uqS7SJMJi1lqI=,fHSXXFwtxCltbDC+tcvPenHzMpY=
16,-64,5tStsHiITtIGS0uqS7SJMJi1lqI=,fHSXXFwtxCltbDC+tcvPenHzMpY=
17,-63,5tStsHiITtIGS0uqS7SJMJi1lqI=,fHSXXFwtxCltbDC+tcvPenHzMpY=
18,-63,5tStsHiITtIGS0uqS7SJMJi1lqI=,fHSXXFwtxCltbDC+tcvPenHzMpY=
20,-63,5tStsHiITtIGS0uqS7SJMJi1lqI=,fHSXXFwtxCltbDC+tcvPenHzMpY=
30,-49,5tStsHiITtIGS0uqS7SJMJi1lqI=,fHSXXFwtxCltbDC+tcvPenHzMpY=
21,-63,5tStsHiITtIGS0uqS7SJMJi1lqI=,fHSXXFwtxCltbDC+tcvPenHzMpY=
22,-63,5tStsHiITtIGS0uqS7SJMJi1lqI=,fHSXXFwtxCltbDC+tcvPenHzMpY=
19,-63,5tStsHiITtIGS0uqS7SJMJi1lqI=,fHSXXFwtxCltbDC+tcvPenHzMpY=
29,-49,5tStsHiITtIGS0uqS7SJMJi1lqI=,fHSXXFwtxCltbDC+tcvPenHzMpY=
23,-63,5tStsHiITtIGS0uqS7SJMJi1lqI=,fHSXXFwtxCltbDC+tcvPenHzMpY=
24,-63,5tStsHiITtIGS0uqS7SJMJi1lqI=,fHSXXFwtxCltbDC+tcvPenHzMpY=
26,-49,5tStsHiITtIGS0uqS7SJMJi1lqI=,fHSXXFwtxCltbDC+tcvPenHzMpY=
25,-63,5tStsHiITtIGS0uqS7SJMJi1lqI=,fHSXXFwtxCltbDC+tcvPenHzMpY=
26,-63,5tStsHiITtIGS0uqS7SJMJi1lqI=,fHSXXFwtxCltbDC+tcvPenHzMpY=
27,-49,5tStsHiITtIGS0uqS7SJMJi1lqI=,fHSXXFwtxCltbDC+tcvPenHzMpY=
27,-63,5tStsHiITtIGS0uqS7SJMJi1lqI=,fHSXXFwtxCltbDC+tcvPenHzMpY=
28,-63,5tStsHiITtIGS0uqS7SJMJi1lqI=,fHSXXFwtxCltbDC+tcvPenHzMpY=
25,-49,5tStsHiITtIGS0uqS7SJMJi1lqI=,fHSXXFwtxCltbDC+tcvPenHzMpY=
29,-63,5tStsHiITtIGS0uqS7SJMJi1lqI=,fHSXXFwtxCltbDC+tcvPenHzMpY=
24,-49,5tStsHiITtIGS0uqS7SJMJi1lqI=,fHSXXFwtxCltbDC+tcvPenHzMpY=
17,-64,5tStsHiITtIGS0uqS7SJMJi1lqI=,fHSXXFwtxCltbDC+tcvPenHzMpY=
23,-49,5tStsHiITtIGS0uqS7SJMJi1lqI=,fHSXXFwtxCltbDC+tcvPenHzMpY=
30,-63,5tStsHiITtIGS0uqS7SJMJi1lqI=,fHSXXFwtxCltbDC+tcvPenHzMpY=
22,-49,5tStsHiITtIGS0uqS7SJMJi1lqI=,fHSXXFwtxCltbDC+tcvPenHzMpY=
31,-63,5tStsHiITtIGS0uqS7SJMJi1lqI=,fHSXXFwtxCltbDC+tcvPenHzMpY=
18,-64,5tStsHiITtIGS0uqS7SJMJi1lqI=,fHSXXFwtxCltbDC+tcvPenHzMpY=
21,-49,5tStsHiITtIGS0uqS7SJMJi1lqI=,fHSXXFwtxCltbDC+tcvPenHzMpY=
16,-62,5tStsHiITtIGS0uqS7SJMJi1lqI=,fHSXXFwtxCltbDC+tcvPenHzMpY=
20,-49,5tStsHiITtIGS0uqS7SJMJi1lqI=,fHSXXFwtxCltbDC+tcvPenHzMpY=
17,-62,5tStsHiITtIGS0uqS7SJMJi1lqI=,fHSXXFwtxCltbDC+tcvPenHzMpY=
28,-49,5tStsHiITtIGS0uqS7SJMJi1lqI=,fHSXXFwtxCltbDC+tcvPenHzMpY=
18,-62,5tStsHiITtIGS0uqS7SJMJi1lqI=,fHSXXFwtxCltbDC+tcvPenHzMpY=
19,-49,5tStsHiITtIGS0uqS7SJMJi1lqI=,fHSXXFwtxCltbDC+tcvPenHzMpY=
19,-62,5tStsHiITtIGS0uqS7SJMJi1lqI=,fHSXXFwtxCltbDC+tcvPenHzMpY=
18,-49,5tStsHiITtIGS0uqS7SJMJi1lqI=,fHSXXFwtxCltbDC+tcvPenHzMpY=
17,-49,5tStsHiITtIGS0uqS7SJMJi1lqI=,fHSXXFwtxCltbDC+tcvPenHzMpY=
31,-50,5tStsHiITtIGS0uqS7SJMJi1lqI=,fHSXXFwtxCltbDC+tcvPenHzMpY=
21,-62,5tStsHiITtIGS0uqS7SJMJi1lqI=,fHSXXFwtxCltbDC+tcvPenHzMpY=
22,-62,5tStsHiITtIGS0uqS7SJMJi1lqI=,fHSXXFwtxCltbDC+tcvPenHzMpY=
20,-62,5tStsHiITtIGS0uqS7SJMJi1lqI=,fHSXXFwtxCltbDC+tcvPenHzMpY=
29,-50,5tStsHiITtIGS0uqS7SJMJi1lqI=,fHSXXFwtxCltbDC+tcvPenHzMpY=
30,-50,5tStsHiITtIGS0uqS7SJMJi1lqI=,fHSXXFwtxCltbDC+tcvPenHzMpY=
23,-62,5tStsHiITtIGS0uqS7SJMJi1lqI=,fHSXXFwtxCltbDC+tcvPenHzMpY=
28,-50,5tStsHiITtIGS0uqS7SJMJi1lqI=,fHSXXFwtxCltbDC+tcvPenHzMpY=
24,-62,5tStsHiITtIGS0uqS7SJMJi1lqI=,fHSXXFwtxCltbDC+tcvPenHzMpY=
25,-62,5tStsHiITtIGS0uqS7SJMJi1lqI=,fHSXXFwtxCltbDC+tcvPenHzMpY=
16,-49,5tStsHiITtIGS0uqS7SJMJi1lqI=,fHSXXFwtxCltbDC+tcvPenHzMpY=
27,-50,5tStsHiITtIGS0uqS7SJMJi1lqI=,fHSXXFwtxCltbDC+tcvPenHzMpY=
26,-50,5tStsHiITtIGS0uqS7SJMJi1lqI=,fHSXXFwtxCltbDC+tcvPenHzMpY=
26,-62,5tStsHiITtIGS0uqS7SJMJi1lqI=,fHSXXFwtxCltbDC+tcvPenHzMpY=
23,-50,5tStsHiITtIGS0uqS7SJMJi1lqI=,fHSXXFwtxCltbDC+tcvPenHzMpY=
27,-62,5tStsHiITtIGS0uqS7SJMJi1lqI=,fHSXXFwtxCltbDC+tcvPenHzMpY=
24,-50,5tStsHiITtIGS0uqS7SJMJi1lqI=,fHSXXFwtxCltbDC+tcvPenHzMpY=
25,-50,5tStsHiITtIGS0uqS7SJMJi1lqI=,fHSXXFwtxCltbDC+tcvPenHzMpY=
22,-50,5tStsHiITtIGS0uqS7SJMJi1lqI=,fHSXXFwtxCltbDC+tcvPenHzMpY=
28,-62,5tStsHiITtIGS0uqS7SJMJi1lqI=,fHSXXFwtxCltbDC+tcvPenHzMpY=
21,-50,5tStsHiITtIGS0uqS7SJMJi1lqI=,fHSXXFwtxCltbDC+tcvPenHzMpY=
29,-62,5tStsHiITtIGS0uqS7SJMJi1lqI=,fHSXXFwtxCltbDC+tcvPenHzMpY=
19,-50,5tStsHiITtIGS0uqS7SJMJi1lqI=,fHSXXFwtxCltbDC+tcvPenHzMpY=
30,-62,5tStsHiITtIGS0uqS7SJMJi1lqI=,fHSXXFwtxCltbDC+tcvPenHzMpY=
18,-50,5tStsHiITtIGS0uqS7SJMJi1lqI=,fHSXXFwtxCltbDC+tcvPenHzMpY=
31,-62,5tStsHiITtIGS0uqS7SJMJi1lqI=,fHSXXFwtxCltbDC+tcvPenHzMpY=
16,-50,5tStsHiITtIGS0uqS7SJMJi1lqI=,fHSXXFwtxCltbDC+tcvPenHzMpY=
17,-50,5tStsHiITtIGS0uqS7SJMJi1lqI=,fHSXXFwtxCltbDC+tcvPenHzMpY=
30,-64,5tStsHiITtIGS0uqS7SJMJi1lqI=,fHSXXFwtxCltbDC+tcvPenHzMpY=
31,-51,5tStsHiITtIGS0uqS7SJMJi1lqI=,fHSXXFwtxCltbDC+tcvPenHzMpY=
19,-64,5tStsHiITtIGS0uqS7SJMJi1lqI=,fHSXXFwtxCltbDC+tcvPenHzMpY=
20,-50,5tStsHiITtIGS0uqS7SJMJi1lqI=,fHSXXFwtxCltbDC+tcvPenHzMpY=
29,-51,5tStsHiITtIGS0uqS7SJMJi1lqI=,fHSXXFwtxCltbDC+tcvPenHzMpY=
16,-61,5tStsHiITtIGS0uqS7SJMJi1lqI=,fHSXXFwtxCltbDC+tcvPenHzMpY=
30,-51,5tStsHiITtIGS0uqS7SJMJi1lqI=,fHSXXFwtxCltbDC+tcvPenHzMpY=
27,-51,5tStsHiITtIGS0uqS7SJMJi1lqI=,fHSXXFwtxCltbDC+tcvPenHzMpY=
18,-61,5tStsHiITtIGS0uqS7SJMJi1lqI=,fHSXXFwtxCltbDC+tcvPenHzMpY=
26,-51,5tStsHiITtIGS0uqS7SJMJi1lqI=,fHSXXFwtxCltbDC+tcvPenHzMpY=
25,-51,5tStsHiITtIGS0uqS7SJMJi1lqI=,fHSXXFwtxCltbDC+tcvPenHzMpY=
24,-51,5tStsHiITtIGS0uqS7SJMJi1lqI=,fHSXXFwtxCltbDC+tcvPenHzMpY=
23,-51,5tStsHiITtIGS0uqS7SJMJi1lqI=,fHSXXFwtxCltbDC+tcvPenHzMpY=
17,-61,5tStsHiITtIGS0uqS7SJMJi1lqI=,fHSXXFwtxCltbDC+tcvPenHzMpY=
19,-61,5tStsHiITtIGS0uqS7SJMJi1lqI=,fHSXXFwtxCltbDC+tcvPenHzMpY=
22,-51,5tStsHiITtIGS0uqS7SJMJi1lqI=,fHSXXFwtxCltbDC+tcvPenHzMpY=
28,-51,5tStsHiITtIGS0uqS7SJMJi1lqI=,fHSXXFwtxCltbDC+tcvPenHzMpY=
19,-51,5tStsHiITtIGS0uqS7SJMJi1lqI=,fHSXXFwtxCltbDC+tcvPenHzMpY=
20,-61,5tStsHiITtIGS0uqS7SJMJi1lqI=,fHSXXFwtxCltbDC+tcvPenHzMpY=
21,-51,5tStsHiITtIGS0uqS7SJMJi1lqI=,fHSXXFwtxCltbDC+tcvPenHzMpY=
20,-51,5tStsHiITtIGS0uqS7SJMJi1lqI=,fHSXXFwtxCltbDC+tcvPenHzMpY=
21,-61,5tStsHiITtIGS0uqS7SJMJi1lqI=,fHSXXFwtxCltbDC+tcvPenHzMpY=
17,-51,5tStsHiITtIGS0uqS7SJMJi1lqI=,fHSXXFwtxCltbDC+tcvPenHzMpY=
18,-51,5tStsHiITtIGS0uqS7SJMJi1lqI=,fHSXXFwtxCltbDC+tcvPenHzMpY=
16,-51,5tStsHiITtIGS0uqS7SJMJi1lqI=,fHSXXFwtxCltbDC+tcvPenHzMpY=
22,-61,5tStsHiITtIGS0uqS7SJMJi1lqI=,fHSXXFwtxCltbDC+tcvPenHzMpY=
29,-64,5tStsHiITtIGS0uqS7SJMJi1lqI=,fHSXXFwtxCltbDC+tcvPenHzMpY=
23,-61,5tStsHiITtIGS0uqS7SJMJi1lqI=,fHSXXFwtxCltbDC+tcvPenHzMpY=
25,-52,5tStsHiITtIGS0uqS7SJMJi1lqI=,fHSXXFwtxCltbDC+tcvPenHzMpY=
26,-52,5tStsHiITtIGS0uqS7SJMJi1lqI=,fHSXXFwtxCltbDC+tcvPenHzMpY=
24,-61,5tStsHiITtIGS0uqS7SJMJi1lqI=,fHSXXFwtxCltbDC+tcvPenHzMpY=
23,-52,5tStsHiITtIGS0uqS7SJMJi1lqI=,fHSXXFwtxCltbDC+tcvPenHzMpY=
22,-52,5tStsHiITtIGS0uqS7SJMJi1lqI=,fHSXXFwtxCltbDC+tcvPenHzMpY=
19,-52,5tStsHiITtIGS0uqS7SJMJi1lqI=,fHSXXFwtxCltbDC+tcvPenHzMpY=
24,-52,5tStsHiITtIGS0uqS7SJMJi1lqI=,fHSXXFwtxCltbDC+tcvPenHzMpY=
21,-52,5tStsHiITtIGS0uqS7SJMJi1lqI=,fHSXXFwtxCltbDC+tcvPenHzMpY=
20,-52,5tStsHiITtIGS0uqS7SJMJi1lqI=,fHSXXFwtxCltbDC+tcvPenHzMpY=
18,-52,5tStsHiITtIGS0uqS7SJMJi1lqI=,fHSXXFwtxCltbDC+tcvPenHzMpY=
17,-52,5tStsHiITtIGS0uqS7SJMJi1lqI=,fHSXXFwtxCltbDC+tcvPenHzMpY=
27,-52,5tStsHiITtIGS0uqS7SJMJi1lqI=,fHSXXFwtxCltbDC+tcvPenHzMpY=
28,-64,5tStsHiITtIGS0uqS7SJMJi1lqI=,fHSXXFwtxCltbDC+tcvPenHzMpY=
16,-52,5tStsHiITtIGS0uqS7SJMJi1lqI=,fHSXXFwtxCltbDC+tcvPenHzMpY=
28,-53,5tStsHiITtIGS0uqS7SJMJi1lqI=,fHSXXFwtxCltbDC+tcvPenHzMpY=
31,-53,5tStsHiITtIGS0uqS7SJMJi1lqI=,fHSXXFwtxCltbDC+tcvPenHzMpY=
27,-53,5tStsHiITtIGS0uqS7SJMJi1lqI=,fHSXXFwtxCltbDC+tcvPenHzMpY=
29,-53,5tStsHiITtIGS0uqS7SJMJi1lqI=,fHSXXFwtxCltbDC+tcvPenHzMpY=
25,-53,5tStsHiITtIGS0uqS7SJMJi1lqI=,fHSXXFwtxCltbDC+tcvPenHzMpY=
26,-53,5tStsHiITtIGS0uqS7SJMJi1lqI=,fHSXXFwtxCltbDC+tcvPenHzMpY=
23,-53,5tStsHiITtIGS0uqS7SJMJi1lqI=,fHSXXFwtxCltbDC+tcvPenHzMpY=
21,-53,5tStsHiITtIGS0uqS7SJMJi1lqI=,fHSXXFwtxCltbDC+tcvPenHzMpY=
17,-53,5tStsHiITtIGS0uqS7SJMJi1lqI=,fHSXXFwtxCltbDC+tcvPenHzMpY=
16,-53,5tStsHiITtIGS0uqS7SJMJi1lqI=,fHSXXFwtxCltbDC+tcvPenHzMpY=
27,-64,5tStsHiITtIGS0uqS7SJMJi1lqI=,fHSXXFwtxCltbDC+tcvPenHzMpY=
30,-54,5tStsHiITtIGS0uqS7SJMJi1lqI=,fHSXXFwtxCltbDC+tcvPenHzMpY=
29,-54,5tStsHiITtIGS0uqS7SJMJi1lqI=,fHSXXFwtxCltbDC+tcvPenHzMpY=
28,-54,5tStsHiITtIGS0uqS7SJMJi1lqI=,fHSXXFwtxCltbDC+tcvPenHzMpY=
25,-61,5tStsHiITtIGS0uqS7SJMJi1lqI=,fHSXXFwtxCltbDC+tcvPenHzMpY=
26,-54,5tStsHiITtIGS0uqS7SJMJi1lqI=,fHSXXFwtxCltbDC+tcvPenHzMpY=
27,-54,5tStsHiITtIGS0uqS7SJMJi1lqI=,fHSXXFwtxCltbDC+tcvPenHzMpY=
25,-54,5tStsHiITtIGS0uqS7SJMJi1lqI=,fHSXXFwtxCltbDC+tcvPenHzMpY=
24,-54,5tStsHiITtIGS0uqS7SJMJi1lqI=,fHSXXFwtxCltbDC+tcvPenHzMpY=
23,-54,5tStsHiITtIGS0uqS7SJMJi1lqI=,fHSXXFwtxCltbDC+tcvPenHzMpY=
30,-53,5tStsHiITtIGS0uqS7SJMJi1lqI=,fHSXXFwtxCltbDC+tcvPenHzMpY=
22,-54,5tStsHiITtIGS0uqS7SJMJi1lqI=,fHSXXFwtxCltbDC+tcvPenHzMpY=
21,-54,5tStsHiITtIGS0uqS7SJMJi1lqI=,fHSXXFwtxCltbDC+tcvPenHzMpY=
20,-54,5tStsHiITtIGS0uqS7SJMJi1lqI=,fHSXXFwtxCltbDC+tcvPenHzMpY=
18,-53,5tStsHiITtIGS0uqS7SJMJi1lqI=,fHSXXFwtxCltbDC+tcvPenHzMpY=
18,-54,5tStsHiITtIGS0uqS7SJMJi1lqI=,fHSXXFwtxCltbDC+tcvPenHzMpY=
17,-54,5tStsHiITtIGS0uqS7SJMJi1lqI=,fHSXXFwtxCltbDC+tcvPenHzMpY=
16,-54,5tStsHiITtIGS0uqS7SJMJi1lqI=,fHSXXFwtxCltbDC+tcvPenHzMpY=
26,-64,5tStsHiITtIGS0uqS7SJMJi1lqI=,fHSXXFwtxCltbDC+tcvPenHzMpY=
31,-55,5tStsHiITtIGS0uqS7SJMJi1lqI=,fHSXXFwtxCltbDC+tcvPenHzMpY=
20,-53,5tStsHiITtIGS0uqS7SJMJi1lqI=,fHSXXFwtxCltbDC+tcvPenHzMpY=
29,-55,5tStsHiITtIGS0uqS7SJMJi1lqI=,fHSXXFwtxCltbDC+tcvPenHzMpY=
27,-55,5tStsHiITtIGS0uqS7SJMJi1lqI=,fHSXXFwtxCltbDC+tcvPenHzMpY=
28,-55,5tStsHiITtIGS0uqS7SJMJi1lqI=,fHSXXFwtxCltbDC+tcvPenHzMpY=
26,-55,5tStsHiITtIGS0uqS7SJMJi1lqI=,fHSXXFwtxCltbDC+tcvPenHzMpY=
30,-55,5tStsHiITtIGS0uqS7SJMJi1lqI=,fHSXXFwtxCltbDC+tcvPenHzMpY=
25,-55,5tStsHiITtIGS0uqS7SJMJi1lqI=,fHSXXFwtxCltbDC+tcvPenHzMpY=
24,-55,5tStsHiITtIGS0uqS7SJMJi1lqI=,fHSXXFwtxCltbDC+tcvPenHzMpY=
23,-55,5tStsHiITtIGS0uqS7SJMJi1lqI=,fHSXXFwtxCltbDC+tcvPenHzMpY=
21,-55,5tStsHiITtIGS0uqS7SJMJi1lqI=,fHSXXFwtxCltbDC+tcvPenHzMpY=
22,-55,5tStsHiITtIGS0uqS7SJMJi1lqI=,fHSXXFwtxCltbDC+tcvPenHzMpY=
20,-55,5tStsHiITtIGS0uqS7SJMJi1lqI=,fHSXXFwtxCltbDC+tcvPenHzMpY=
19,-55,5tStsHiITtIGS0uqS7SJMJi1lqI=,fHSXXFwtxCltbDC+tcvPenHzMpY=
17,-55,5tStsHiITtIGS0uqS7SJMJi1lqI=,fHSXXFwtxCltbDC+tcvPenHzMpY=
18,-55,5tStsHiITtIGS0uqS7SJMJi1lqI=,fHSXXFwtxCltbDC+tcvPenHzMpY=
19,-53,5tStsHiITtIGS0uqS7SJMJi1lqI=,fHSXXFwtxCltbDC+tcvPenHzMpY=
16,-55,5tStsHiITtIGS0uqS7SJMJi1lqI=,fHSXXFwtxCltbDC+tcvPenHzMpY=
31,-56,5tStsHiITtIGS0uqS7SJMJi1lqI=,fHSXXFwtxCltbDC+tcvPenHzMpY=
30,-56,5tStsHiITtIGS0uqS7SJMJi1lqI=,fHSXXFwtxCltbDC+tcvPenHzMpY=
25,-64,5tStsHiITtIGS0uqS7SJMJi1lqI=,fHSXXFwtxCltbDC+tcvPenHzMpY=
28,-56,5tStsHiITtIGS0uqS7SJMJi1lqI=,fHSXXFwtxCltbDC+tcvPenHzMpY=
27,-56,5tStsHiITtIGS0uqS7SJMJi1lqI=,fHSXXFwtxCltbDC+tcvPenHzMpY=
29,-56,5tStsHiITtIGS0uqS7SJMJi1lqI=,fHSXXFwtxCltbDC+tcvPenHzMpY=
26,-56,5tStsHiITtIGS0uqS7SJMJi1lqI=,fHSXXFwtxCltbDC+tcvPenHzMpY=
25,-56,5tStsHiITtIGS0uqS7SJMJi1lqI=,fHSXXFwtxCltbDC+tcvPenHzMpY=
24,-56,5tStsHiITtIGS0uqS7SJMJi1lqI=,fHSXXFwtxCltbDC+tcvPenHzMpY=
23,-56,5tStsHiITtIGS0uqS7SJMJi1lqI=,fHSXXFwtxCltbDC+tcvPenHzMpY=
22,-56,5tStsHiITtIGS0uqS7SJMJi1lqI=,fHSXXFwtxCltbDC+tcvPenHzMpY=
20,-56,5tStsHiITtIGS0uqS7SJMJi1lqI=,fHSXXFwtxCltbDC+tcvPenHzMpY=
21,-56,5tStsHiITtIGS0uqS7SJMJi1lqI=,fHSXXFwtxCltbDC+tcvPenHzMpY=
24,-53,5tStsHiITtIGS0uqS7SJMJi1lqI=,fHSXXFwtxCltbDC+tcvPenHzMpY=
18,-56,5tStsHiITtIGS0uqS7SJMJi1lqI=,fHSXXFwtxCltbDC+tcvPenHzMpY=
24,-64,5tStsHiITtIGS0uqS7SJMJi1lqI=,fHSXXFwtxCltbDC+tcvPenHzMpY=
16,-56,5tStsHiITtIGS0uqS7SJMJi1lqI=,fHSXXFwtxCltbDC+tcvPenHzMpY=
17,-56,5tStsHiITtIGS0uqS7SJMJi1lqI=,fHSXXFwtxCltbDC+tcvPenHzMpY=
19,-56,5tStsHiITtIGS0uqS7SJMJi1lqI=,fHSXXFwtxCltbDC+tcvPenHzMpY=
30,-57,5tStsHiITtIGS0uqS7SJMJi1lqI=,fHSXXFwtxCltbDC+tcvPenHzMpY=
31,-57,5tStsHiITtIGS0uqS7SJMJi1lqI=,fHSXXFwtxCltbDC+tcvPenHzMpY=
28,-57,5tStsHiITtIGS0uqS7SJMJi1lqI=,fHSXXFwtxCltbDC+tcvPenHzMpY=
26,-57,5tStsHiITtIGS0uqS7SJMJi1lqI=,fHSXXFwtxCltbDC+tcvPenHzMpY=
27,-57,5tStsHiITtIGS0uqS7SJMJi1lqI=,fHSXXFwtxCltbDC+tcvPenHzMpY=
25,-57,5tStsHiITtIGS0uqS7SJMJi1lqI=,fHSXXFwtxCltbDC+tcvPenHzMpY=
29,-57,5tStsHiITtIGS0uqS7SJMJi1lqI=,fHSXXFwtxCltbDC+tcvPenHzMpY=
24,-57,5tStsHiITtIGS0uqS7SJMJi1lqI=,fHSXXFwtxCltbDC+tcvPenHzMpY=
22,-57,5tStsHiITtIGS0uqS7SJMJi1lqI=,fHSXXFwtxCltbDC+tcvPenHzMpY=
20,-57,5tStsHiITtIGS0uqS7SJMJi1lqI=,fHSXXFwtxCltbDC+tcvPenHzMpY=
19,-57,5tStsHiITtIGS0uqS7SJMJi1lqI=,fHSXXFwtxCltbDC+tcvPenHzMpY=
18,-57,5tStsHiITtIGS0uqS7SJMJi1lqI=,fHSXXFwtxCltbDC+tcvPenHzMpY=
21,-57,5tStsHiITtIGS0uqS7SJMJi1lqI=,fHSXXFwtxCltbDC+tcvPenHzMpY=
23,-57,5tStsHiITtIGS0uqS7SJMJi1lqI=,fHSXXFwtxCltbDC+tcvPenHzMpY=
17,-57,5tStsHiITtIGS0uqS7SJMJi1lqI=,fHSXXFwtxCltbDC+tcvPenHzMpY=
23,-64,5tStsHiITtIGS0uqS7SJMJi1lqI=,fHSXXFwtxCltbDC+tcvPenHzMpY=
22,-53,5tStsHiITtIGS0uqS7SJMJi1lqI=,fHSXXFwtxCltbDC+tcvPenHzMpY=
16,-57,5tStsHiITtIGS0uqS7SJMJi1lqI=,fHSXXFwtxCltbDC+tcvPenHzMpY=
31,-58,5tStsHiITtIGS0uqS7SJMJi1lqI=,fHSXXFwtxCltbDC+tcvPenHzMpY=
29,-58,5tStsHiITtIGS0uqS7SJMJi1lqI=,fHSXXFwtxCltbDC+tcvPenHzMpY=
26,-58,5tStsHiITtIGS0uqS7SJMJi1lqI=,fHSXXFwtxCltbDC+tcvPenHzMpY=
30,-58,5tStsHiITtIGS0uqS7SJMJi1lqI=,fHSXXFwtxCltbDC+tcvPenHzMpY=
27,-58,5tStsHiITtIGS0uqS7SJMJi1lqI=,fHSXXFwtxCltbDC+tcvPenHzMpY=
28,-58,5tStsHiITtIGS0uqS7SJMJi1lqI=,fHSXXFwtxCltbDC+tcvPenHzMpY=
21,-58,5tStsHiITtIGS0uqS7SJMJi1lqI=,fHSXXFwtxCltbDC+tcvPenHzMpY=
22,-58,5tStsHiITtIGS0uqS7SJMJi1lqI=,fHSXXFwtxCltbDC+tcvPenHzMpY=
24,-58,5tStsHiITtIGS0uqS7SJMJi1lqI=,fHSXXFwtxCltbDC+tcvPenHzMpY=
23,-58,5tStsHiITtIGS0uqS7SJMJi1lqI=,fHSXXFwtxCltbDC+tcvPenHzMpY=
20,-58,5tStsHiITtIGS0uqS7SJMJi1lqI=,fHSXXFwtxCltbDC+tcvPenHzMpY=
18,-58,5tStsHiITtIGS0uqS7SJMJi1lqI=,fHSXXFwtxCltbDC+tcvPenHzMpY=
25,-58,5tStsHiITtIGS0uqS7SJMJi1lqI=,fHSXXFwtxCltbDC+tcvPenHzMpY=
19,-58,5tStsHiITtIGS0uqS7SJMJi1lqI=,fHSXXFwtxCltbDC+tcvPenHzMpY=
16,-58,5tStsHiITtIGS0uqS7SJMJi1lqI=,fHSXXFwtxCltbDC+tcvPenHzMpY=
31,-59,5tStsHiITtIGS0uqS7SJMJi1lqI=,fHSXXFwtxCltbDC+tcvPenHzMpY=
17,-58,5tStsHiITtIGS0uqS7SJMJi1lqI=,fHSXXFwtxCltbDC+tcvPenHzMpY=
22,-64,5tStsHiITtIGS0uqS7SJMJi1lqI=,fHSXXFwtxCltbDC+tcvPenHzMpY=
30,-59,5tStsHiITtIGS0uqS7SJMJi1lqI=,fHSXXFwtxCltbDC+tcvPenHzMpY=
27,-59,5tStsHiITtIGS0uqS7SJMJi1lqI=,fHSXXFwtxCltbDC+tcvPenHzMpY=
28,-59,5tStsHiITtIGS0uqS7SJMJi1lqI=,fHSXXFwtxCltbDC+tcvPenHzMpY=
25,-59,5tStsHiITtIGS0uqS7SJMJi1lqI=,fHSXXFwtxCltbDC+tcvPenHzMpY=
29,-59,5tStsHiITtIGS0uqS7SJMJi1lqI=,fHSXXFwtxCltbDC+tcvPenHzMpY=
24,-59,5tStsHiITtIGS0uqS7SJMJi1lqI=,fHSXXFwtxCltbDC+tcvPenHzMpY=
21,-59,5tStsHiITtIGS0uqS7SJMJi1lqI=,fHSXXFwtxCltbDC+tcvPenHzMpY=
22,-59,5tStsHiITtIGS0uqS7SJMJi1lqI=,fHSXXFwtxCltbDC+tcvPenHzMpY=
19,-59,5tStsHiITtIGS0uqS7SJMJi1lqI=,fHSXXFwtxCltbDC+tcvPenHzMpY=
20,-59,5tStsHiITtIGS0uqS7SJMJi1lqI=,fHSXXFwtxCltbDC+tcvPenHzMpY=
26,-59,5tStsHiITtIGS0uqS7SJMJi1lqI=,fHSXXFwtxCltbDC+tcvPenHzMpY=
23,-59,5tStsHiITtIGS0uqS7SJMJi1lqI=,fHSXXFwtxCltbDC+tcvPenHzMpY=
16,-59,5tStsHiITtIGS0uqS7SJMJi1lqI=,fHSXXFwtxCltbDC+tcvPenHzMpY=
18,-59,5tStsHiITtIGS0uqS7SJMJi1lqI=,fHSXXFwtxCltbDC+tcvPenHzMpY=
17,-59,5tStsHiITtIGS0uqS7SJMJi1lqI=,fHSXXFwtxCltbDC+tcvPenHzMpY=
21,-64,5tStsHiITtIGS0uqS7SJMJi1lqI=,fHSXXFwtxCltbDC+tcvPenHzMpY=
31,-60,5tStsHiITtIGS0uqS7SJMJi1lqI=,fHSXXFwtxCltbDC+tcvPenHzMpY=
29,-60,5tStsHiITtIGS0uqS7SJMJi1lqI=,fHSXXFwtxCltbDC+tcvPenHzMpY=
27,-60,5tStsHiITtIGS0uqS7SJMJi1lqI=,fHSXXFwtxCltbDC+tcvPenHzMpY=
26,-60,5tStsHiITtIGS0uqS7SJMJi1lqI=,fHSXXFwtxCltbDC+tcvPenHzMpY=
28,-60,5tStsHiITtIGS0uqS7SJMJi1lqI=,fHSXXFwtxCltbDC+tcvPenHzMpY=
21,-60,5tStsHiITtIGS0uqS7SJMJi1lqI=,fHSXXFwtxCltbDC+tcvPenHzMpY=
24,-60,5tStsHiITtIGS0uqS7SJMJi1lqI=,fHSXXFwtxCltbDC+tcvPenHzMpY=
22,-60,5tStsHiITtIGS0uqS7SJMJi1lqI=,fHSXXFwtxCltbDC+tcvPenHzMpY=
23,-60,5tStsHiITtIGS0uqS7SJMJi1lqI=,fHSXXFwtxCltbDC+tcvPenHzMpY=
20,-60,5tStsHiITtIGS0uqS7SJMJi1lqI=,fHSXXFwtxCltbDC+tcvPenHzMpY=
19,-60,5tStsHiITtIGS0uqS7SJMJi1lqI=,fHSXXFwtxCltbDC+tcvPenHzMpY=
18,-60,5tStsHiITtIGS0uqS7SJMJi1lqI=,fHSXXFwtxCltbDC+tcvPenHzMpY=
16,-60,5tStsHiITtIGS0uqS7SJMJi1lqI=,fHSXXFwtxCltbDC+tcvPenHzMpY=
25,-60,5tStsHiITtIGS0uqS7SJMJi1lqI=,fHSXXFwtxCltbDC+tcvPenHzMpY=
17,-60,5tStsHiITtIGS0uqS7SJMJi1lqI=,fHSXXFwtxCltbDC+tcvPenHzMpY=
30,-60,5tStsHiITtIGS0uqS7SJMJi1lqI=,fHSXXFwtxCltbDC+tcvPenHzMpY=
20,-64,5tStsHiITtIGS0uqS7SJMJi1lqI=,fHSXXFwtxCltbDC+tcvPenHzMpY=
31,-54,5tStsHiITtIGS0uqS7SJMJi1lqI=,fHSXXFwtxCltbDC+tcvPenHzMpY=
30,-61,5tStsHiITtIGS0uqS7SJMJi1lqI=,fHSXXFwtxCltbDC+tcvPenHzMpY=
28,-61,5tStsHiITtIGS0uqS7SJMJi1lqI=,fHSXXFwtxCltbDC+tcvPenHzMpY=
31,-61,5tStsHiITtIGS0uqS7SJMJi1lqI=,fHSXXFwtxCltbDC+tcvPenHzMpY=
27,-61,5tStsHiITtIGS0uqS7SJMJi1lqI=,fHSXXFwtxCltbDC+tcvPenHzMpY=
29,-61,5tStsHiITtIGS0uqS7SJMJi1lqI=,fHSXXFwtxCltbDC+tcvPenHzMpY=
19,-54,5tStsHiITtIGS0uqS7SJMJi1lqI=,fHSXXFwtxCltbDC+tcvPenHzMpY=
26,-61,5tStsHiITtIGS0uqS7SJMJi1lqI=,fHSXXFwtxCltbDC+tcvPenHzMpY=
31,-52,5tStsHiITtIGS0uqS7SJMJi1lqI=,fHSXXFwtxCltbDC+tcvPenHzMpY=
30,-52,5tStsHiITtIGS0uqS7SJMJi1lqI=,fHSXXFwtxCltbDC+tcvPenHzMpY=
29,-52,5tStsHiITtIGS0uqS7SJMJi1lqI=,fHSXXFwtxCltbDC+tcvPenHzMpY=
28,-52,5tStsHiITtIGS0uqS7SJMJi1lqI=,fHSXXFwtxCltbDC+tcvPenHzMpY=
15,-33,tXUB6SSdoPycJH1ndQiPs45ZENc=,fHSXXFwtxCltbDC+tcvPenHzMpY=
2,-48,tXUB6SSdoPycJH1ndQiPs45ZENc=,fHSXXFwtxCltbDC+tcvPenHzMpY=
3,-48,tXUB6SSdoPycJH1ndQiPs45ZENc=,fHSXXFwtxCltbDC+tcvPenHzMpY=
4,-48,tXUB6SSdoPycJH1ndQiPs45ZENc=,fHSXXFwtxCltbDC+tcvPenHzMpY=
5,-48,tXUB6SSdoPycJH1ndQiPs45ZENc=,fHSXXFwtxCltbDC+tcvPenHzMpY=
6,-48,tXUB6SSdoPycJH1ndQiPs45ZENc=,fHSXXFwtxCltbDC+tcvPenHzMpY=
7,-48,tXUB6SSdoPycJH1ndQiPs45ZENc=,fHSXXFwtxCltbDC+tcvPenHzMpY=
8,-48,tXUB6SSdoPycJH1ndQiPs45ZENc=,fHSXXFwtxCltbDC+tcvPenHzMpY=
9,-48,tXUB6SSdoPycJH1ndQiPs45ZENc=,fHSXXFwtxCltbDC+tcvPenHzMpY=
11,-48,tXUB6SSdoPycJH1ndQiPs45ZENc=,fHSXXFwtxCltbDC+tcvPenHzMpY=
10,-48,tXUB6SSdoPycJH1ndQiPs45ZENc=,fHSXXFwtxCltbDC+tcvPenHzMpY=
12,-48,tXUB6SSdoPycJH1ndQiPs45ZENc=,fHSXXFwtxCltbDC+tcvPenHzMpY=
13,-48,tXUB6SSdoPycJH1ndQiPs45ZENc=,fHSXXFwtxCltbDC+tcvPenHzMpY=
14,-48,tXUB6SSdoPycJH1ndQiPs45ZENc=,fHSXXFwtxCltbDC+tcvPenHzMpY=
15,-48,tXUB6SSdoPycJH1ndQiPs45ZENc=,fHSXXFwtxCltbDC+tcvPenHzMpY=
0,-48,tXUB6SSdoPycJH1ndQiPs45ZENc=,fHSXXFwtxCltbDC+tcvPenHzMpY=
15,-47,tXUB6SSdoPycJH1ndQiPs45ZENc=,fHSXXFwtxCltbDC+tcvPenHzMpY=
1,-46,tXUB6SSdoPycJH1ndQiPs45ZENc=,fHSXXFwtxCltbDC+tcvPenHzMpY=
4,-46,tXUB6SSdoPycJH1ndQiPs45ZENc=,fHSXXFwtxCltbDC+tcvPenHzMpY=
2,-46,tXUB6SSdoPycJH1ndQiPs45ZENc=,fHSXXFwtxCltbDC+tcvPenHzMpY=
0,-46,tXUB6SSdoPycJH1ndQiPs45ZENc=,fHSXXFwtxCltbDC+tcvPenHzMpY=
5,-46,tXUB6SSdoPycJH1ndQiPs45ZENc=,fHSXXFwtxCltbDC+tcvPenHzMpY=
7,-46,tXUB6SSdoPycJH1ndQiPs45ZENc=,fHSXXFwtxCltbDC+tcvPenHzMpY=
6,-46,tXUB6SSdoPycJH1ndQiPs45ZENc=,fHSXXFwtxCltbDC+tcvPenHzMpY=
8,-46,tXUB6SSdoPycJH1ndQiPs45ZENc=,fHSXXFwtxCltbDC+tcvPenHzMpY=
9,-46,tXUB6SSdoPycJH1ndQiPs45ZENc=,fHSXXFwtxCltbDC+tcvPenHzMpY=
10,-46,tXUB6SSdoPycJH1ndQiPs45ZENc=,fHSXXFwtxCltbDC+tcvPenHzMpY=
12,-46,tXUB6SSdoPycJH1ndQiPs45ZENc=,fHSXXFwtxCltbDC+tcvPenHzMpY=
13,-46,tXUB6SSdoPycJH1ndQiPs45ZENc=,fHSXXFwtxCltbDC+tcvPenHzMpY=
11,-46,tXUB6SSdoPycJH1ndQiPs45ZENc=,fHSXXFwtxCltbDC+tcvPenHzMpY=
0,-47,tXUB6SSdoPycJH1ndQiPs45ZENc=,fHSXXFwtxCltbDC+tcvPenHzMpY=
14,-46,tXUB6SSdoPycJH1ndQiPs45ZENc=,fHSXXFwtxCltbDC+tcvPenHzMpY=
15,-46,tXUB6SSdoPycJH1ndQiPs45ZENc=,fHSXXFwtxCltbDC+tcvPenHzMpY=
0,-45,tXUB6SSdoPycJH1ndQiPs45ZENc=,fHSXXFwtxCltbDC+tcvPenHzMpY=
1,-45,tXUB6SSdoPycJH1ndQiPs45ZENc=,fHSXXFwtxCltbDC+tcvPenHzMpY=
3,-45,tXUB6SSdoPycJH1ndQiPs45ZENc=,fHSXXFwtxCltbDC+tcvPenHzMpY=
2,-45,tXUB6SSdoPycJH1ndQiPs45ZENc=,fHSXXFwtxCltbDC+tcvPenHzMpY=
3,-46,tXUB6SSdoPycJH1ndQiPs45ZENc=,fHSXXFwtxCltbDC+tcvPenHzMpY=
4,-45,tXUB6SSdoPycJH1ndQiPs45ZENc=,fHSXXFwtxCltbDC+tcvPenHzMpY=
5,-45,tXUB6SSdoPycJH1ndQiPs45ZENc=,fHSXXFwtxCltbDC+tcvPenHzMpY=
6,-45,tXUB6SSdoPycJH1ndQiPs45ZENc=,fHSXXFwtxCltbDC+tcvPenHzMpY=
7,-45,tXUB6SSdoPycJH1ndQiPs45ZENc=,fHSXXFwtxCltbDC+tcvPenHzMpY=
8,-45,tXUB6SSdoPycJH1ndQiPs45ZENc=,fHSXXFwtxCltbDC+tcvPenHzMpY=
9,-45,tXUB6SSdoPycJH1ndQiPs45ZENc=,fHSXXFwtxCltbDC+tcvPenHzMpY=
10,-45,tXUB6SSdoPycJH1ndQiPs45ZENc=,fHSXXFwtxCltbDC+tcvPenHzMpY=
11,-45,tXUB6SSdoPycJH1ndQiPs45ZENc=,fHSXXFwtxCltbDC+tcvPenHzMpY=
12,-45,tXUB6SSdoPycJH1ndQiPs45ZENc=,fHSXXFwtxCltbDC+tcvPenHzMpY=
1,-47,tXUB6SSdoPycJH1ndQiPs45ZENc=,fHSXXFwtxCltbDC+tcvPenHzMpY=
13,-45,tXUB6SSdoPycJH1ndQiPs45ZENc=,fHSXXFwtxCltbDC+tcvPenHzMpY=
14,-45,tXUB6SSdoPycJH1ndQiPs45ZENc=,fHSXXFwtxCltbDC+tcvPenHzMpY=
15,-45,tXUB6SSdoPycJH1ndQiPs45ZENc=,fHSXXFwtxCltbDC+tcvPenHzMpY=
0,-44,tXUB6SSdoPycJH1ndQiPs45ZENc=,fHSXXFwtxCltbDC+tcvPenHzMpY=
1,-44,tXUB6SSdoPycJH1ndQiPs45ZENc=,fHSXXFwtxCltbDC+tcvPenHzMpY=
2,-44,tXUB6SSdoPycJH1ndQiPs45ZENc=,fHSXXFwtxCltbDC+tcvPenHzMpY=
3,-44,tXUB6SSdoPycJH1ndQiPs45ZENc=,fHSXXFwtxCltbDC+tcvPenHzMpY=
4,-44,tXUB6SSdoPycJH1ndQiPs45ZENc=,fHSXXFwtxCltbDC+tcvPenHzMpY=
5,-44,tXUB6SSdoPycJH1ndQiPs45ZENc=,fHSXXFwtxCltbDC+tcvPenHzMpY=
6,-44,tXUB6SSdoPycJH1ndQiPs45ZENc=,fHSXXFwtxCltbDC+tcvPenHzMpY=
7,-44,tXUB6SSdoPycJH1ndQiPs45ZENc=,fHSXXFwtxCltbDC+tcvPenHzMpY=
8,-44,tXUB6SSdoPycJH1ndQiPs45ZENc=,fHSXXFwtxCltbDC+tcvPenHzMpY=
9,-44,tXUB6SSdoPycJH1ndQiPs45ZENc=,fHSXXFwtxCltbDC+tcvPenHzMpY=
10,-44,tXUB6SSdoPycJH1ndQiPs45ZENc=,fHSXXFwtxCltbDC+tcvPenHzMpY=
11,-44,tXUB6SSdoPycJH1ndQiPs45ZENc=,fHSXXFwtxCltbDC+tcvPenHzMpY=
2,-47,tXUB6SSdoPycJH1ndQiPs45ZENc=,fHSXXFwtxCltbDC+tcvPenHzMpY=
12,-44,tXUB6SSdoPycJH1ndQiPs45ZENc=,fHSXXFwtxCltbDC+tcvPenHzMpY=
13,-44,tXUB6SSdoPycJH1ndQiPs45ZENc=,fHSXXFwtxCltbDC+tcvPenHzMpY=
14,-44,tXUB6SSdoPycJH1ndQiPs45ZENc=,fHSXXFwtxCltbDC+tcvPenHzMpY=
15,-44,tXUB6SSdoPycJH1ndQiPs45ZENc=,fHSXXFwtxCltbDC+tcvPenHzMpY=
1,-43,tXUB6SSdoPycJH1ndQiPs45ZENc=,fHSXXFwtxCltbDC+tcvPenHzMpY=
0,-43,tXUB6SSdoPycJH1ndQiPs45ZENc=,fHSXXFwtxCltbDC+tcvPenHzMpY=
2,-43,tXUB6SSdoPycJH1ndQiPs45ZENc=,fHSXXFwtxCltbDC+tcvPenHzMpY=
3,-43,tXUB6SSdoPycJH1ndQiPs45ZENc=,fHSXXFwtxCltbDC+tcvPenHzMpY=
4,-43,tXUB6SSdoPycJH1ndQiPs45ZENc=,fHSXXFwtxCltbDC+tcvPenHzMpY=
6,-43,tXUB6SSdoPycJH1ndQiPs45ZENc=,fHSXXFwtxCltbDC+tcvPenHzMpY=
7,-43,tXUB6SSdoPycJH1ndQiPs45ZENc=,fHSXXFwtxCltbDC+tcvPenHzMpY=
8,-43,tXUB6SSdoPycJH1ndQiPs45ZENc=,fHSXXFwtxCltbDC+tcvPenHzMpY=
5,-43,tXUB6SSdoPycJH1ndQiPs45ZENc=,fHSXXFwtxCltbDC+tcvPenHzMpY=
9,-43,tXUB6SSdoPycJH1ndQiPs45ZENc=,fHSXXFwtxCltbDC+tcvPenHzMpY=
10,-43,tXUB6SSdoPycJH1ndQiPs45ZENc=,fHSXXFwtxCltbDC+tcvPenHzMpY=
3,-47,tXUB6SSdoPycJH1ndQiPs45ZENc=,fHSXXFwtxCltbDC+tcvPenHzMpY=
11,-43,tXUB6SSdoPycJH1ndQiPs45ZENc=,fHSXXFwtxCltbDC+tcvPenHzMpY=
12,-43,tXUB6SSdoPycJH1ndQiPs45ZENc=,fHSXXFwtxCltbDC+tcvPenHzMpY=
13,-43,tXUB6SSdoPycJH1ndQiPs45ZENc=,fHSXXFwtxCltbDC+tcvPenHzMpY=
14,-43,tXUB6SSdoPycJH1ndQiPs45ZENc=,fHSXXFwtxCltbDC+tcvPenHzMpY=
15,-43,tXUB6SSdoPycJH1ndQiPs45ZENc=,fHSXXFwtxCltbDC+tcvPenHzMpY=
0,-42,tXUB6SSdoPycJH1ndQiPs45ZENc=,fHSXXFwtxCltbDC+tcvPenHzMpY=
1,-42,tXUB6SSdoPycJH1ndQiPs45ZENc=,fHSXXFwtxCltbDC+tcvPenHzMpY=
2,-42,tXUB6SSdoPycJH1ndQiPs45ZENc=,fHSXXFwtxCltbDC+tcvPenHzMpY=
4,-42,tXUB6SSdoPycJH1ndQiPs45ZENc=,fHSXXFwtxCltbDC+tcvPenHzMpY=
5,-42,tXUB6SSdoPycJH1ndQiPs45ZENc=,fHSXXFwtxCltbDC+tcvPenHzMpY=
6,-42,tXUB6SSdoPycJH1ndQiPs45ZENc=,fHSXXFwtxCltbDC+tcvPenHzMpY=
7,-42,tXUB6SSdoPycJH1ndQiPs45ZENc=,fHSXXFwtxCltbDC+tcvPenHzMpY=
8,-42,tXUB6SSdoPycJH1ndQiPs45ZENc=,fHSXXFwtxCltbDC+tcvPenHzMpY=
4,-47,tXUB6SSdoPycJH1ndQiPs45ZENc=,fHSXXFwtxCltbDC+tcvPenHzMpY=
10,-42,tXUB6SSdoPycJH1ndQiPs45ZENc=,fHSXXFwtxCltbDC+tcvPenHzMpY=
9,-42,tXUB6SSdoPycJH1ndQiPs45ZENc=,fHSXXFwtxCltbDC+tcvPenHzMpY=
11,-42,tXUB6SSdoPycJH1ndQiPs45ZENc=,fHSXXFwtxCltbDC+tcvPenHzMpY=
12,-42,tXUB6SSdoPycJH1ndQiPs45ZENc=,fHSXXFwtxCltbDC+tcvPenHzMpY=
14,-42,tXUB6SSdoPycJH1ndQiPs45ZENc=,fHSXXFwtxCltbDC+tcvPenHzMpY=
13,-42,tXUB6SSdoPycJH1ndQiPs45ZENc=,fHSXXFwtxCltbDC+tcvPenHzMpY=
3,-42,tXUB6SSdoPycJH1ndQiPs45ZENc=,fHSXXFwtxCltbDC+tcvPenHzMpY=
15,-42,tXUB6SSdoPycJH1ndQiPs45ZENc=,fHSXXFwtxCltbDC+tcvPenHzMpY=
0,-41,tXUB6SSdoPycJH1ndQiPs45ZENc=,fHSXXFwtxCltbDC+tcvPenHzMpY=
1,-41,tXUB6SSdoPycJH1ndQiPs45ZENc=,fHSXXFwtxCltbDC+tcvPenHzMpY=
2,-41,tXUB6SSdoPycJH1ndQiPs45ZENc=,fHSXXFwtxCltbDC+tcvPenHzMpY=
3,-41,tXUB6SSdoPycJH1ndQiPs45ZENc=,fHSXXFwtxCltbDC+tcvPenHzMpY=
4,-41,tXUB6SSdoPycJH1ndQiPs45ZENc=,fHSXXFwtxCltbDC+tcvPenHzMpY=
5,-41,tXUB6SSdoPycJH1ndQiPs45ZENc=,fHSXXFwtxCltbDC+tcvPenHzMpY=
6,-41,tXUB6SSdoPycJH1ndQiPs45ZENc=,fHSXXFwtxCltbDC+tcvPenHzMpY=
7,-41,tXUB6SSdoPycJH1ndQiPs45ZENc=,fHSXXFwtxCltbDC+tcvPenHzMpY=
8,-41,tXUB6SSdoPycJH1ndQiPs45ZENc=,fHSXXFwtxCltbDC+tcvPenHzMpY=
5,-47,tXUB6SSdoPycJH1ndQiPs45ZENc=,fHSXXFwtxCltbDC+tcvPenHzMpY=
9,-41,tXUB6SSdoPycJH1ndQiPs45ZENc=,fHSXXFwtxCltbDC+tcvPenHzMpY=
10,-41,tXUB6SSdoPycJH1ndQiPs45ZENc=,fHSXXFwtxCltbDC+tcvPenHzMpY=
11,-41,tXUB6SSdoPycJH1ndQiPs45ZENc=,fHSXXFwtxCltbDC+tcvPenHzMpY=
12,-41,tXUB6SSdoPycJH1ndQiPs45ZENc=,fHSXXFwtxCltbDC+tcvPenHzMpY=
13,-41,tXUB6SSdoPycJH1ndQiPs45ZENc=,fHSXXFwtxCltbDC+tcvPenHzMpY=
14,-41,tXUB6SSdoPycJH1ndQiPs45ZENc=,fHSXXFwtxCltbDC+tcvPenHzMpY=
15,-41,tXUB6SSdoPycJH1ndQiPs45ZENc=,fHSXXFwtxCltbDC+tcvPenHzMpY=
0,-40,tXUB6SSdoPycJH1ndQiPs45ZENc=,fHSXXFwtxCltbDC+tcvPenHzMpY=
1,-40,tXUB6SSdoPycJH1ndQiPs45ZENc=,fHSXXFwtxCltbDC+tcvPenHzMpY=
2,-40,tXUB6SSdoPycJH1ndQiPs45ZENc=,fHSXXFwtxCltbDC+tcvPenHzMpY=
3,-40,tXUB6SSdoPycJH1ndQiPs45ZENc=,fHSXXFwtxCltbDC+tcvPenHzMpY=
4,-40,tXUB6SSdoPycJH1ndQiPs45ZENc=,fHSXXFwtxCltbDC+tcvPenHzMpY=
5,-40,tXUB6SSdoPycJH1ndQiPs45ZENc=,fHSXXFwtxCltbDC+tcvPenHzMpY=
6,-40,tXUB6SSdoPycJH1ndQiPs45ZENc=,fHSXXFwtxCltbDC+tcvPenHzMpY=
7,-40,tXUB6SSdoPycJH1ndQiPs45ZENc=,fHSXXFwtxCltbDC+tcvPenHzMpY=
6,-47,tXUB6SSdoPycJH1ndQiPs45ZENc=,fHSXXFwtxCltbDC+tcvPenHzMpY=
8,-40,tXUB6SSdoPycJH1ndQiPs45ZENc=,fHSXXFwtxCltbDC+tcvPenHzMpY=
9,-40,tXUB6SSdoPycJH1ndQiPs45ZENc=,fHSXXFwtxCltbDC+tcvPenHzMpY=
10,-40,tXUB6SSdoPycJH1ndQiPs45ZENc=,fHSXXFwtxCltbDC+tcvPenHzMpY=
11,-40,tXUB6SSdoPycJH1ndQiPs45ZENc=,fHSXXFwtxCltbDC+tcvPenHzMpY=
12,-40,tXUB6SSdoPycJH1ndQiPs45ZENc=,fHSXXFwtxCltbDC+tcvPenHzMpY=
13,-40,tXUB6SSdoPycJH1ndQiPs45ZENc=,fHSXXFwtxCltbDC+tcvPenHzMpY=
15,-40,tXUB6SSdoPycJH1ndQiPs45ZENc=,fHSXXFwtxCltbDC+tcvPenHzMpY=
14,-40,tXUB6SSdoPycJH1ndQiPs45ZENc=,fHSXXFwtxCltbDC+tcvPenHzMpY=
0,-39,tXUB6SSdoPycJH1ndQiPs45ZENc=,fHSXXFwtxCltbDC+tcvPenHzMpY=
1,-39,tXUB6SSdoPycJH1ndQiPs45ZENc=,fHSXXFwtxCltbDC+tcvPenHzMpY=
2,-39,tXUB6SSdoPycJH1ndQiPs45ZENc=,fHSXXFwtxCltbDC+tcvPenHzMpY=
3,-39,tXUB6SSdoPycJH1ndQiPs45ZENc=,fHSXXFwtxCltbDC+tcvPenHzMpY=
4,-39,tXUB6SSdoPycJH1ndQiPs45ZENc=,fHSXXFwtxCltbDC+tcvPenHzMpY=
5,-39,tXUB6SSdoPycJH1ndQiPs45ZENc=,fHSXXFwtxCltbDC+tcvPenHzMpY=
6,-39,tXUB6SSdoPycJH1ndQiPs45ZENc=,fHSXXFwtxCltbDC+tcvPenHzMpY=
7,-47,tXUB6SSdoPycJH1ndQiPs45ZENc=,fHSXXFwtxCltbDC+tcvPenHzMpY=
7,-39,tXUB6SSdoPycJH1ndQiPs45ZENc=,fHSXXFwtxCltbDC+tcvPenHzMpY=
8,-39,tXUB6SSdoPycJH1ndQiPs45ZENc=,fHSXXFwtxCltbDC+tcvPenHzMpY=
9,-39,tXUB6SSdoPycJH1ndQiPs45ZENc=,fHSXXFwtxCltbDC+tcvPenHzMpY=
10,-39,tXUB6SSdoPycJH1ndQiPs45ZENc=,fHSXXFwtxCltbDC+tcvPenHzMpY=
11,-39,tXUB6SSdoPycJH1ndQiPs45ZENc=,fHSXXFwtxCltbDC+tcvPenHzMpY=
12,-39,tXUB6SSdoPycJH1ndQiPs45ZENc=,fHSXXFwtxCltbDC+tcvPenHzMpY=
13,-39,tXUB6SSdoPycJH1ndQiPs45ZENc=,fHSXXFwtxCltbDC+tcvPenHzMpY=
14,-39,tXUB6SSdoPycJH1ndQiPs45ZENc=,fHSXXFwtxCltbDC+tcvPenHzMpY=
15,-39,tXUB6SSdoPycJH1ndQiPs45ZENc=,fHSXXFwtxCltbDC+tcvPenHzMpY=
0,-38,tXUB6SSdoPycJH1ndQiPs45ZENc=,fHSXXFwtxCltbDC+tcvPenHzMpY=
1,-38,tXUB6SSdoPycJH1ndQiPs45ZENc=,fHSXXFwtxCltbDC+tcvPenHzMpY=
2,-38,tXUB6SSdoPycJH1ndQiPs45ZENc=,fHSXXFwtxCltbDC+tcvPenHzMpY=
3,-38,tXUB6SSdoPycJH1ndQiPs45ZENc=,fHSXXFwtxCltbDC+tcvPenHzMpY=
4,-38,tXUB6SSdoPycJH1ndQiPs45ZENc=,fHSXXFwtxCltbDC+tcvPenHzMpY=
5,-38,tXUB6SSdoPycJH1ndQiPs45ZENc=,fHSXXFwtxCltbDC+tcvPenHzMpY=
7,-38,tXUB6SSdoPycJH1ndQiPs45ZENc=,fHSXXFwtxCltbDC+tcvPenHzMpY=
6,-38,tXUB6SSdoPycJH1ndQiPs45ZENc=,fHSXXFwtxCltbDC+tcvPenHzMpY=
8,-38,tXUB6SSdoPycJH1ndQiPs45ZENc=,fHSXXFwtxCltbDC+tcvPenHzMpY=
9,-38,tXUB6SSdoPycJH1ndQiPs45ZENc=,fHSXXFwtxCltbDC+tcvPenHzMpY=
10,-38,tXUB6SSdoPycJH1ndQiPs45ZENc=,fHSXXFwtxCltbDC+tcvPenHzMpY=
11,-38,tXUB6SSdoPycJH1ndQiPs45ZENc=,fHSXXFwtxCltbDC+tcvPenHzMpY=
12,-38,tXUB6SSdoPycJH1ndQiPs45ZENc=,fHSXXFwtxCltbDC+tcvPenHzMpY=
14,-38,tXUB6SSdoPycJH1ndQiPs45ZENc=,fHSXXFwtxCltbDC+tcvPenHzMpY=
13,-38,tXUB6SSdoPycJH1ndQiPs45ZENc=,fHSXXFwtxCltbDC+tcvPenHzMpY=
15,-38,tXUB6SSdoPycJH1ndQiPs45ZENc=,fHSXXFwtxCltbDC+tcvPenHzMpY=
3,-37,tXUB6SSdoPycJH1ndQiPs45ZENc=,fHSXXFwtxCltbDC+tcvPenHzMpY=
2,-37,tXUB6SSdoPycJH1ndQiPs45ZENc=,fHSXXFwtxCltbDC+tcvPenHzMpY=
1,-37,tXUB6SSdoPycJH1ndQiPs45ZENc=,fHSXXFwtxCltbDC+tcvPenHzMpY=
0,-37,tXUB6SSdoPycJH1ndQiPs45ZENc=,fHSXXFwtxCltbDC+tcvPenHzMpY=
4,-37,tXUB6SSdoPycJH1ndQiPs45ZENc=,fHSXXFwtxCltbDC+tcvPenHzMpY=
9,-47,tXUB6SSdoPycJH1ndQiPs45ZENc=,fHSXXFwtxCltbDC+tcvPenHzMpY=
5,-37,tXUB6SSdoPycJH1ndQiPs45ZENc=,fHSXXFwtxCltbDC+tcvPenHzMpY=
6,-37,tXUB6SSdoPycJH1ndQiPs45ZENc=,fHSXXFwtxCltbDC+tcvPenHzMpY=
7,-37,tXUB6SSdoPycJH1ndQiPs45ZENc=,fHSXXFwtxCltbDC+tcvPenHzMpY=
8,-37,tXUB6SSdoPycJH1ndQiPs45ZENc=,fHSXXFwtxCltbDC+tcvPenHzMpY=
9,-37,tXUB6SSdoPycJH1ndQiPs45ZENc=,fHSXXFwtxCltbDC+tcvPenHzMpY=
10,-37,tXUB6SSdoPycJH1ndQiPs45ZENc=,fHSXXFwtxCltbDC+tcvPenHzMpY=
11,-37,tXUB6SSdoPycJH1ndQiPs45ZENc=,fHSXXFwtxCltbDC+tcvPenHzMpY=
12,-37,tXUB6SSdoPycJH1ndQiPs45ZENc=,fHSXXFwtxCltbDC+tcvPenHzMpY=
13,-37,tXUB6SSdoPycJH1ndQiPs45ZENc=,fHSXXFwtxCltbDC+tcvPenHzMpY=
14,-37,tXUB6SSdoPycJH1ndQiPs45ZENc=,fHSXXFwtxCltbDC+tcvPenHzMpY=
15,-37,tXUB6SSdoPycJH1ndQiPs45ZENc=,fHSXXFwtxCltbDC+tcvPenHzMpY=
0,-36,tXUB6SSdoPycJH1ndQiPs45ZENc=,fHSXXFwtxCltbDC+tcvPenHzMpY=
1,-36,tXUB6SSdoPycJH1ndQiPs45ZENc=,fHSXXFwtxCltbDC+tcvPenHzMpY=
2,-36,tXUB6SSdoPycJH1ndQiPs45ZENc=,fHSXXFwtxCltbDC+tcvPenHzMpY=
3,-36,tXUB6SSdoPycJH1ndQiPs45ZENc=,fHSXXFwtxCltbDC+tcvPenHzMpY=
10,-47,tXUB6SSdoPycJH1ndQiPs45ZENc=,fHSXXFwtxCltbDC+tcvPenHzMpY=
4,-36,tXUB6SSdoPycJH1ndQiPs45ZENc=,fHSXXFwtxCltbDC+tcvPenHzMpY=
5,-36,tXUB6SSdoPycJH1ndQiPs45ZENc=,fHSXXFwtxCltbDC+tcvPenHzMpY=
7,-36,tXUB6SSdoPycJH1ndQiPs45ZENc=,fHSXXFwtxCltbDC+tcvPenHzMpY=
6,-36,tXUB6SSdoPycJH1ndQiPs45ZENc=,fHSXXFwtxCltbDC+tcvPenHzMpY=
8,-36,tXUB6SSdoPycJH1ndQiPs45ZENc=,fHSXXFwtxCltbDC+tcvPenHzMpY=
9,-36,tXUB6SSdoPycJH1ndQiPs45ZENc=,fHSXXFwtxCltbDC+tcvPenHzMpY=
10,-36,tXUB6SSdoPycJH1ndQiPs45ZENc=,fHSXXFwtxCltbDC+tcvPenHzMpY=
12,-36,tXUB6SSdoPycJH1ndQiPs45ZENc=,fHSXXFwtxCltbDC+tcvPenHzMpY=
11,-36,tXUB6SSdoPycJH1ndQiPs45ZENc=,fHSXXFwtxCltbDC+tcvPenHzMpY=
13,-36,tXUB6SSdoPycJH1ndQiPs45ZENc=,fHSXXFwtxCltbDC+tcvPenHzMpY=
14,-36,tXUB6SSdoPycJH1ndQiPs45ZENc=,fHSXXFwtxCltbDC+tcvPenHzMpY=
15,-36,tXUB6SSdoPycJH1ndQiPs45ZENc=,fHSXXFwtxCltbDC+tcvPenHzMpY=
1,-35,tXUB6SSdoPycJH1ndQiPs45ZENc=,fHSXXFwtxCltbDC+tcvPenHzMpY=
2,-35,tXUB6SSdoPycJH1ndQiPs45ZENc=,fHSXXFwtxCltbDC+tcvPenHzMpY=
11,-47,tXUB6SSdoPycJH1ndQiPs45ZENc=,fHSXXFwtxCltbDC+tcvPenHzMpY=
3,-35,tXUB6SSdoPycJH1ndQiPs45ZENc=,fHSXXFwtxCltbDC+tcvPenHzMpY=
0,-35,tXUB6SSdoPycJH1ndQiPs45ZENc=,fHSXXFwtxCltbDC+tcvPenHzMpY=
4,-35,tXUB6SSdoPycJH1ndQiPs45ZENc=,fHSXXFwtxCltbDC+tcvPenHzMpY=
5,-35,tXUB6SSdoPycJH1ndQiPs45ZENc=,fHSXXFwtxCltbDC+tcvPenHzMpY=
6,-35,tXUB6SSdoPycJH1ndQiPs45ZENc=,fHSXXFwtxCltbDC+tcvPenHzMpY=
7,-35,tXUB6SSdoPycJH1ndQiPs45ZENc=,fHSXXFwtxCltbDC+tcvPenHzMpY=
8,-35,tXUB6SSdoPycJH1ndQiPs45ZENc=,fHSXXFwtxCltbDC+tcvPenHzMpY=
9,-35,tXUB6SSdoPycJH1ndQiPs45ZENc=,fHSXXFwtxCltbDC+tcvPenHzMpY=
10,-35,tXUB6SSdoPycJH1ndQiPs45ZENc=,fHSXXFwtxCltbDC+tcvPenHzMpY=
11,-35,tXUB6SSdoPycJH1ndQiPs45ZENc=,fHSXXFwtxCltbDC+tcvPenHzMpY=
12,-35,tXUB6SSdoPycJH1ndQiPs45ZENc=,fHSXXFwtxCltbDC+tcvPenHzMpY=
13,-35,tXUB6SSdoPycJH1ndQiPs45ZENc=,fHSXXFwtxCltbDC+tcvPenHzMpY=
14,-35,tXUB6SSdoPycJH1ndQiPs45ZENc=,fHSXXFwtxCltbDC+tcvPenHzMpY=
15,-35,tXUB6SSdoPycJH1ndQiPs45ZENc=,fHSXXFwtxCltbDC+tcvPenHzMpY=
0,-34,tXUB6SSdoPycJH1ndQiPs45ZENc=,fHSXXFwtxCltbDC+tcvPenHzMpY=
1,-34,tXUB6SSdoPycJH1ndQiPs45ZENc=,fHSXXFwtxCltbDC+tcvPenHzMpY=
12,-47,tXUB6SSdoPycJH1ndQiPs45ZENc=,fHSXXFwtxCltbDC+tcvPenHzMpY=
2,-34,tXUB6SSdoPycJH1ndQiPs45ZENc=,fHSXXFwtxCltbDC+tcvPenHzMpY=
3,-34,tXUB6SSdoPycJH1ndQiPs45ZENc=,fHSXXFwtxCltbDC+tcvPenHzMpY=
5,-34,tXUB6SSdoPycJH1ndQiPs45ZENc=,fHSXXFwtxCltbDC+tcvPenHzMpY=
4,-34,tXUB6SSdoPycJH1ndQiPs45ZENc=,fHSXXFwtxCltbDC+tcvPenHzMpY=
6,-34,tXUB6SSdoPycJH1ndQiPs45ZENc=,fHSXXFwtxCltbDC+tcvPenHzMpY=
7,-34,tXUB6SSdoPycJH1ndQiPs45ZENc=,fHSXXFwtxCltbDC+tcvPenHzMpY=
8,-34,tXUB6SSdoPycJH1ndQiPs45ZENc=,fHSXXFwtxCltbDC+tcvPenHzMpY=
9,-34,tXUB6SSdoPycJH1ndQiPs45ZENc=,fHSXXFwtxCltbDC+tcvPenHzMpY=
10,-34,tXUB6SSdoPycJH1ndQiPs45ZENc=,fHSXXFwtxCltbDC+tcvPenHzMpY=
11,-34,tXUB6SSdoPycJH1ndQiPs45ZENc=,fHSXXFwtxCltbDC+tcvPenHzMpY=
12,-34,tXUB6SSdoPycJH1ndQiPs45ZENc=,fHSXXFwtxCltbDC+tcvPenHzMpY=
13,-34,tXUB6SSdoPycJH1ndQiPs45ZENc=,fHSXXFwtxCltbDC+tcvPenHzMpY=
14,-34,tXUB6SSdoPycJH1ndQiPs45ZENc=,fHSXXFwtxCltbDC+tcvPenHzMpY=
15,-34,tXUB6SSdoPycJH1ndQiPs45ZENc=,fHSXXFwtxCltbDC+tcvPenHzMpY=
0,-33,tXUB6SSdoPycJH1ndQiPs45ZENc=,fHSXXFwtxCltbDC+tcvPenHzMpY=
13,-47,tXUB6SSdoPycJH1ndQiPs45ZENc=,fHSXXFwtxCltbDC+tcvPenHzMpY=
1,-33,tXUB6SSdoPycJH1ndQiPs45ZENc=,fHSXXFwtxCltbDC+tcvPenHzMpY=
2,-33,tXUB6SSdoPycJH1ndQiPs45ZENc=,fHSXXFwtxCltbDC+tcvPenHzMpY=
3,-33,tXUB6SSdoPycJH1ndQiPs45ZENc=,fHSXXFwtxCltbDC+tcvPenHzMpY=
4,-33,tXUB6SSdoPycJH1ndQiPs45ZENc=,fHSXXFwtxCltbDC+tcvPenHzMpY=
6,-33,tXUB6SSdoPycJH1ndQiPs45ZENc=,fHSXXFwtxCltbDC+tcvPenHzMpY=
5,-33,tXUB6SSdoPycJH1ndQiPs45ZENc=,fHSXXFwtxCltbDC+tcvPenHzMpY=
7,-33,tXUB6SSdoPycJH1ndQiPs45ZENc=,fHSXXFwtxCltbDC+tcvPenHzMpY=
8,-33,tXUB6SSdoPycJH1ndQiPs45ZENc=,fHSXXFwtxCltbDC+tcvPenHzMpY=
9,-33,tXUB6SSdoPycJH1ndQiPs45ZENc=,fHSXXFwtxCltbDC+tcvPenHzMpY=
10,-33,tXUB6SSdoPycJH1ndQiPs45ZENc=,fHSXXFwtxCltbDC+tcvPenHzMpY=
11,-33,tXUB6SSdoPycJH1ndQiPs45ZENc=,fHSXXFwtxCltbDC+tcvPenHzMpY=
12,-33,tXUB6SSdoPycJH1ndQiPs45ZENc=,fHSXXFwtxCltbDC+tcvPenHzMpY=
13,-33,tXUB6SSdoPycJH1ndQiPs45ZENc=,fHSXXFwtxCltbDC+tcvPenHzMpY=
14,-33,tXUB6SSdoPycJH1ndQiPs45ZENc=,fHSXXFwtxCltbDC+tcvPenHzMpY=
14,-47,tXUB6SSdoPycJH1ndQiPs45ZENc=,fHSXXFwtxCltbDC+tcvPenHzMpY=
8,-47,tXUB6SSdoPycJH1ndQiPs45ZENc=,fHSXXFwtxCltbDC+tcvPenHzMpY=
1,-48,tXUB6SSdoPycJH1ndQiPs45ZENc=,fHSXXFwtxCltbDC+tcvPenHzMpY=
31,-33,tXUB6SSdoPycJH1ndQiPs45ZENc=,fHSXXFwtxCltbDC+tcvPenHzMpY=
30,-33,tXUB6SSdoPycJH1ndQiPs45ZENc=,fHSXXFwtxCltbDC+tcvPenHzMpY=
17,-47,tXUB6SSdoPycJH1ndQiPs45ZENc=,fHSXXFwtxCltbDC+tcvPenHzMpY=
18,-47,tXUB6SSdoPycJH1ndQiPs45ZENc=,fHSXXFwtxCltbDC+tcvPenHzMpY=
29,-33,tXUB6SSdoPycJH1ndQiPs45ZENc=,fHSXXFwtxCltbDC+tcvPenHzMpY=
16,-47,tXUB6SSdoPycJH1ndQiPs45ZENc=,fHSXXFwtxCltbDC+tcvPenHzMpY=
19,-47,tXUB6SSdoPycJH1ndQiPs45ZENc=,fHSXXFwtxCltbDC+tcvPenHzMpY=
20,-47,tXUB6SSdoPycJH1ndQiPs45ZENc=,fHSXXFwtxCltbDC+tcvPenHzMpY=
27,-33,tXUB6SSdoPycJH1ndQiPs45ZENc=,fHSXXFwtxCltbDC+tcvPenHzMpY=
28,-33,tXUB6SSdoPycJH1ndQiPs45ZENc=,fHSXXFwtxCltbDC+tcvPenHzMpY=
21,-47,tXUB6SSdoPycJH1ndQiPs45ZENc=,fHSXXFwtxCltbDC+tcvPenHzMpY=
26,-33,tXUB6SSdoPycJH1ndQiPs45ZENc=,fHSXXFwtxCltbDC+tcvPenHzMpY=
22,-47,tXUB6SSdoPycJH1ndQiPs45ZENc=,fHSXXFwtxCltbDC+tcvPenHzMpY=
23,-47,tXUB6SSdoPycJH1ndQiPs45ZENc=,fHSXXFwtxCltbDC+tcvPenHzMpY=
24,-33,tXUB6SSdoPycJH1ndQiPs45ZENc=,fHSXXFwtxCltbDC+tcvPenHzMpY=
25,-33,tXUB6SSdoPycJH1ndQiPs45ZENc=,fHSXXFwtxCltbDC+tcvPenHzMpY=
24,-47,tXUB6SSdoPycJH1ndQiPs45ZENc=,fHSXXFwtxCltbDC+tcvPenHzMpY=
23,-33,tXUB6SSdoPycJH1ndQiPs45ZENc=,fHSXXFwtxCltbDC+tcvPenHzMpY=
25,-47,tXUB6SSdoPycJH1ndQiPs45ZENc=,fHSXXFwtxCltbDC+tcvPenHzMpY=
22,-33,tXUB6SSdoPycJH1ndQiPs45ZENc=,fHSXXFwtxCltbDC+tcvPenHzMpY=
26,-47,tXUB6SSdoPycJH1ndQiPs45ZENc=,fHSXXFwtxCltbDC+tcvPenHzMpY=
20,-33,tXUB6SSdoPycJH1ndQiPs45ZENc=,fHSXXFwtxCltbDC+tcvPenHzMpY=
27,-47,tXUB6SSdoPycJH1ndQiPs45ZENc=,fHSXXFwtxCltbDC+tcvPenHzMpY=
19,-33,tXUB6SSdoPycJH1ndQiPs45ZENc=,fHSXXFwtxCltbDC+tcvPenHzMpY=
28,-47,tXUB6SSdoPycJH1ndQiPs45ZENc=,fHSXXFwtxCltbDC+tcvPenHzMpY=
18,-33,tXUB6SSdoPycJH1ndQiPs45ZENc=,fHSXXFwtxCltbDC+tcvPenHzMpY=
29,-47,tXUB6SSdoPycJH1ndQiPs45ZENc=,fHSXXFwtxCltbDC+tcvPenHzMpY=
17,-33,tXUB6SSdoPycJH1ndQiPs45ZENc=,fHSXXFwtxCltbDC+tcvPenHzMpY=
30,-47,tXUB6SSdoPycJH1ndQiPs45ZENc=,fHSXXFwtxCltbDC+tcvPenHzMpY=
16,-33,tXUB6SSdoPycJH1ndQiPs45ZENc=,fHSXXFwtxCltbDC+tcvPenHzMpY=
31,-34,tXUB6SSdoPycJH1ndQiPs45ZENc=,fHSXXFwtxCltbDC+tcvPenHzMpY=
21,-33,tXUB6SSdoPycJH1ndQiPs45ZENc=,fHSXXFwtxCltbDC+tcvPenHzMpY=
16,-48,tXUB6SSdoPycJH1ndQiPs45ZENc=,fHSXXFwtxCltbDC+tcvPenHzMpY=
31,-47,tXUB6SSdoPycJH1ndQiPs45ZENc=,fHSXXFwtxCltbDC+tcvPenHzMpY=
30,-34,tXUB6SSdoPycJH1ndQiPs45ZENc=,fHSXXFwtxCltbDC+tcvPenHzMpY=
17,-48,tXUB6SSdoPycJH1ndQiPs45ZENc=,fHSXXFwtxCltbDC+tcvPenHzMpY=
29,-34,tXUB6SSdoPycJH1ndQiPs45ZENc=,fHSXXFwtxCltbDC+tcvPenHzMpY=
16,-46,tXUB6SSdoPycJH1ndQiPs45ZENc=,fHSXXFwtxCltbDC+tcvPenHzMpY=
31,-48,tXUB6SSdoPycJH1ndQiPs45ZENc=,fHSXXFwtxCltbDC+tcvPenHzMpY=
28,-34,tXUB6SSdoPycJH1ndQiPs45ZENc=,fHSXXFwtxCltbDC+tcvPenHzMpY=
17,-46,tXUB6SSdoPycJH1ndQiPs45ZENc=,fHSXXFwtxCltbDC+tcvPenHzMpY=
26,-34,tXUB6SSdoPycJH1ndQiPs45ZENc=,fHSXXFwtxCltbDC+tcvPenHzMpY=
18,-46,tXUB6SSdoPycJH1ndQiPs45ZENc=,fHSXXFwtxCltbDC+tcvPenHzMpY=
24,-34,tXUB6SSdoPycJH1ndQiPs45ZENc=,fHSXXFwtxCltbDC+tcvPenHzMpY=
19,-46,tXUB6SSdoPycJH1ndQiPs45ZENc=,fHSXXFwtxCltbDC+tcvPenHzMpY=
23,-34,tXUB6SSdoPycJH1ndQiPs45ZENc=,fHSXXFwtxCltbDC+tcvPenHzMpY=
25,-34,tXUB6SSdoPycJH1ndQiPs45ZENc=,fHSXXFwtxCltbDC+tcvPenHzMpY=
20,-46,tXUB6SSdoPycJH1ndQiPs45ZENc=,fHSXXFwtxCltbDC+tcvPenHzMpY=
22,-34,tXUB6SSdoPycJH1ndQiPs45ZENc=,fHSXXFwtxCltbDC+tcvPenHzMpY=
21,-46,tXUB6SSdoPycJH1ndQiPs45ZENc=,fHSXXFwtxCltbDC+tcvPenHzMpY=
21,-34,tXUB6SSdoPycJH1ndQiPs45ZENc=,fHSXXFwtxCltbDC+tcvPenHzMpY=
20,-34,tXUB6SSdoPycJH1ndQiPs45ZENc=,fHSXXFwtxCltbDC+tcvPenHzMpY=
27,-34,tXUB6SSdoPycJH1ndQiPs45ZENc=,fHSXXFwtxCltbDC+tcvPenHzMpY=
22,-46,tXUB6SSdoPycJH1ndQiPs45ZENc=,fHSXXFwtxCltbDC+tcvPenHzMpY=
19,-34,tXUB6SSdoPycJH1ndQiPs45ZENc=,fHSXXFwtxCltbDC+tcvPenHzMpY=
18,-34,tXUB6SSdoPycJH1ndQiPs45ZENc=,fHSXXFwtxCltbDC+tcvPenHzMpY=
23,-46,tXUB6SSdoPycJH1ndQiPs45ZENc=,fHSXXFwtxCltbDC+tcvPenHzMpY=
17,-34,tXUB6SSdoPycJH1ndQiPs45ZENc=,fHSXXFwtxCltbDC+tcvPenHzMpY=
24,-46,tXUB6SSdoPycJH1ndQiPs45ZENc=,fHSXXFwtxCltbDC+tcvPenHzMpY=
16,-34,tXUB6SSdoPycJH1ndQiPs45ZENc=,fHSXXFwtxCltbDC+tcvPenHzMpY=
25,-46,tXUB6SSdoPycJH1ndQiPs45ZENc=,fHSXXFwtxCltbDC+tcvPenHzMpY=
30,-48,tXUB6SSdoPycJH1ndQiPs45ZENc=,fHSXXFwtxCltbDC+tcvPenHzMpY=
31,-35,tXUB6SSdoPycJH1ndQiPs45ZENc=,fHSXXFwtxCltbDC+tcvPenHzMpY=
30,-35,tXUB6SSdoPycJH1ndQiPs45ZENc=,fHSXXFwtxCltbDC+tcvPenHzMpY=
26,-46,tXUB6SSdoPycJH1ndQiPs45ZENc=,fHSXXFwtxCltbDC+tcvPenHzMpY=
29,-35,tXUB6SSdoPycJH1ndQiPs45ZENc=,fHSXXFwtxCltbDC+tcvPenHzMpY=
27,-46,tXUB6SSdoPycJH1ndQiPs45ZENc=,fHSXXFwtxCltbDC+tcvPenHzMpY=
27,-35,tXUB6SSdoPycJH1ndQiPs45ZENc=,fHSXXFwtxCltbDC+tcvPenHzMpY=
26,-35,tXUB6SSdoPycJH1ndQiPs45ZENc=,fHSXXFwtxCltbDC+tcvPenHzMpY=
28,-35,tXUB6SSdoPycJH1ndQiPs45ZENc=,fHSXXFwtxCltbDC+tcvPenHzMpY=
28,-46,tXUB6SSdoPycJH1ndQiPs45ZENc=,fHSXXFwtxCltbDC+tcvPenHzMpY=
25,-35,tXUB6SSdoPycJH1ndQiPs45ZENc=,fHSXXFwtxCltbDC+tcvPenHzMpY=
24,-35,tXUB6SSdoPycJH1ndQiPs45ZENc=,fHSXXFwtxCltbDC+tcvPenHzMpY=
18,-48,tXUB6SSdoPycJH1ndQiPs45ZENc=,fHSXXFwtxCltbDC+tcvPenHzMpY=
23,-35,tXUB6SSdoPycJH1ndQiPs45ZENc=,fHSXXFwtxCltbDC+tcvPenHzMpY=
21,-35,tXUB6SSdoPycJH1ndQiPs45ZENc=,fHSXXFwtxCltbDC+tcvPenHzMpY=
22,-35,tXUB6SSdoPycJH1ndQiPs45ZENc=,fHSXXFwtxCltbDC+tcvPenHzMpY=
19,-35,tXUB6SSdoPycJH1ndQiPs45ZENc=,fHSXXFwtxCltbDC+tcvPenHzMpY=
20,-35,tXUB6SSdoPycJH1ndQiPs45ZENc=,fHSXXFwtxCltbDC+tcvPenHzMpY=
30,-46,tXUB6SSdoPycJH1ndQiPs45ZENc=,fHSXXFwtxCltbDC+tcvPenHzMpY=
18,-35,tXUB6SSdoPycJH1ndQiPs45ZENc=,fHSXXFwtxCltbDC+tcvPenHzMpY=
29,-46,tXUB6SSdoPycJH1ndQiPs45ZENc=,fHSXXFwtxCltbDC+tcvPenHzMpY=
17,-35,tXUB6SSdoPycJH1ndQiPs45ZENc=,fHSXXFwtxCltbDC+tcvPenHzMpY=
16,-35,tXUB6SSdoPycJH1ndQiPs45ZENc=,fHSXXFwtxCltbDC+tcvPenHzMpY=
19,-48,tXUB6SSdoPycJH1ndQiPs45ZENc=,fHSXXFwtxCltbDC+tcvPenHzMpY=
31,-36,tXUB6SSdoPycJH1ndQiPs45ZENc=,fHSXXFwtxCltbDC+tcvPenHzMpY=
31,-46,tXUB6SSdoPycJH1ndQiPs45ZENc=,fHSXXFwtxCltbDC+tcvPenHzMpY=
29,-48,tXUB6SSdoPycJH1ndQiPs45ZENc=,fHSXXFwtxCltbDC+tcvPenHzMpY=
30,-36,tXUB6SSdoPycJH1ndQiPs45ZENc=,fHSXXFwtxCltbDC+tcvPenHzMpY=
28,-36,tXUB6SSdoPycJH1ndQiPs45ZENc=,fHSXXFwtxCltbDC+tcvPenHzMpY=
29,-36,tXUB6SSdoPycJH1ndQiPs45ZENc=,fHSXXFwtxCltbDC+tcvPenHzMpY=
27,-36,tXUB6SSdoPycJH1ndQiPs45ZENc=,fHSXXFwtxCltbDC+tcvPenHzMpY=
26,-36,tXUB6SSdoPycJH1ndQiPs45ZENc=,fHSXXFwtxCltbDC+tcvPenHzMpY=
24,-36,tXUB6SSdoPycJH1ndQiPs45ZENc=,fHSXXFwtxCltbDC+tcvPenHzMpY=
23,-36,tXUB6SSdoPycJH1ndQiPs45ZENc=,fHSXXFwtxCltbDC+tcvPenHzMpY=
25,-36,tXUB6SSdoPycJH1ndQiPs45ZENc=,fHSXXFwtxCltbDC+tcvPenHzMpY=
21,-36,tXUB6SSdoPycJH1ndQiPs45ZENc=,fHSXXFwtxCltbDC+tcvPenHzMpY=
20,-36,tXUB6SSdoPycJH1ndQiPs45ZENc=,fHSXXFwtxCltbDC+tcvPenHzMpY=
22,-36,tXUB6SSdoPycJH1ndQiPs45ZENc=,fHSXXFwtxCltbDC+tcvPenHzMpY=
19,-36,tXUB6SSdoPycJH1ndQiPs45ZENc=,fHSXXFwtxCltbDC+tcvPenHzMpY=
17,-36,tXUB6SSdoPycJH1ndQiPs45ZENc=,fHSXXFwtxCltbDC+tcvPenHzMpY=
18,-36,tXUB6SSdoPycJH1ndQiPs45ZENc=,fHSXXFwtxCltbDC+tcvPenHzMpY=
16,-36,tXUB6SSdoPycJH1ndQiPs45ZENc=,fHSXXFwtxCltbDC+tcvPenHzMpY=
31,-37,tXUB6SSdoPycJH1ndQiPs45ZENc=,fHSXXFwtxCltbDC+tcvPenHzMpY=
28,-48,tXUB6SSdoPycJH1ndQiPs45ZENc=,fHSXXFwtxCltbDC+tcvPenHzMpY=
30,-37,tXUB6SSdoPycJH1ndQiPs45ZENc=,fHSXXFwtxCltbDC+tcvPenHzMpY=
29,-37,tXUB6SSdoPycJH1ndQiPs45ZENc=,fHSXXFwtxCltbDC+tcvPenHzMpY=
28,-37,tXUB6SSdoPycJH1ndQiPs45ZENc=,fHSXXFwtxCltbDC+tcvPenHzMpY=
26,-37,tXUB6SSdoPycJH1ndQiPs45ZENc=,fHSXXFwtxCltbDC+tcvPenHzMpY=
25,-37,tXUB6SSdoPycJH1ndQiPs45ZENc=,fHSXXFwtxCltbDC+tcvPenHzMpY=
22,-37,tXUB6SSdoPycJH1ndQiPs45ZENc=,fHSXXFwtxCltbDC+tcvPenHzMpY=
23,-37,tXUB6SSdoPycJH1ndQiPs45ZENc=,fHSXXFwtxCltbDC+tcvPenHzMpY=
24,-37,tXUB6SSdoPycJH1ndQiPs45ZENc=,fHSXXFwtxCltbDC+tcvPenHzMpY=
21,-37,tXUB6SSdoPycJH1ndQiPs45ZENc=,fHSXXFwtxCltbDC+tcvPenHzMpY=
27,-37,tXUB6SSdoPycJH1ndQiPs45ZENc=,fHSXXFwtxCltbDC+tcvPenHzMpY=
19,-37,tXUB6SSdoPycJH1ndQiPs45ZENc=,fHSXXFwtxCltbDC+tcvPenHzMpY=
20,-37,tXUB6SSdoPycJH1ndQiPs45ZENc=,fHSXXFwtxCltbDC+tcvPenHzMpY=
18,-37,tXUB6SSdoPycJH1ndQiPs45ZENc=,fHSXXFwtxCltbDC+tcvPenHzMpY=
16,-37,tXUB6SSdoPycJH1ndQiPs45ZENc=,fHSXXFwtxCltbDC+tcvPenHzMpY=
17,-37,tXUB6SSdoPycJH1ndQiPs45ZENc=,fHSXXFwtxCltbDC+tcvPenHzMpY=
31,-38,tXUB6SSdoPycJH1ndQiPs45ZENc=,fHSXXFwtxCltbDC+tcvPenHzMpY=
27,-48,tXUB6SSdoPycJH1ndQiPs45ZENc=,fHSXXFwtxCltbDC+tcvPenHzMpY=
30,-38,tXUB6SSdoPycJH1ndQiPs45ZENc=,fHSXXFwtxCltbDC+tcvPenHzMpY=
29,-38,tXUB6SSdoPycJH1ndQiPs45ZENc=,fHSXXFwtxCltbDC+tcvPenHzMpY=
28,-38,tXUB6SSdoPycJH1ndQiPs45ZENc=,fHSXXFwtxCltbDC+tcvPenHzMpY=
26,-38,tXUB6SSdoPycJH1ndQiPs45ZENc=,fHSXXFwtxCltbDC+tcvPenHzMpY=
24,-38,tXUB6SSdoPycJH1ndQiPs45ZENc=,fHSXXFwtxCltbDC+tcvPenHzMpY=
25,-38,tXUB6SSdoPycJH1ndQiPs45ZENc=,fHSXXFwtxCltbDC+tcvPenHzMpY=
22,-38,tXUB6SSdoPycJH1ndQiPs45ZENc=,fHSXXFwtxCltbDC+tcvPenHzMpY=
20,-38,tXUB6SSdoPycJH1ndQiPs45ZENc=,fHSXXFwtxCltbDC+tcvPenHzMpY=
21,-38,tXUB6SSdoPycJH1ndQiPs45ZENc=,fHSXXFwtxCltbDC+tcvPenHzMpY=
23,-38,tXUB6SSdoPycJH1ndQiPs45ZENc=,fHSXXFwtxCltbDC+tcvPenHzMpY=
27,-38,tXUB6SSdoPycJH1ndQiPs45ZENc=,fHSXXFwtxCltbDC+tcvPenHzMpY=
18,-38,tXUB6SSdoPycJH1ndQiPs45ZENc=,fHSXXFwtxCltbDC+tcvPenHzMpY=
19,-38,tXUB6SSdoPycJH1ndQiPs45ZENc=,fHSXXFwtxCltbDC+tcvPenHzMpY=
17,-38,tXUB6SSdoPycJH1ndQiPs45ZENc=,fHSXXFwtxCltbDC+tcvPenHzMpY=
16,-38,tXUB6SSdoPycJH1ndQiPs45ZENc=,fHSXXFwtxCltbDC+tcvPenHzMpY=
31,-39,tXUB6SSdoPycJH1ndQiPs45ZENc=,fHSXXFwtxCltbDC+tcvPenHzMpY=
26,-48,tXUB6SSdoPycJH1ndQiPs45ZENc=,fHSXXFwtxCltbDC+tcvPenHzMpY=
27,-39,tXUB6SSdoPycJH1ndQiPs45ZENc=,fHSXXFwtxCltbDC+tcvPenHzMpY=
30,-39,tXUB6SSdoPycJH1ndQiPs45ZENc=,fHSXXFwtxCltbDC+tcvPenHzMpY=
28,-39,tXUB6SSdoPycJH1ndQiPs45ZENc=,fHSXXFwtxCltbDC+tcvPenHzMpY=
29,-39,tXUB6SSdoPycJH1ndQiPs45ZENc=,fHSXXFwtxCltbDC+tcvPenHzMpY=
23,-39,tXUB6SSdoPycJH1ndQiPs45ZENc=,fHSXXFwtxCltbDC+tcvPenHzMpY=
24,-39,tXUB6SSdoPycJH1ndQiPs45ZENc=,fHSXXFwtxCltbDC+tcvPenHzMpY=
22,-39,tXUB6SSdoPycJH1ndQiPs45ZENc=,fHSXXFwtxCltbDC+tcvPenHzMpY=
21,-39,tXUB6SSdoPycJH1ndQiPs45ZENc=,fHSXXFwtxCltbDC+tcvPenHzMpY=
19,-39,tXUB6SSdoPycJH1ndQiPs45ZENc=,fHSXXFwtxCltbDC+tcvPenHzMpY=
26,-39,tXUB6SSdoPycJH1ndQiPs45ZENc=,fHSXXFwtxCltbDC+tcvPenHzMpY=
20,-39,tXUB6SSdoPycJH1ndQiPs45ZENc=,fHSXXFwtxCltbDC+tcvPenHzMpY=
25,-39,tXUB6SSdoPycJH1ndQiPs45ZENc=,fHSXXFwtxCltbDC+tcvPenHzMpY=
18,-39,tXUB6SSdoPycJH1ndQiPs45ZENc=,fHSXXFwtxCltbDC+tcvPenHzMpY=
17,-39,tXUB6SSdoPycJH1ndQiPs45ZENc=,fHSXXFwtxCltbDC+tcvPenHzMpY=
31,-40,tXUB6SSdoPycJH1ndQiPs45ZENc=,fHSXXFwtxCltbDC+tcvPenHzMpY=
16,-39,tXUB6SSdoPycJH1ndQiPs45ZENc=,fHSXXFwtxCltbDC+tcvPenHzMpY=
25,-48,tXUB6SSdoPycJH1ndQiPs45ZENc=,fHSXXFwtxCltbDC+tcvPenHzMpY=
30,-40,tXUB6SSdoPycJH1ndQiPs45ZENc=,fHSXXFwtxCltbDC+tcvPenHzMpY=
28,-40,tXUB6SSdoPycJH1ndQiPs45ZENc=,fHSXXFwtxCltbDC+tcvPenHzMpY=
29,-40,tXUB6SSdoPycJH1ndQiPs45ZENc=,fHSXXFwtxCltbDC+tcvPenHzMpY=
26,-40,tXUB6SSdoPycJH1ndQiPs45ZENc=,fHSXXFwtxCltbDC+tcvPenHzMpY=
25,-40,tXUB6SSdoPycJH1ndQiPs45ZENc=,fHSXXFwtxCltbDC+tcvPenHzMpY=
27,-40,tXUB6SSdoPycJH1ndQiPs45ZENc=,fHSXXFwtxCltbDC+tcvPenHzMpY=
24,-40,tXUB6SSdoPycJH1ndQiPs45ZENc=,fHSXXFwtxCltbDC+tcvPenHzMpY=
22,-40,tXUB6SSdoPycJH1ndQiPs45ZENc=,fHSXXFwtxCltbDC+tcvPenHzMpY=
20,-40,tXUB6SSdoPycJH1ndQiPs45ZENc=,fHSXXFwtxCltbDC+tcvPenHzMpY=
21,-40,tXUB6SSdoPycJH1ndQiPs45ZENc=,fHSXXFwtxCltbDC+tcvPenHzMpY=
23,-40,tXUB6SSdoPycJH1ndQiPs45ZENc=,fHSXXFwtxCltbDC+tcvPenHzMpY=
19,-40,tXUB6SSdoPycJH1ndQiPs45ZENc=,fHSXXFwtxCltbDC+tcvPenHzMpY=
16,-40,tXUB6SSdoPycJH1ndQiPs45ZENc=,fHSXXFwtxCltbDC+tcvPenHzMpY=
18,-40,tXUB6SSdoPycJH1ndQiPs45ZENc=,fHSXXFwtxCltbDC+tcvPenHzMpY=
31,-41,tXUB6SSdoPycJH1ndQiPs45ZENc=,fHSXXFwtxCltbDC+tcvPenHzMpY=
24,-48,tXUB6SSdoPycJH1ndQiPs45ZENc=,fHSXXFwtxCltbDC+tcvPenHzMpY=
17,-40,tXUB6SSdoPycJH1ndQiPs45ZENc=,fHSXXFwtxCltbDC+tcvPenHzMpY=
30,-41,tXUB6SSdoPycJH1ndQiPs45ZENc=,fHSXXFwtxCltbDC+tcvPenHzMpY=
29,-41,tXUB6SSdoPycJH1ndQiPs45ZENc=,fHSXXFwtxCltbDC+tcvPenHzMpY=
28,-41,tXUB6SSdoPycJH1ndQiPs45ZENc=,fHSXXFwtxCltbDC+tcvPenHzMpY=
27,-41,tXUB6SSdoPycJH1ndQiPs45ZENc=,fHSXXFwtxCltbDC+tcvPenHzMpY=
25,-41,tXUB6SSdoPycJH1ndQiPs45ZENc=,fHSXXFwtxCltbDC+tcvPenHzMpY=
23,-41,tXUB6SSdoPycJH1ndQiPs45ZENc=,fHSXXFwtxCltbDC+tcvPenHzMpY=
26,-41,tXUB6SSdoPycJH1ndQiPs45ZENc=,fHSXXFwtxCltbDC+tcvPenHzMpY=
22,-41,tXUB6SSdoPycJH1ndQiPs45ZENc=,fHSXXFwtxCltbDC+tcvPenHzMpY=
21,-41,tXUB6SSdoPycJH1ndQiPs45ZENc=,fHSXXFwtxCltbDC+tcvPenHzMpY=
19,-41,tXUB6SSdoPycJH1ndQiPs45ZENc=,fHSXXFwtxCltbDC+tcvPenHzMpY=
24,-41,tXUB6SSdoPycJH1ndQiPs45ZENc=,fHSXXFwtxCltbDC+tcvPenHzMpY=
20,-41,tXUB6SSdoPycJH1ndQiPs45ZENc=,fHSXXFwtxCltbDC+tcvPenHzMpY=
16,-41,tXUB6SSdoPycJH1ndQiPs45ZENc=,fHSXXFwtxCltbDC+tcvPenHzMpY=
18,-41,tXUB6SSdoPycJH1ndQiPs45ZENc=,fHSXXFwtxCltbDC+tcvPenHzMpY=
30,-42,tXUB6SSdoPycJH1ndQiPs45ZENc=,fHSXXFwtxCltbDC+tcvPenHzMpY=
23,-48,tXUB6SSdoPycJH1ndQiPs45ZENc=,fHSXXFwtxCltbDC+tcvPenHzMpY=
29,-42,tXUB6SSdoPycJH1ndQiPs45ZENc=,fHSXXFwtxCltbDC+tcvPenHzMpY=
17,-41,tXUB6SSdoPycJH1ndQiPs45ZENc=,fHSXXFwtxCltbDC+tcvPenHzMpY=
31,-42,tXUB6SSdoPycJH1ndQiPs45ZENc=,fHSXXFwtxCltbDC+tcvPenHzMpY=
27,-42,tXUB6SSdoPycJH1ndQiPs45ZENc=,fHSXXFwtxCltbDC+tcvPenHzMpY=
28,-42,tXUB6SSdoPycJH1ndQiPs45ZENc=,fHSXXFwtxCltbDC+tcvPenHzMpY=
26,-42,tXUB6SSdoPycJH1ndQiPs45ZENc=,fHSXXFwtxCltbDC+tcvPenHzMpY=
25,-42,tXUB6SSdoPycJH1ndQiPs45ZENc=,fHSXXFwtxCltbDC+tcvPenHzMpY=
24,-42,tXUB6SSdoPycJH1ndQiPs45ZENc=,fHSXXFwtxCltbDC+tcvPenHzMpY=
18,-42,tXUB6SSdoPycJH1ndQiPs45ZENc=,fHSXXFwtxCltbDC+tcvPenHzMpY=
17,-42,tXUB6SSdoPycJH1ndQiPs45ZENc=,fHSXXFwtxCltbDC+tcvPenHzMpY=
22,-42,tXUB6SSdoPycJH1ndQiPs45ZENc=,fHSXXFwtxCltbDC+tcvPenHzMpY=
19,-42,tXUB6SSdoPycJH1ndQiPs45ZENc=,fHSXXFwtxCltbDC+tcvPenHzMpY=
21,-42,tXUB6SSdoPycJH1ndQiPs45ZENc=,fHSXXFwtxCltbDC+tcvPenHzMpY=
20,-42,tXUB6SSdoPycJH1ndQiPs45ZENc=,fHSXXFwtxCltbDC+tcvPenHzMpY=
23,-42,tXUB6SSdoPycJH1ndQiPs45ZENc=,fHSXXFwtxCltbDC+tcvPenHzMpY=
22,-48,tXUB6SSdoPycJH1ndQiPs45ZENc=,fHSXXFwtxCltbDC+tcvPenHzMpY=
31,-43,tXUB6SSdoPycJH1ndQiPs45ZENc=,fHSXXFwtxCltbDC+tcvPenHzMpY=
16,-42,tXUB6SSdoPycJH1ndQiPs45ZENc=,fHSXXFwtxCltbDC+tcvPenHzMpY=
30,-43,tXUB6SSdoPycJH1ndQiPs45ZENc=,fHSXXFwtxCltbDC+tcvPenHzMpY=
29,-43,tXUB6SSdoPycJH1ndQiPs45ZENc=,fHSXXFwtxCltbDC+tcvPenHzMpY=
25,-43,tXUB6SSdoPycJH1ndQiPs45ZENc=,fHSXXFwtxCltbDC+tcvPenHzMpY=
24,-43,tXUB6SSdoPycJH1ndQiPs45ZENc=,fHSXXFwtxCltbDC+tcvPenHzMpY=
26,-43,tXUB6SSdoPycJH1ndQiPs45ZENc=,fHSXXFwtxCltbDC+tcvPenHzMpY=
23,-43,tXUB6SSdoPycJH1ndQiPs45ZENc=,fHSXXFwtxCltbDC+tcvPenHzMpY=
28,-43,tXUB6SSdoPycJH1ndQiPs45ZENc=,fHSXXFwtxCltbDC+tcvPenHzMpY=
20,-43,tXUB6SSdoPycJH1ndQiPs45ZENc=,fHSXXFwtxCltbDC+tcvPenHzMpY=
22,-43,tXUB6SSdoPycJH1ndQiPs45ZENc=,fHSXXFwtxCltbDC+tcvPenHzMpY=
21,-43,tXUB6SSdoPycJH1ndQiPs45ZENc=,fHSXXFwtxCltbDC+tcvPenHzMpY=
18,-43,tXUB6SSdoPycJH1ndQiPs45ZENc=,fHSXXFwtxCltbDC+tcvPenHzMpY=
27,-43,tXUB6SSdoPycJH1ndQiPs45ZENc=,fHSXXFwtxCltbDC+tcvPenHzMpY=
16,-43,tXUB6SSdoPycJH1ndQiPs45ZENc=,fHSXXFwtxCltbDC+tcvPenHzMpY=
17,-43,tXUB6SSdoPycJH1ndQiPs45ZENc=,fHSXXFwtxCltbDC+tcvPenHzMpY=
21,-48,tXUB6SSdoPycJH1ndQiPs45ZENc=,fHSXXFwtxCltbDC+tcvPenHzMpY=
31,-44,tXUB6SSdoPycJH1ndQiPs45ZENc=,fHSXXFwtxCltbDC+tcvPenHzMpY=
30,-44,tXUB6SSdoPycJH1ndQiPs45ZENc=,fHSXXFwtxCltbDC+tcvPenHzMpY=
29,-44,tXUB6SSdoPycJH1ndQiPs45ZENc=,fHSXXFwtxCltbDC+tcvPenHzMpY=
19,-43,tXUB6SSdoPycJH1ndQiPs45ZENc=,fHSXXFwtxCltbDC+tcvPenHzMpY=
28,-44,tXUB6SSdoPycJH1ndQiPs45ZENc=,fHSXXFwtxCltbDC+tcvPenHzMpY=
27,-44,tXUB6SSdoPycJH1ndQiPs45ZENc=,fHSXXFwtxCltbDC+tcvPenHzMpY=
24,-44,tXUB6SSdoPycJH1ndQiPs45ZENc=,fHSXXFwtxCltbDC+tcvPenHzMpY=
26,-44,tXUB6SSdoPycJH1ndQiPs45ZENc=,fHSXXFwtxCltbDC+tcvPenHzMpY=
23,-44,tXUB6SSdoPycJH1ndQiPs45ZENc=,fHSXXFwtxCltbDC+tcvPenHzMpY=
21,-44,tXUB6SSdoPycJH1ndQiPs45ZENc=,fHSXXFwtxCltbDC+tcvPenHzMpY=
16,-44,tXUB6SSdoPycJH1ndQiPs45ZENc=,fHSXXFwtxCltbDC+tcvPenHzMpY=
20,-44,tXUB6SSdoPycJH1ndQiPs45ZENc=,fHSXXFwtxCltbDC+tcvPenHzMpY=
25,-44,tXUB6SSdoPycJH1ndQiPs45ZENc=,fHSXXFwtxCltbDC+tcvPenHzMpY=
17,-44,tXUB6SSdoPycJH1ndQiPs45ZENc=,fHSXXFwtxCltbDC+tcvPenHzMpY=
19,-44,tXUB6SSdoPycJH1ndQiPs45ZENc=,fHSXXFwtxCltbDC+tcvPenHzMpY=
22,-44,tXUB6SSdoPycJH1ndQiPs45ZENc=,fHSXXFwtxCltbDC+tcvPenHzMpY=
31,-45,tXUB6SSdoPycJH1ndQiPs45ZENc=,fHSXXFwtxCltbDC+tcvPenHzMpY=
20,-48,tXUB6SSdoPycJH1ndQiPs45ZENc=,fHSXXFwtxCltbDC+tcvPenHzMpY=
30,-45,tXUB6SSdoPycJH1ndQiPs45ZENc=,fHSXXFwtxCltbDC+tcvPenHzMpY=
18,-44,tXUB6SSdoPycJH1ndQiPs45ZENc=,fHSXXFwtxCltbDC+tcvPenHzMpY=
29,-45,tXUB6SSdoPycJH1ndQiPs45ZENc=,fHSXXFwtxCltbDC+tcvPenHzMpY=
28,-45,tXUB6SSdoPycJH1ndQiPs45ZENc=,fHSXXFwtxCltbDC+tcvPenHzMpY=
26,-45,tXUB6SSdoPycJH1ndQiPs45ZENc=,fHSXXFwtxCltbDC+tcvPenHzMpY=
27,-45,tXUB6SSdoPycJH1ndQiPs45ZENc=,fHSXXFwtxCltbDC+tcvPenHzMpY=
22,-45,tXUB6SSdoPycJH1ndQiPs45ZENc=,fHSXXFwtxCltbDC+tcvPenHzMpY=
20,-45,tXUB6SSdoPycJH1ndQiPs45ZENc=,fHSXXFwtxCltbDC+tcvPenHzMpY=
21,-45,tXUB6SSdoPycJH1ndQiPs45ZENc=,fHSXXFwtxCltbDC+tcvPenHzMpY=
23,-45,tXUB6SSdoPycJH1ndQiPs45ZENc=,fHSXXFwtxCltbDC+tcvPenHzMpY=
24,-45,tXUB6SSdoPycJH1ndQiPs45ZENc=,fHSXXFwtxCltbDC+tcvPenHzMpY=
25,-45,tXUB6SSdoPycJH1ndQiPs45ZENc=,fHSXXFwtxCltbDC+tcvPenHzMpY=
18,-45,tXUB6SSdoPycJH1ndQiPs45ZENc=,fHSXXFwtxCltbDC+tcvPenHzMpY=
19,-45,tXUB6SSdoPycJH1ndQiPs45ZENc=,fHSXXFwtxCltbDC+tcvPenHzMpY=
17,-45,tXUB6SSdoPycJH1ndQiPs45ZENc=,fHSXXFwtxCltbDC+tcvPenHzMpY=
16,-45,tXUB6SSdoPycJH1ndQiPs45ZENc=,fHSXXFwtxCltbDC+tcvPenHzMpY=
