-20,51,yzW9K0qo07UTEVdek3OuZvOpvEQ=,Ii7ZrwpzW9LJr+d4Bf3ovk6zteU=
-18,50,yzW9K0qo07UTEVdek3OuZvOpvEQ=,Ii7ZrwpzW9LJr+d4Bf3ovk6zteU=
-28,48,yzW9K0qo07UTEVdek3OuZvOpvEQ=,Ii7ZrwpzW9LJr+d4Bf3ovk6zteU=
-19,51,yzW9K0qo07UTEVdek3OuZvOpvEQ=,Ii7ZrwpzW9LJr+d4Bf3ovk6zteU=
-18,51,yzW9K0qo07UTEVdek3OuZvOpvEQ=,Ii7ZrwpzW9LJr+d4Bf3ovk6zteU=
-17,51,yzW9K0qo07UTEVdek3OuZvOpvEQ=,Ii7ZrwpzW9LJr+d4Bf3ovk6zteU=
-32,52,yzW9K0qo07UTEVdek3OuZvOpvEQ=,Ii7ZrwpzW9LJr+d4Bf3ovk6zteU=
-17,63,yzW9K0qo07UTEVdek3OuZvOpvEQ=,Ii7ZrwpzW9LJr+d4Bf3ovk6zteU=
-19,50,yzW9K0qo07UTEVdek3OuZvOpvEQ=,Ii7ZrwpzW9LJr+d4Bf3ovk6zteU=
-17,49,yzW9K0qo07UTEVdek3OuZvOpvEQ=,Ii7ZrwpzW9LJr+d4Bf3ovk6zteU=
-20,50,yzW9K0qo07UTEVdek3OuZvOpvEQ=,Ii7ZrwpzW9LJr+d4Bf3ovk6zteU=
-21,51,yzW9K0qo07UTEVdek3OuZvOpvEQ=,Ii7ZrwpzW9LJr+d4Bf3ovk6zteU=
-21,50,yzW9K0qo07UTEVdek3OuZvOpvEQ=,Ii7ZrwpzW9LJr+d4Bf3ovk6zteU=
-18,63,yzW9K0qo07UTEVdek3OuZvOpvEQ=,Ii7ZrwpzW9LJr+d4Bf3ovk6zteU=
-19,63,yzW9K0qo07UTEVdek3OuZvOpvEQ=,Ii7ZrwpzW9LJr+d4Bf3ovk6zteU=
-20,63,yzW9K0qo07UTEVdek3OuZvOpvEQ=,Ii7ZrwpzW9LJr+d4Bf3ovk6zteU=
-21,63,yzW9K0qo07UTEVdek3OuZvOpvEQ=,Ii7ZrwpzW9LJr+d4Bf3ovk6zteU=
-23,50,yzW9K0qo07UTEVdek3OuZvOpvEQ=,Ii7ZrwpzW9LJr+d4Bf3ovk6zteU=
-22,63,yzW9K0qo07UTEVdek3OuZvOpvEQ=,Ii7ZrwpzW9LJr+d4Bf3ovk6zteU=
-22,50,yzW9K0qo07UTEVdek3OuZvOpvEQ=,Ii7ZrwpzW9LJr+d4Bf3ovk6zteU=
-23,63,yzW9K0qo07UTEVdek3OuZvOpvEQ=,Ii7ZrwpzW9LJr+d4Bf3ovk6zteU=
-25,63,yzW9K0qo07UTEVdek3OuZvOpvEQ=,Ii7ZrwpzW9LJr+d4Bf3ovk6zteU=
-26,63,yzW9K0qo07UTEVdek3OuZvOpvEQ=,Ii7ZrwpzW9LJr+d4Bf3ovk6zteU=
-27,63,yzW9K0qo07UTEVdek3OuZvOpvEQ=,Ii7ZrwpzW9LJr+d4Bf3ovk6zteU=
-28,63,yzW9K0qo07UTEVdek3OuZvOpvEQ=,Ii7ZrwpzW9LJr+d4Bf3ovk6zteU=
-24,50,yzW9K0qo07UTEVdek3OuZvOpvEQ=,Ii7ZrwpzW9LJr+d4Bf3ovk6zteU=
-25,50,yzW9K0qo07UTEVdek3OuZvOpvEQ=,Ii7ZrwpzW9LJr+d4Bf3ovk6zteU=
-24,63,yzW9K0qo07UTEVdek3OuZvOpvEQ=,Ii7ZrwpzW9LJr+d4Bf3ovk6zteU=
-26,50,yzW9K0qo07UTEVdek3OuZvOpvEQ=,Ii7ZrwpzW9LJr+d4Bf3ovk6zteU=
-27,50,yzW9K0qo07UTEVdek3OuZvOpvEQ=,Ii7ZrwpzW9LJr+d4Bf3ovk6zteU=
-28,50,yzW9K0qo07UTEVdek3OuZvOpvEQ=,Ii7ZrwpzW9LJr+d4Bf3ovk6zteU=
-29,50,yzW9K0qo07UTEVdek3OuZvOpvEQ=,Ii7ZrwpzW9LJr+d4Bf3ovk6zteU=
-31,50,yzW9K0qo07UTEVdek3OuZvOpvEQ=,Ii7ZrwpzW9LJr+d4Bf3ovk6zteU=
-30,50,yzW9K0qo07UTEVdek3OuZvOpvEQ=,Ii7ZrwpzW9LJr+d4Bf3ovk6zteU=
-32,50,yzW9K0qo07UTEVdek3OuZvOpvEQ=,Ii7ZrwpzW9LJr+d4Bf3ovk6zteU=
-30,63,yzW9K0qo07UTEVdek3OuZvOpvEQ=,Ii7ZrwpzW9LJr+d4Bf3ovk6zteU=
-30,48,yzW9K0qo07UTEVdek3OuZvOpvEQ=,Ii7ZrwpzW9LJr+d4Bf3ovk6zteU=
-22,51,yzW9K0qo07UTEVdek3OuZvOpvEQ=,Ii7ZrwpzW9LJr+d4Bf3ovk6zteU=
-18,49,yzW9K0qo07UTEVdek3OuZvOpvEQ=,Ii7ZrwpzW9LJr+d4Bf3ovk6zteU=
-32,63,yzW9K0qo07UTEVdek3OuZvOpvEQ=,Ii7ZrwpzW9LJr+d4Bf3ovk6zteU=
-17,62,yzW9K0qo07UTEVdek3OuZvOpvEQ=,Ii7ZrwpzW9LJr+d4Bf3ovk6zteU=
-29,63,yzW9K0qo07UTEVdek3OuZvOpvEQ=,Ii7ZrwpzW9LJr+d4Bf3ovk6zteU=
-18,62,yzW9K0qo07UTEVdek3OuZvOpvEQ=,Ii7ZrwpzW9LJr+d4Bf3ovk6zteU=
-31,63,yzW9K0qo07UTEVdek3OuZvOpvEQ=,Ii7ZrwpzW9LJr+d4Bf3ovk6zteU=
-19,62,yzW9K0qo07UTEVdek3OuZvOpvEQ=,Ii7ZrwpzW9LJr+d4Bf3ovk6zteU=
-20,62,yzW9K0qo07UTEVdek3OuZvOpvEQ=,Ii7ZrwpzW9LJr+d4Bf3ovk6zteU=
-22,62,yzW9K0qo07UTEVdek3OuZvOpvEQ=,Ii7ZrwpzW9LJr+d4Bf3ovk6zteU=
-23,62,yzW9K0qo07UTEVdek3OuZvOpvEQ=,Ii7ZrwpzW9LJr+d4Bf3ovk6zteU=
-21,62,yzW9K0qo07UTEVdek3OuZvOpvEQ=,Ii7ZrwpzW9LJr+d4Bf3ovk6zteU=
-25,62,yzW9K0qo07UTEVdek3OuZvOpvEQ=,Ii7ZrwpzW9LJr+d4Bf3ovk6zteU=
-24,62,yzW9K0qo07UTEVdek3OuZvOpvEQ=,Ii7ZrwpzW9LJr+d4Bf3ovk6zteU=
-27,62,yzW9K0qo07UTEVdek3OuZvOpvEQ=,Ii7ZrwpzW9LJr+d4Bf3ovk6zteU=
-29,62,yzW9K0qo07UTEVdek3OuZvOpvEQ=,Ii7ZrwpzW9LJr+d4Bf3ovk6zteU=
-26,62,yzW9K0qo07UTEVdek3OuZvOpvEQ=,Ii7ZrwpzW9LJr+d4Bf3ovk6zteU=
-30,62,yzW9K0qo07UTEVdek3OuZvOpvEQ=,Ii7ZrwpzW9LJr+d4Bf3ovk6zteU=
-32,49,yzW9K0qo07UTEVdek3OuZvOpvEQ=,Ii7ZrwpzW9LJr+d4Bf3ovk6zteU=
-31,62,yzW9K0qo07UTEVdek3OuZvOpvEQ=,Ii7ZrwpzW9LJr+d4Bf3ovk6zteU=
-31,48,yzW9K0qo07UTEVdek3OuZvOpvEQ=,Ii7ZrwpzW9LJr+d4Bf3ovk6zteU=
-28,62,yzW9K0qo07UTEVdek3OuZvOpvEQ=,Ii7ZrwpzW9LJr+d4Bf3ovk6zteU=
-23,51,yzW9K0qo07UTEVdek3OuZvOpvEQ=,Ii7ZrwpzW9LJr+d4Bf3ovk6zteU=
-31,49,yzW9K0qo07UTEVdek3OuZvOpvEQ=,Ii7ZrwpzW9LJr+d4Bf3ovk6zteU=
-32,62,yzW9K0qo07UTEVdek3OuZvOpvEQ=,Ii7ZrwpzW9LJr+d4Bf3ovk6zteU=
-17,61,yzW9K0qo07UTEVdek3OuZvOpvEQ=,Ii7ZrwpzW9LJr+d4Bf3ovk6zteU=
-18,61,yzW9K0qo07UTEVdek3OuZvOpvEQ=,Ii7ZrwpzW9LJr+d4Bf3ovk6zteU=
-21,61,yzW9K0qo07UTEVdek3OuZvOpvEQ=,Ii7ZrwpzW9LJr+d4Bf3ovk6zteU=
-20,61,yzW9K0qo07UTEVdek3OuZvOpvEQ=,Ii7ZrwpzW9LJr+d4Bf3ovk6zteU=
-19,61,yzW9K0qo07UTEVdek3OuZvOpvEQ=,Ii7ZrwpzW9LJr+d4Bf3ovk6zteU=
-22,61,yzW9K0qo07UTEVdek3OuZvOpvEQ=,Ii7ZrwpzW9LJr+d4Bf3ovk6zteU=
-23,61,yzW9K0qo07UTEVdek3OuZvOpvEQ=,Ii7ZrwpzW9LJr+d4Bf3ovk6zteU=
-24,61,yzW9K0qo07UTEVdek3OuZvOpvEQ=,Ii7ZrwpzW9LJr+d4Bf3ovk6zteU=
-28,61,yzW9K0qo07UTEVdek3OuZvOpvEQ=,Ii7ZrwpzW9LJr+d4Bf3ovk6zteU=
-29,61,yzW9K0qo07UTEVdek3OuZvOpvEQ=,Ii7ZrwpzW9LJr+d4Bf3ovk6zteU=
-25,61,yzW9K0qo07UTEVdek3OuZvOpvEQ=,Ii7ZrwpzW9LJr+d4Bf3ovk6zteU=
-27,61,yzW9K0qo07UTEVdek3OuZvOpvEQ=,Ii7ZrwpzW9LJr+d4Bf3ovk6zteU=
-19,49,yzW9K0qo07UTEVdek3OuZvOpvEQ=,Ii7ZrwpzW9LJr+d4Bf3ovk6zteU=
-30,61,yzW9K0qo07UTEVdek3OuZvOpvEQ=,Ii7ZrwpzW9LJr+d4Bf3ovk6zteU=
-24,51,yzW9K0qo07UTEVdek3OuZvOpvEQ=,Ii7ZrwpzW9LJr+d4Bf3ovk6zteU=
-26,61,yzW9K0qo07UTEVdek3OuZvOpvEQ=,Ii7ZrwpzW9LJr+d4Bf3ovk6zteU=
-20,49,yzW9K0qo07UTEVdek3OuZvOpvEQ=,Ii7ZrwpzW9LJr+d4Bf3ovk6zteU=
-17,48,yzW9K0qo07UTEVdek3OuZvOpvEQ=,Ii7ZrwpzW9LJr+d4Bf3ovk6zteU=
-31,61,yzW9K0qo07UTEVdek3OuZvOpvEQ=,Ii7ZrwpzW9LJr+d4Bf3ovk6zteU=
-32,61,yzW9K0qo07UTEVdek3OuZvOpvEQ=,Ii7ZrwpzW9LJr+d4Bf3ovk6zteU=
-17,60,yzW9K0qo07UTEVdek3OuZvOpvEQ=,Ii7ZrwpzW9LJr+d4Bf3ovk6zteU=
-19,60,yzW9K0qo07UTEVdek3OuZvOpvEQ=,Ii7ZrwpzW9LJr+d4Bf3ovk6zteU=
-18,60,yzW9K0qo07UTEVdek3OuZvOpvEQ=,Ii7ZrwpzW9LJr+d4Bf3ovk6zteU=
-22,60,yzW9K0qo07UTEVdek3OuZvOpvEQ=,Ii7ZrwpzW9LJr+d4Bf3ovk6zteU=
-21,60,yzW9K0qo07UTEVdek3OuZvOpvEQ=,Ii7ZrwpzW9LJr+d4Bf3ovk6zteU=
-20,60,yzW9K0qo07UTEVdek3OuZvOpvEQ=,Ii7ZrwpzW9LJr+d4Bf3ovk6zteU=
-23,60,yzW9K0qo07UTEVdek3OuZvOpvEQ=,Ii7ZrwpzW9LJr+d4Bf3ovk6zteU=
-26,60,yzW9K0qo07UTEVdek3OuZvOpvEQ=,Ii7ZrwpzW9LJr+d4Bf3ovk6zteU=
-25,60,yzW9K0qo07UTEVdek3OuZvOpvEQ=,Ii7ZrwpzW9LJr+d4Bf3ovk6zteU=
-24,60,yzW9K0qo07UTEVdek3OuZvOpvEQ=,Ii7ZrwpzW9LJr+d4Bf3ovk6zteU=
-27,60,yzW9K0qo07UTEVdek3OuZvOpvEQ=,Ii7ZrwpzW9LJr+d4Bf3ovk6zteU=
-18,48,yzW9K0qo07UTEVdek3OuZvOpvEQ=,Ii7ZrwpzW9LJr+d4Bf3ovk6zteU=
-17,59,yzW9K0qo07UTEVdek3OuZvOpvEQ=,Ii7ZrwpzW9LJr+d4Bf3ovk6zteU=
-28,60,yzW9K0qo07UTEVdek3OuZvOpvEQ=,Ii7ZrwpzW9LJr+d4Bf3ovk6zteU=
-18,59,yzW9K0qo07UTEVdek3OuZvOpvEQ=,Ii7ZrwpzW9LJr+d4Bf3ovk6zteU=
-19,59,yzW9K0qo07UTEVdek3OuZvOpvEQ=,Ii7ZrwpzW9LJr+d4Bf3ovk6zteU=
-25,51,yzW9K0qo07UTEVdek3OuZvOpvEQ=,Ii7ZrwpzW9LJr+d4Bf3ovk6zteU=
-20,59,yzW9K0qo07UTEVdek3OuZvOpvEQ=,Ii7ZrwpzW9LJr+d4Bf3ovk6zteU=
-22,59,yzW9K0qo07UTEVdek3OuZvOpvEQ=,Ii7ZrwpzW9LJr+d4Bf3ovk6zteU=
-21,59,yzW9K0qo07UTEVdek3OuZvOpvEQ=,Ii7ZrwpzW9LJr+d4Bf3ovk6zteU=
-23,59,yzW9K0qo07UTEVdek3OuZvOpvEQ=,Ii7ZrwpzW9LJr+d4Bf3ovk6zteU=
-24,59,yzW9K0qo07UTEVdek3OuZvOpvEQ=,Ii7ZrwpzW9LJr+d4Bf3ovk6zteU=
-26,59,yzW9K0qo07UTEVdek3OuZvOpvEQ=,Ii7ZrwpzW9LJr+d4Bf3ovk6zteU=
-19,48,yzW9K0qo07UTEVdek3OuZvOpvEQ=,Ii7ZrwpzW9LJr+d4Bf3ovk6zteU=
-27,59,yzW9K0qo07UTEVdek3OuZvOpvEQ=,Ii7ZrwpzW9LJr+d4Bf3ovk6zteU=
-31,59,yzW9K0qo07UTEVdek3OuZvOpvEQ=,Ii7ZrwpzW9LJr+d4Bf3ovk6zteU=
-29,59,yzW9K0qo07UTEVdek3OuZvOpvEQ=,Ii7ZrwpzW9LJr+d4Bf3ovk6zteU=
-25,59,yzW9K0qo07UTEVdek3OuZvOpvEQ=,Ii7ZrwpzW9LJr+d4Bf3ovk6zteU=
-28,59,yzW9K0qo07UTEVdek3OuZvOpvEQ=,Ii7ZrwpzW9LJr+d4Bf3ovk6zteU=
-30,59,yzW9K0qo07UTEVdek3OuZvOpvEQ=,Ii7ZrwpzW9LJr+d4Bf3ovk6zteU=
-22,49,yzW9K0qo07UTEVdek3OuZvOpvEQ=,Ii7ZrwpzW9LJr+d4Bf3ovk6zteU=
-30,60,yzW9K0qo07UTEVdek3OuZvOpvEQ=,Ii7ZrwpzW9LJr+d4Bf3ovk6zteU=
-26,51,yzW9K0qo07UTEVdek3OuZvOpvEQ=,Ii7ZrwpzW9LJr+d4Bf3ovk6zteU=
-32,59,yzW9K0qo07UTEVdek3OuZvOpvEQ=,Ii7ZrwpzW9LJr+d4Bf3ovk6zteU=
-17,58,yzW9K0qo07UTEVdek3OuZvOpvEQ=,Ii7ZrwpzW9LJr+d4Bf3ovk6zteU=
-18,58,yzW9K0qo07UTEVdek3OuZvOpvEQ=,Ii7ZrwpzW9LJr+d4Bf3ovk6zteU=
-19,58,yzW9K0qo07UTEVdek3OuZvOpvEQ=,Ii7ZrwpzW9LJr+d4Bf3ovk6zteU=
-22,58,yzW9K0qo07UTEVdek3OuZvOpvEQ=,Ii7ZrwpzW9LJr+d4Bf3ovk6zteU=
-32,60,yzW9K0qo07UTEVdek3OuZvOpvEQ=,Ii7ZrwpzW9LJr+d4Bf3ovk6zteU=
-23,58,yzW9K0qo07UTEVdek3OuZvOpvEQ=,Ii7ZrwpzW9LJr+d4Bf3ovk6zteU=
-20,58,yzW9K0qo07UTEVdek3OuZvOpvEQ=,Ii7ZrwpzW9LJr+d4Bf3ovk6zteU=
-21,58,yzW9K0qo07UTEVdek3OuZvOpvEQ=,Ii7ZrwpzW9LJr+d4Bf3ovk6zteU=
-25,58,yzW9K0qo07UTEVdek3OuZvOpvEQ=,Ii7ZrwpzW9LJr+d4Bf3ovk6zteU=
-29,60,yzW9K0qo07UTEVdek3OuZvOpvEQ=,Ii7ZrwpzW9LJr+d4Bf3ovk6zteU=
-27,51,yzW9K0qo07UTEVdek3OuZvOpvEQ=,Ii7ZrwpzW9LJr+d4Bf3ovk6zteU=
-26,58,yzW9K0qo07UTEVdek3OuZvOpvEQ=,Ii7ZrwpzW9LJr+d4Bf3ovk6zteU=
-20,48,yzW9K0qo07UTEVdek3OuZvOpvEQ=,Ii7ZrwpzW9LJr+d4Bf3ovk6zteU=
-27,58,yzW9K0qo07UTEVdek3OuZvOpvEQ=,Ii7ZrwpzW9LJr+d4Bf3ovk6zteU=
-28,58,yzW9K0qo07UTEVdek3OuZvOpvEQ=,Ii7ZrwpzW9LJr+d4Bf3ovk6zteU=
-29,58,yzW9K0qo07UTEVdek3OuZvOpvEQ=,Ii7ZrwpzW9LJr+d4Bf3ovk6zteU=
-30,58,yzW9K0qo07UTEVdek3OuZvOpvEQ=,Ii7ZrwpzW9LJr+d4Bf3ovk6zteU=
-31,58,yzW9K0qo07UTEVdek3OuZvOpvEQ=,Ii7ZrwpzW9LJr+d4Bf3ovk6zteU=
-23,49,yzW9K0qo07UTEVdek3OuZvOpvEQ=,Ii7ZrwpzW9LJr+d4Bf3ovk6zteU=
-24,58,yzW9K0qo07UTEVdek3OuZvOpvEQ=,Ii7ZrwpzW9LJr+d4Bf3ovk6zteU=
-19,57,yzW9K0qo07UTEVdek3OuZvOpvEQ=,Ii7ZrwpzW9LJr+d4Bf3ovk6zteU=
-31,60,yzW9K0qo07UTEVdek3OuZvOpvEQ=,Ii7ZrwpzW9LJr+d4Bf3ovk6zteU=
-32,58,yzW9K0qo07UTEVdek3OuZvOpvEQ=,Ii7ZrwpzW9LJr+d4Bf3ovk6zteU=
-18,57,yzW9K0qo07UTEVdek3OuZvOpvEQ=,Ii7ZrwpzW9LJr+d4Bf3ovk6zteU=
-20,57,yzW9K0qo07UTEVdek3OuZvOpvEQ=,Ii7ZrwpzW9LJr+d4Bf3ovk6zteU=
-17,57,yzW9K0qo07UTEVdek3OuZvOpvEQ=,Ii7ZrwpzW9LJr+d4Bf3ovk6zteU=
-21,57,yzW9K0qo07UTEVdek3OuZvOpvEQ=,Ii7ZrwpzW9LJr+d4Bf3ovk6zteU=
-22,57,yzW9K0qo07UTEVdek3OuZvOpvEQ=,Ii7ZrwpzW9LJr+d4Bf3ovk6zteU=
-24,57,yzW9K0qo07UTEVdek3OuZvOpvEQ=,Ii7ZrwpzW9LJr+d4Bf3ovk6zteU=
-21,49,yzW9K0qo07UTEVdek3OuZvOpvEQ=,Ii7ZrwpzW9LJr+d4Bf3ovk6zteU=
-23,57,yzW9K0qo07UTEVdek3OuZvOpvEQ=,Ii7ZrwpzW9LJr+d4Bf3ovk6zteU=
-25,57,yzW9K0qo07UTEVdek3OuZvOpvEQ=,Ii7ZrwpzW9LJr+d4Bf3ovk6zteU=
-28,51,yzW9K0qo07UTEVdek3OuZvOpvEQ=,Ii7ZrwpzW9LJr+d4Bf3ovk6zteU=
-21,48,yzW9K0qo07UTEVdek3OuZvOpvEQ=,Ii7ZrwpzW9LJr+d4Bf3ovk6zteU=
-27,57,yzW9K0qo07UTEVdek3OuZvOpvEQ=,Ii7ZrwpzW9LJr+d4Bf3ovk6zteU=
-30,57,yzW9K0qo07UTEVdek3OuZvOpvEQ=,Ii7ZrwpzW9LJr+d4Bf3ovk6zteU=
-29,57,yzW9K0qo07UTEVdek3OuZvOpvEQ=,Ii7ZrwpzW9LJr+d4Bf3ovk6zteU=
-31,57,yzW9K0qo07UTEVdek3OuZvOpvEQ=,Ii7ZrwpzW9LJr+d4Bf3ovk6zteU=
-32,57,yzW9K0qo07UTEVdek3OuZvOpvEQ=,Ii7ZrwpzW9LJr+d4Bf3ovk6zteU=
-28,57,yzW9K0qo07UTEVdek3OuZvOpvEQ=,Ii7ZrwpzW9LJr+d4Bf3ovk6zteU=
-24,49,yzW9K0qo07UTEVdek3OuZvOpvEQ=,Ii7ZrwpzW9LJr+d4Bf3ovk6zteU=
-19,56,yzW9K0qo07UTEVdek3OuZvOpvEQ=,Ii7ZrwpzW9LJr+d4Bf3ovk6zteU=
-20,56,yzW9K0qo07UTEVdek3OuZvOpvEQ=,Ii7ZrwpzW9LJr+d4Bf3ovk6zteU=
-21,56,yzW9K0qo07UTEVdek3OuZvOpvEQ=,Ii7ZrwpzW9LJr+d4Bf3ovk6zteU=
-22,56,yzW9K0qo07UTEVdek3OuZvOpvEQ=,Ii7ZrwpzW9LJr+d4Bf3ovk6zteU=
-24,56,yzW9K0qo07UTEVdek3OuZvOpvEQ=,Ii7ZrwpzW9LJr+d4Bf3ovk6zteU=
-22,48,yzW9K0qo07UTEVdek3OuZvOpvEQ=,Ii7ZrwpzW9LJr+d4Bf3ovk6zteU=
-23,56,yzW9K0qo07UTEVdek3OuZvOpvEQ=,Ii7ZrwpzW9LJr+d4Bf3ovk6zteU=
-26,57,yzW9K0qo07UTEVdek3OuZvOpvEQ=,Ii7ZrwpzW9LJr+d4Bf3ovk6zteU=
-29,51,yzW9K0qo07UTEVdek3OuZvOpvEQ=,Ii7ZrwpzW9LJr+d4Bf3ovk6zteU=
-27,56,yzW9K0qo07UTEVdek3OuZvOpvEQ=,Ii7ZrwpzW9LJr+d4Bf3ovk6zteU=
-17,56,yzW9K0qo07UTEVdek3OuZvOpvEQ=,Ii7ZrwpzW9LJr+d4Bf3ovk6zteU=
-30,56,yzW9K0qo07UTEVdek3OuZvOpvEQ=,Ii7ZrwpzW9LJr+d4Bf3ovk6zteU=
-28,56,yzW9K0qo07UTEVdek3OuZvOpvEQ=,Ii7ZrwpzW9LJr+d4Bf3ovk6zteU=
-25,56,yzW9K0qo07UTEVdek3OuZvOpvEQ=,Ii7ZrwpzW9LJr+d4Bf3ovk6zteU=
-31,56,yzW9K0qo07UTEVdek3OuZvOpvEQ=,Ii7ZrwpzW9LJr+d4Bf3ovk6zteU=
-25,49,yzW9K0qo07UTEVdek3OuZvOpvEQ=,Ii7ZrwpzW9LJr+d4Bf3ovk6zteU=
-29,56,yzW9K0qo07UTEVdek3OuZvOpvEQ=,Ii7ZrwpzW9LJr+d4Bf3ovk6zteU=
-32,56,yzW9K0qo07UTEVdek3OuZvOpvEQ=,Ii7ZrwpzW9LJr+d4Bf3ovk6zteU=
-26,56,yzW9K0qo07UTEVdek3OuZvOpvEQ=,Ii7ZrwpzW9LJr+d4Bf3ovk6zteU=
-21,55,yzW9K0qo07UTEVdek3OuZvOpvEQ=,Ii7ZrwpzW9LJr+d4Bf3ovk6zteU=
-22,55,yzW9K0qo07UTEVdek3OuZvOpvEQ=,Ii7ZrwpzW9LJr+d4Bf3ovk6zteU=
-23,55,yzW9K0qo07UTEVdek3OuZvOpvEQ=,Ii7ZrwpzW9LJr+d4Bf3ovk6zteU=
-20,55,yzW9K0qo07UTEVdek3OuZvOpvEQ=,Ii7ZrwpzW9LJr+d4Bf3ovk6zteU=
-19,55,yzW9K0qo07UTEVdek3OuZvOpvEQ=,Ii7ZrwpzW9LJr+d4Bf3ovk6zteU=
-23,48,yzW9K0qo07UTEVdek3OuZvOpvEQ=,Ii7ZrwpzW9LJr+d4Bf3ovk6zteU=
-26,55,yzW9K0qo07UTEVdek3OuZvOpvEQ=,Ii7ZrwpzW9LJr+d4Bf3ovk6zteU=
-25,55,yzW9K0qo07UTEVdek3OuZvOpvEQ=,Ii7ZrwpzW9LJr+d4Bf3ovk6zteU=
-30,51,yzW9K0qo07UTEVdek3OuZvOpvEQ=,Ii7ZrwpzW9LJr+d4Bf3ovk6zteU=
-24,55,yzW9K0qo07UTEVdek3OuZvOpvEQ=,Ii7ZrwpzW9LJr+d4Bf3ovk6zteU=
-27,55,yzW9K0qo07UTEVdek3OuZvOpvEQ=,Ii7ZrwpzW9LJr+d4Bf3ovk6zteU=
-32,55,yzW9K0qo07UTEVdek3OuZvOpvEQ=,Ii7ZrwpzW9LJr+d4Bf3ovk6zteU=
-30,55,yzW9K0qo07UTEVdek3OuZvOpvEQ=,Ii7ZrwpzW9LJr+d4Bf3ovk6zteU=
-29,55,yzW9K0qo07UTEVdek3OuZvOpvEQ=,Ii7ZrwpzW9LJr+d4Bf3ovk6zteU=
-31,55,yzW9K0qo07UTEVdek3OuZvOpvEQ=,Ii7ZrwpzW9LJr+d4Bf3ovk6zteU=
-26,49,yzW9K0qo07UTEVdek3OuZvOpvEQ=,Ii7ZrwpzW9LJr+d4Bf3ovk6zteU=
-28,55,yzW9K0qo07UTEVdek3OuZvOpvEQ=,Ii7ZrwpzW9LJr+d4Bf3ovk6zteU=
-17,54,yzW9K0qo07UTEVdek3OuZvOpvEQ=,Ii7ZrwpzW9LJr+d4Bf3ovk6zteU=
-19,54,yzW9K0qo07UTEVdek3OuZvOpvEQ=,Ii7ZrwpzW9LJr+d4Bf3ovk6zteU=
-18,54,yzW9K0qo07UTEVdek3OuZvOpvEQ=,Ii7ZrwpzW9LJr+d4Bf3ovk6zteU=
-22,54,yzW9K0qo07UTEVdek3OuZvOpvEQ=,Ii7ZrwpzW9LJr+d4Bf3ovk6zteU=
-20,54,yzW9K0qo07UTEVdek3OuZvOpvEQ=,Ii7ZrwpzW9LJr+d4Bf3ovk6zteU=
-21,54,yzW9K0qo07UTEVdek3OuZvOpvEQ=,Ii7ZrwpzW9LJr+d4Bf3ovk6zteU=
-24,48,yzW9K0qo07UTEVdek3OuZvOpvEQ=,Ii7ZrwpzW9LJr+d4Bf3ovk6zteU=
-23,54,yzW9K0qo07UTEVdek3OuZvOpvEQ=,Ii7ZrwpzW9LJr+d4Bf3ovk6zteU=
-24,54,yzW9K0qo07UTEVdek3OuZvOpvEQ=,Ii7ZrwpzW9LJr+d4Bf3ovk6zteU=
-25,54,yzW9K0qo07UTEVdek3OuZvOpvEQ=,Ii7ZrwpzW9LJr+d4Bf3ovk6zteU=
-31,51,yzW9K0qo07UTEVdek3OuZvOpvEQ=,Ii7ZrwpzW9LJr+d4Bf3ovk6zteU=
-29,54,yzW9K0qo07UTEVdek3OuZvOpvEQ=,Ii7ZrwpzW9LJr+d4Bf3ovk6zteU=
-27,54,yzW9K0qo07UTEVdek3OuZvOpvEQ=,Ii7ZrwpzW9LJr+d4Bf3ovk6zteU=
-28,54,yzW9K0qo07UTEVdek3OuZvOpvEQ=,Ii7ZrwpzW9LJr+d4Bf3ovk6zteU=
-30,54,yzW9K0qo07UTEVdek3OuZvOpvEQ=,Ii7ZrwpzW9LJr+d4Bf3ovk6zteU=
-31,54,yzW9K0qo07UTEVdek3OuZvOpvEQ=,Ii7ZrwpzW9LJr+d4Bf3ovk6zteU=
-32,54,yzW9K0qo07UTEVdek3OuZvOpvEQ=,Ii7ZrwpzW9LJr+d4Bf3ovk6zteU=
-27,49,yzW9K0qo07UTEVdek3OuZvOpvEQ=,Ii7ZrwpzW9LJr+d4Bf3ovk6zteU=
-26,54,yzW9K0qo07UTEVdek3OuZvOpvEQ=,Ii7ZrwpzW9LJr+d4Bf3ovk6zteU=
-18,53,yzW9K0qo07UTEVdek3OuZvOpvEQ=,Ii7ZrwpzW9LJr+d4Bf3ovk6zteU=
-21,53,yzW9K0qo07UTEVdek3OuZvOpvEQ=,Ii7ZrwpzW9LJr+d4Bf3ovk6zteU=
-19,53,yzW9K0qo07UTEVdek3OuZvOpvEQ=,Ii7ZrwpzW9LJr+d4Bf3ovk6zteU=
-17,53,yzW9K0qo07UTEVdek3OuZvOpvEQ=,Ii7ZrwpzW9LJr+d4Bf3ovk6zteU=
-20,53,yzW9K0qo07UTEVdek3OuZvOpvEQ=,Ii7ZrwpzW9LJr+d4Bf3ovk6zteU=
-25,48,yzW9K0qo07UTEVdek3OuZvOpvEQ=,Ii7ZrwpzW9LJr+d4Bf3ovk6zteU=
-32,51,yzW9K0qo07UTEVdek3OuZvOpvEQ=,Ii7ZrwpzW9LJr+d4Bf3ovk6zteU=
-28,49,yzW9K0qo07UTEVdek3OuZvOpvEQ=,Ii7ZrwpzW9LJr+d4Bf3ovk6zteU=
-22,53,yzW9K0qo07UTEVdek3OuZvOpvEQ=,Ii7ZrwpzW9LJr+d4Bf3ovk6zteU=
-24,53,yzW9K0qo07UTEVdek3OuZvOpvEQ=,Ii7ZrwpzW9LJr+d4Bf3ovk6zteU=
-25,53,yzW9K0qo07UTEVdek3OuZvOpvEQ=,Ii7ZrwpzW9LJr+d4Bf3ovk6zteU=
-26,53,yzW9K0qo07UTEVdek3OuZvOpvEQ=,Ii7ZrwpzW9LJr+d4Bf3ovk6zteU=
-28,53,yzW9K0qo07UTEVdek3OuZvOpvEQ=,Ii7ZrwpzW9LJr+d4Bf3ovk6zteU=
-23,53,yzW9K0qo07UTEVdek3OuZvOpvEQ=,Ii7ZrwpzW9LJr+d4Bf3ovk6zteU=
-27,53,yzW9K0qo07UTEVdek3OuZvOpvEQ=,Ii7ZrwpzW9LJr+d4Bf3ovk6zteU=
-29,53,yzW9K0qo07UTEVdek3OuZvOpvEQ=,Ii7ZrwpzW9LJr+d4Bf3ovk6zteU=
-31,53,yzW9K0qo07UTEVdek3OuZvOpvEQ=,Ii7ZrwpzW9LJr+d4Bf3ovk6zteU=
-29,49,yzW9K0qo07UTEVdek3OuZvOpvEQ=,Ii7ZrwpzW9LJr+d4Bf3ovk6zteU=
-30,53,yzW9K0qo07UTEVdek3OuZvOpvEQ=,Ii7ZrwpzW9LJr+d4Bf3ovk6zteU=
-17,52,yzW9K0qo07UTEVdek3OuZvOpvEQ=,Ii7ZrwpzW9LJr+d4Bf3ovk6zteU=
-32,53,yzW9K0qo07UTEVdek3OuZvOpvEQ=,Ii7ZrwpzW9LJr+d4Bf3ovk6zteU=
-18,52,yzW9K0qo07UTEVdek3OuZvOpvEQ=,Ii7ZrwpzW9LJr+d4Bf3ovk6zteU=
-19,52,yzW9K0qo07UTEVdek3OuZvOpvEQ=,Ii7ZrwpzW9LJr+d4Bf3ovk6zteU=
-26,48,yzW9K0qo07UTEVdek3OuZvOpvEQ=,Ii7ZrwpzW9LJr+d4Bf3ovk6zteU=
-17,50,yzW9K0qo07UTEVdek3OuZvOpvEQ=,Ii7ZrwpzW9LJr+d4Bf3ovk6zteU=
-32,48,yzW9K0qo07UTEVdek3OuZvOpvEQ=,Ii7ZrwpzW9LJr+d4Bf3ovk6zteU=
-21,52,yzW9K0qo07UTEVdek3OuZvOpvEQ=,Ii7ZrwpzW9LJr+d4Bf3ovk6zteU=
-22,52,yzW9K0qo07UTEVdek3OuZvOpvEQ=,Ii7ZrwpzW9LJr+d4Bf3ovk6zteU=
-24,52,yzW9K0qo07UTEVdek3OuZvOpvEQ=,Ii7ZrwpzW9LJr+d4Bf3ovk6zteU=
-20,52,yzW9K0qo07UTEVdek3OuZvOpvEQ=,Ii7ZrwpzW9LJr+d4Bf3ovk6zteU=
-25,52,yzW9K0qo07UTEVdek3OuZvOpvEQ=,Ii7ZrwpzW9LJr+d4Bf3ovk6zteU=
-23,52,yzW9K0qo07UTEVdek3OuZvOpvEQ=,Ii7ZrwpzW9LJr+d4Bf3ovk6zteU=
-28,52,yzW9K0qo07UTEVdek3OuZvOpvEQ=,Ii7ZrwpzW9LJr+d4Bf3ovk6zteU=
-29,52,yzW9K0qo07UTEVdek3OuZvOpvEQ=,Ii7ZrwpzW9LJr+d4Bf3ovk6zteU=
-26,52,yzW9K0qo07UTEVdek3OuZvOpvEQ=,Ii7ZrwpzW9LJr+d4Bf3ovk6zteU=
-30,52,yzW9K0qo07UTEVdek3OuZvOpvEQ=,Ii7ZrwpzW9LJr+d4Bf3ovk6zteU=
-27,52,yzW9K0qo07UTEVdek3OuZvOpvEQ=,Ii7ZrwpzW9LJr+d4Bf3ovk6zteU=
-30,49,yzW9K0qo07UTEVdek3OuZvOpvEQ=,Ii7ZrwpzW9LJr+d4Bf3ovk6zteU=
-31,52,yzW9K0qo07UTEVdek3OuZvOpvEQ=,Ii7ZrwpzW9LJr+d4Bf3ovk6zteU=
-27,48,yzW9K0qo07UTEVdek3OuZvOpvEQ=,Ii7ZrwpzW9LJr+d4Bf3ovk6zteU=
-18,56,yzW9K0qo07UTEVdek3OuZvOpvEQ=,Ii7ZrwpzW9LJr+d4Bf3ovk6zteU=
-17,55,yzW9K0qo07UTEVdek3OuZvOpvEQ=,Ii7ZrwpzW9LJr+d4Bf3ovk6zteU=
-18,55,yzW9K0qo07UTEVdek3OuZvOpvEQ=,Ii7ZrwpzW9LJr+d4Bf3ovk6zteU=
-29,48,yzW9K0qo07UTEVdek3OuZvOpvEQ=,Ii7ZrwpzW9LJr+d4Bf3ovk6zteU=
-4,51,XvB2ISHOk353k4+S6jGIlXC/E9A=,hw9tELHdrfwkPdcH32rTcjYee20=
-2,50,XvB2ISHOk353k4+S6jGIlXC/E9A=,hw9tELHdrfwkPdcH32rTcjYee20=
-12,48,XvB2ISHOk353k4+S6jGIlXC/E9A=,hw9tELHdrfwkPdcH32rTcjYee20=
-3,51,XvB2ISHOk353k4+S6jGIlXC/E9A=,hw9tELHdrfwkPdcH32rTcjYee20=
-4,50,XvB2ISHOk353k4+S6jGIlXC/E9A=,hw9tELHdrfwkPdcH32rTcjYee20=
-1,63,XvB2ISHOk353k4+S6jGIlXC/E9A=,hw9tELHdrfwkPdcH32rTcjYee20=
-5,50,XvB2ISHOk353k4+S6jGIlXC/E9A=,hw9tELHdrfwkPdcH32rTcjYee20=
-6,50,XvB2ISHOk353k4+S6jGIlXC/E9A=,hw9tELHdrfwkPdcH32rTcjYee20=
-7,50,XvB2ISHOk353k4+S6jGIlXC/E9A=,hw9tELHdrfwkPdcH32rTcjYee20=
-8,50,XvB2ISHOk353k4+S6jGIlXC/E9A=,hw9tELHdrfwkPdcH32rTcjYee20=
-1,49,XvB2ISHOk353k4+S6jGIlXC/E9A=,hw9tELHdrfwkPdcH32rTcjYee20=
-5,51,XvB2ISHOk353k4+S6jGIlXC/E9A=,hw9tELHdrfwkPdcH32rTcjYee20=
-9,50,XvB2ISHOk353k4+S6jGIlXC/E9A=,hw9tELHdrfwkPdcH32rTcjYee20=
-11,50,XvB2ISHOk353k4+S6jGIlXC/E9A=,hw9tELHdrfwkPdcH32rTcjYee20=
-2,63,XvB2ISHOk353k4+S6jGIlXC/E9A=,hw9tELHdrfwkPdcH32rTcjYee20=
-3,63,XvB2ISHOk353k4+S6jGIlXC/E9A=,hw9tELHdrfwkPdcH32rTcjYee20=
-4,63,XvB2ISHOk353k4+S6jGIlXC/E9A=,hw9tELHdrfwkPdcH32rTcjYee20=
-5,63,XvB2ISHOk353k4+S6jGIlXC/E9A=,hw9tELHdrfwkPdcH32rTcjYee20=
-6,63,XvB2ISHOk353k4+S6jGIlXC/E9A=,hw9tELHdrfwkPdcH32rTcjYee20=
-7,63,XvB2ISHOk353k4+S6jGIlXC/E9A=,hw9tELHdrfwkPdcH32rTcjYee20=
-8,63,XvB2ISHOk353k4+S6jGIlXC/E9A=,hw9tELHdrfwkPdcH32rTcjYee20=
-12,50,XvB2ISHOk353k4+S6jGIlXC/E9A=,hw9tELHdrfwkPdcH32rTcjYee20=
-9,63,XvB2ISHOk353k4+S6jGIlXC/E9A=,hw9tELHdrfwkPdcH32rTcjYee20=
-13,50,XvB2ISHOk353k4+S6jGIlXC/E9A=,hw9tELHdrfwkPdcH32rTcjYee20=
-14,50,XvB2ISHOk353k4+S6jGIlXC/E9A=,hw9tELHdrfwkPdcH32rTcjYee20=
-15,50,XvB2ISHOk353k4+S6jGIlXC/E9A=,hw9tELHdrfwkPdcH32rTcjYee20=
-16,50,XvB2ISHOk353k4+S6jGIlXC/E9A=,hw9tELHdrfwkPdcH32rTcjYee20=
-10,63,XvB2ISHOk353k4+S6jGIlXC/E9A=,hw9tELHdrfwkPdcH32rTcjYee20=
-12,63,XvB2ISHOk353k4+S6jGIlXC/E9A=,hw9tELHdrfwkPdcH32rTcjYee20=
-14,48,XvB2ISHOk353k4+S6jGIlXC/E9A=,hw9tELHdrfwkPdcH32rTcjYee20=
-14,63,XvB2ISHOk353k4+S6jGIlXC/E9A=,hw9tELHdrfwkPdcH32rTcjYee20=
-6,51,XvB2ISHOk353k4+S6jGIlXC/E9A=,hw9tELHdrfwkPdcH32rTcjYee20=
-13,63,XvB2ISHOk353k4+S6jGIlXC/E9A=,hw9tELHdrfwkPdcH32rTcjYee20=
-15,63,XvB2ISHOk353k4+S6jGIlXC/E9A=,hw9tELHdrfwkPdcH32rTcjYee20=
-16,63,XvB2ISHOk353k4+S6jGIlXC/E9A=,hw9tELHdrfwkPdcH32rTcjYee20=
-10,50,XvB2ISHOk353k4+S6jGIlXC/E9A=,hw9tELHdrfwkPdcH32rTcjYee20=
-11,63,XvB2ISHOk353k4+S6jGIlXC/E9A=,hw9tELHdrfwkPdcH32rTcjYee20=
-2,49,XvB2ISHOk353k4+S6jGIlXC/E9A=,hw9tELHdrfwkPdcH32rTcjYee20=
-2,62,XvB2ISHOk353k4+S6jGIlXC/E9A=,hw9tELHdrfwkPdcH32rTcjYee20=
-3,62,XvB2ISHOk353k4+S6jGIlXC/E9A=,hw9tELHdrfwkPdcH32rTcjYee20=
-4,62,XvB2ISHOk353k4+S6jGIlXC/E9A=,hw9tELHdrfwkPdcH32rTcjYee20=
-5,62,XvB2ISHOk353k4+S6jGIlXC/E9A=,hw9tELHdrfwkPdcH32rTcjYee20=
-6,62,XvB2ISHOk353k4+S6jGIlXC/E9A=,hw9tELHdrfwkPdcH32rTcjYee20=
-7,62,XvB2ISHOk353k4+S6jGIlXC/E9A=,hw9tELHdrfwkPdcH32rTcjYee20=
-8,62,XvB2ISHOk353k4+S6jGIlXC/E9A=,hw9tELHdrfwkPdcH32rTcjYee20=
-9,62,XvB2ISHOk353k4+S6jGIlXC/E9A=,hw9tELHdrfwkPdcH32rTcjYee20=
-10,62,XvB2ISHOk353k4+S6jGIlXC/E9A=,hw9tELHdrfwkPdcH32rTcjYee20=
-12,62,XvB2ISHOk353k4+S6jGIlXC/E9A=,hw9tELHdrfwkPdcH32rTcjYee20=
-13,62,XvB2ISHOk353k4+S6jGIlXC/E9A=,hw9tELHdrfwkPdcH32rTcjYee20=
-14,62,XvB2ISHOk353k4+S6jGIlXC/E9A=,hw9tELHdrfwkPdcH32rTcjYee20=
-11,62,XvB2ISHOk353k4+S6jGIlXC/E9A=,hw9tELHdrfwkPdcH32rTcjYee20=
-15,49,XvB2ISHOk353k4+S6jGIlXC/E9A=,hw9tELHdrfwkPdcH32rTcjYee20=
-7,51,XvB2ISHOk353k4+S6jGIlXC/E9A=,hw9tELHdrfwkPdcH32rTcjYee20=
-16,49,XvB2ISHOk353k4+S6jGIlXC/E9A=,hw9tELHdrfwkPdcH32rTcjYee20=
-15,62,XvB2ISHOk353k4+S6jGIlXC/E9A=,hw9tELHdrfwkPdcH32rTcjYee20=
-15,48,XvB2ISHOk353k4+S6jGIlXC/E9A=,hw9tELHdrfwkPdcH32rTcjYee20=
-16,62,XvB2ISHOk353k4+S6jGIlXC/E9A=,hw9tELHdrfwkPdcH32rTcjYee20=
-2,61,XvB2ISHOk353k4+S6jGIlXC/E9A=,hw9tELHdrfwkPdcH32rTcjYee20=
-1,61,XvB2ISHOk353k4+S6jGIlXC/E9A=,hw9tELHdrfwkPdcH32rTcjYee20=
-3,61,XvB2ISHOk353k4+S6jGIlXC/E9A=,hw9tELHdrfwkPdcH32rTcjYee20=
-4,61,XvB2ISHOk353k4+S6jGIlXC/E9A=,hw9tELHdrfwkPdcH32rTcjYee20=
-5,61,XvB2ISHOk353k4+S6jGIlXC/E9A=,hw9tELHdrfwkPdcH32rTcjYee20=
-6,61,XvB2ISHOk353k4+S6jGIlXC/E9A=,hw9tELHdrfwkPdcH32rTcjYee20=
-7,61,XvB2ISHOk353k4+S6jGIlXC/E9A=,hw9tELHdrfwkPdcH32rTcjYee20=
-8,61,XvB2ISHOk353k4+S6jGIlXC/E9A=,hw9tELHdrfwkPdcH32rTcjYee20=
-9,61,XvB2ISHOk353k4+S6jGIlXC/E9A=,hw9tELHdrfwkPdcH32rTcjYee20=
-10,61,XvB2ISHOk353k4+S6jGIlXC/E9A=,hw9tELHdrfwkPdcH32rTcjYee20=
-11,61,XvB2ISHOk353k4+S6jGIlXC/E9A=,hw9tELHdrfwkPdcH32rTcjYee20=
-12,61,XvB2ISHOk353k4+S6jGIlXC/E9A=,hw9tELHdrfwkPdcH32rTcjYee20=
-13,61,XvB2ISHOk353k4+S6jGIlXC/E9A=,hw9tELHdrfwkPdcH32rTcjYee20=
-1,62,XvB2ISHOk353k4+S6jGIlXC/E9A=,hw9tELHdrfwkPdcH32rTcjYee20=
-3,49,XvB2ISHOk353k4+S6jGIlXC/E9A=,hw9tELHdrfwkPdcH32rTcjYee20=
-8,51,XvB2ISHOk353k4+S6jGIlXC/E9A=,hw9tELHdrfwkPdcH32rTcjYee20=
-14,61,XvB2ISHOk353k4+S6jGIlXC/E9A=,hw9tELHdrfwkPdcH32rTcjYee20=
-15,61,XvB2ISHOk353k4+S6jGIlXC/E9A=,hw9tELHdrfwkPdcH32rTcjYee20=
-1,48,XvB2ISHOk353k4+S6jGIlXC/E9A=,hw9tELHdrfwkPdcH32rTcjYee20=
-16,61,XvB2ISHOk353k4+S6jGIlXC/E9A=,hw9tELHdrfwkPdcH32rTcjYee20=
-1,60,XvB2ISHOk353k4+S6jGIlXC/E9A=,hw9tELHdrfwkPdcH32rTcjYee20=
-2,60,XvB2ISHOk353k4+S6jGIlXC/E9A=,hw9tELHdrfwkPdcH32rTcjYee20=
-3,60,XvB2ISHOk353k4+S6jGIlXC/E9A=,hw9tELHdrfwkPdcH32rTcjYee20=
-4,60,XvB2ISHOk353k4+S6jGIlXC/E9A=,hw9tELHdrfwkPdcH32rTcjYee20=
-5,60,XvB2ISHOk353k4+S6jGIlXC/E9A=,hw9tELHdrfwkPdcH32rTcjYee20=
-6,60,XvB2ISHOk353k4+S6jGIlXC/E9A=,hw9tELHdrfwkPdcH32rTcjYee20=
-7,60,XvB2ISHOk353k4+S6jGIlXC/E9A=,hw9tELHdrfwkPdcH32rTcjYee20=
-8,60,XvB2ISHOk353k4+S6jGIlXC/E9A=,hw9tELHdrfwkPdcH32rTcjYee20=
-9,60,XvB2ISHOk353k4+S6jGIlXC/E9A=,hw9tELHdrfwkPdcH32rTcjYee20=
-11,60,XvB2ISHOk353k4+S6jGIlXC/E9A=,hw9tELHdrfwkPdcH32rTcjYee20=
-12,60,XvB2ISHOk353k4+S6jGIlXC/E9A=,hw9tELHdrfwkPdcH32rTcjYee20=
-10,60,XvB2ISHOk353k4+S6jGIlXC/E9A=,hw9tELHdrfwkPdcH32rTcjYee20=
-2,48,XvB2ISHOk353k4+S6jGIlXC/E9A=,hw9tELHdrfwkPdcH32rTcjYee20=
-13,60,XvB2ISHOk353k4+S6jGIlXC/E9A=,hw9tELHdrfwkPdcH32rTcjYee20=
-9,51,XvB2ISHOk353k4+S6jGIlXC/E9A=,hw9tELHdrfwkPdcH32rTcjYee20=
-14,60,XvB2ISHOk353k4+S6jGIlXC/E9A=,hw9tELHdrfwkPdcH32rTcjYee20=
-15,60,XvB2ISHOk353k4+S6jGIlXC/E9A=,hw9tELHdrfwkPdcH32rTcjYee20=
-4,49,XvB2ISHOk353k4+S6jGIlXC/E9A=,hw9tELHdrfwkPdcH32rTcjYee20=
-16,60,XvB2ISHOk353k4+S6jGIlXC/E9A=,hw9tELHdrfwkPdcH32rTcjYee20=
-2,59,XvB2ISHOk353k4+S6jGIlXC/E9A=,hw9tELHdrfwkPdcH32rTcjYee20=
-1,59,XvB2ISHOk353k4+S6jGIlXC/E9A=,hw9tELHdrfwkPdcH32rTcjYee20=
-3,59,XvB2ISHOk353k4+S6jGIlXC/E9A=,hw9tELHdrfwkPdcH32rTcjYee20=
-4,59,XvB2ISHOk353k4+S6jGIlXC/E9A=,hw9tELHdrfwkPdcH32rTcjYee20=
-5,59,XvB2ISHOk353k4+S6jGIlXC/E9A=,hw9tELHdrfwkPdcH32rTcjYee20=
-6,59,XvB2ISHOk353k4+S6jGIlXC/E9A=,hw9tELHdrfwkPdcH32rTcjYee20=
-7,59,XvB2ISHOk353k4+S6jGIlXC/E9A=,hw9tELHdrfwkPdcH32rTcjYee20=
-9,59,XvB2ISHOk353k4+S6jGIlXC/E9A=,hw9tELHdrfwkPdcH32rTcjYee20=
-10,59,XvB2ISHOk353k4+S6jGIlXC/E9A=,hw9tELHdrfwkPdcH32rTcjYee20=
-11,59,XvB2ISHOk353k4+S6jGIlXC/E9A=,hw9tELHdrfwkPdcH32rTcjYee20=
-3,48,XvB2ISHOk353k4+S6jGIlXC/E9A=,hw9tELHdrfwkPdcH32rTcjYee20=
-8,59,XvB2ISHOk353k4+S6jGIlXC/E9A=,hw9tELHdrfwkPdcH32rTcjYee20=
-5,49,XvB2ISHOk353k4+S6jGIlXC/E9A=,hw9tELHdrfwkPdcH32rTcjYee20=
-10,51,XvB2ISHOk353k4+S6jGIlXC/E9A=,hw9tELHdrfwkPdcH32rTcjYee20=
-12,59,XvB2ISHOk353k4+S6jGIlXC/E9A=,hw9tELHdrfwkPdcH32rTcjYee20=
-13,59,XvB2ISHOk353k4+S6jGIlXC/E9A=,hw9tELHdrfwkPdcH32rTcjYee20=
-14,59,XvB2ISHOk353k4+S6jGIlXC/E9A=,hw9tELHdrfwkPdcH32rTcjYee20=
-15,59,XvB2ISHOk353k4+S6jGIlXC/E9A=,hw9tELHdrfwkPdcH32rTcjYee20=
-6,49,XvB2ISHOk353k4+S6jGIlXC/E9A=,hw9tELHdrfwkPdcH32rTcjYee20=
-16,59,XvB2ISHOk353k4+S6jGIlXC/E9A=,hw9tELHdrfwkPdcH32rTcjYee20=
-2,58,XvB2ISHOk353k4+S6jGIlXC/E9A=,hw9tELHdrfwkPdcH32rTcjYee20=
-3,58,XvB2ISHOk353k4+S6jGIlXC/E9A=,hw9tELHdrfwkPdcH32rTcjYee20=
-4,58,XvB2ISHOk353k4+S6jGIlXC/E9A=,hw9tELHdrfwkPdcH32rTcjYee20=
-5,58,XvB2ISHOk353k4+S6jGIlXC/E9A=,hw9tELHdrfwkPdcH32rTcjYee20=
-6,58,XvB2ISHOk353k4+S6jGIlXC/E9A=,hw9tELHdrfwkPdcH32rTcjYee20=
-7,58,XvB2ISHOk353k4+S6jGIlXC/E9A=,hw9tELHdrfwkPdcH32rTcjYee20=
-8,58,XvB2ISHOk353k4+S6jGIlXC/E9A=,hw9tELHdrfwkPdcH32rTcjYee20=
-9,58,XvB2ISHOk353k4+S6jGIlXC/E9A=,hw9tELHdrfwkPdcH32rTcjYee20=
-10,58,XvB2ISHOk353k4+S6jGIlXC/E9A=,hw9tELHdrfwkPdcH32rTcjYee20=
-4,48,XvB2ISHOk353k4+S6jGIlXC/E9A=,hw9tELHdrfwkPdcH32rTcjYee20=
-11,51,XvB2ISHOk353k4+S6jGIlXC/E9A=,hw9tELHdrfwkPdcH32rTcjYee20=
-11,58,XvB2ISHOk353k4+S6jGIlXC/E9A=,hw9tELHdrfwkPdcH32rTcjYee20=
-12,58,XvB2ISHOk353k4+S6jGIlXC/E9A=,hw9tELHdrfwkPdcH32rTcjYee20=
-13,58,XvB2ISHOk353k4+S6jGIlXC/E9A=,hw9tELHdrfwkPdcH32rTcjYee20=
-14,58,XvB2ISHOk353k4+S6jGIlXC/E9A=,hw9tELHdrfwkPdcH32rTcjYee20=
-15,58,XvB2ISHOk353k4+S6jGIlXC/E9A=,hw9tELHdrfwkPdcH32rTcjYee20=
-16,58,XvB2ISHOk353k4+S6jGIlXC/E9A=,hw9tELHdrfwkPdcH32rTcjYee20=
-7,49,XvB2ISHOk353k4+S6jGIlXC/E9A=,hw9tELHdrfwkPdcH32rTcjYee20=
-1,57,XvB2ISHOk353k4+S6jGIlXC/E9A=,hw9tELHdrfwkPdcH32rTcjYee20=
-2,57,XvB2ISHOk353k4+S6jGIlXC/E9A=,hw9tELHdrfwkPdcH32rTcjYee20=
-3,57,XvB2ISHOk353k4+S6jGIlXC/E9A=,hw9tELHdrfwkPdcH32rTcjYee20=
-4,57,XvB2ISHOk353k4+S6jGIlXC/E9A=,hw9tELHdrfwkPdcH32rTcjYee20=
-5,57,XvB2ISHOk353k4+S6jGIlXC/E9A=,hw9tELHdrfwkPdcH32rTcjYee20=
-6,57,XvB2ISHOk353k4+S6jGIlXC/E9A=,hw9tELHdrfwkPdcH32rTcjYee20=
-7,57,XvB2ISHOk353k4+S6jGIlXC/E9A=,hw9tELHdrfwkPdcH32rTcjYee20=
-8,57,XvB2ISHOk353k4+S6jGIlXC/E9A=,hw9tELHdrfwkPdcH32rTcjYee20=
-9,57,XvB2ISHOk353k4+S6jGIlXC/E9A=,hw9tELHdrfwkPdcH32rTcjYee20=
-1,58,XvB2ISHOk353k4+S6jGIlXC/E9A=,hw9tELHdrfwkPdcH32rTcjYee20=
-12,51,XvB2ISHOk353k4+S6jGIlXC/E9A=,hw9tELHdrfwkPdcH32rTcjYee20=
-10,57,XvB2ISHOk353k4+S6jGIlXC/E9A=,hw9tELHdrfwkPdcH32rTcjYee20=
-11,57,XvB2ISHOk353k4+S6jGIlXC/E9A=,hw9tELHdrfwkPdcH32rTcjYee20=
-12,57,XvB2ISHOk353k4+S6jGIlXC/E9A=,hw9tELHdrfwkPdcH32rTcjYee20=
-13,57,XvB2ISHOk353k4+S6jGIlXC/E9A=,hw9tELHdrfwkPdcH32rTcjYee20=
-14,57,XvB2ISHOk353k4+S6jGIlXC/E9A=,hw9tELHdrfwkPdcH32rTcjYee20=
-15,57,XvB2ISHOk353k4+S6jGIlXC/E9A=,hw9tELHdrfwkPdcH32rTcjYee20=
-16,57,XvB2ISHOk353k4+S6jGIlXC/E9A=,hw9tELHdrfwkPdcH32rTcjYee20=
-8,49,XvB2ISHOk353k4+S6jGIlXC/E9A=,hw9tELHdrfwkPdcH32rTcjYee20=
-5,48,XvB2ISHOk353k4+S6jGIlXC/E9A=,hw9tELHdrfwkPdcH32rTcjYee20=
-2,56,XvB2ISHOk353k4+S6jGIlXC/E9A=,hw9tELHdrfwkPdcH32rTcjYee20=
-3,56,XvB2ISHOk353k4+S6jGIlXC/E9A=,hw9tELHdrfwkPdcH32rTcjYee20=
-4,56,XvB2ISHOk353k4+S6jGIlXC/E9A=,hw9tELHdrfwkPdcH32rTcjYee20=
-5,56,XvB2ISHOk353k4+S6jGIlXC/E9A=,hw9tELHdrfwkPdcH32rTcjYee20=
-6,56,XvB2ISHOk353k4+S6jGIlXC/E9A=,hw9tELHdrfwkPdcH32rTcjYee20=
-7,56,XvB2ISHOk353k4+S6jGIlXC/E9A=,hw9tELHdrfwkPdcH32rTcjYee20=
-8,56,XvB2ISHOk353k4+S6jGIlXC/E9A=,hw9tELHdrfwkPdcH32rTcjYee20=
-1,56,XvB2ISHOk353k4+S6jGIlXC/E9A=,hw9tELHdrfwkPdcH32rTcjYee20=
-13,51,XvB2ISHOk353k4+S6jGIlXC/E9A=,hw9tELHdrfwkPdcH32rTcjYee20=
-9,56,XvB2ISHOk353k4+S6jGIlXC/E9A=,hw9tELHdrfwkPdcH32rTcjYee20=
-10,56,XvB2ISHOk353k4+S6jGIlXC/E9A=,hw9tELHdrfwkPdcH32rTcjYee20=
-11,56,XvB2ISHOk353k4+S6jGIlXC/E9A=,hw9tELHdrfwkPdcH32rTcjYee20=
-12,56,XvB2ISHOk353k4+S6jGIlXC/E9A=,hw9tELHdrfwkPdcH32rTcjYee20=
-13,56,XvB2ISHOk353k4+S6jGIlXC/E9A=,hw9tELHdrfwkPdcH32rTcjYee20=
-14,56,XvB2ISHOk353k4+S6jGIlXC/E9A=,hw9tELHdrfwkPdcH32rTcjYee20=
-15,56,XvB2ISHOk353k4+S6jGIlXC/E9A=,hw9tELHdrfwkPdcH32rTcjYee20=
-16,56,XvB2ISHOk353k4+S6jGIlXC/E9A=,hw9tELHdrfwkPdcH32rTcjYee20=
-9,49,XvB2ISHOk353k4+S6jGIlXC/E9A=,hw9tELHdrfwkPdcH32rTcjYee20=
-1,55,XvB2ISHOk353k4+S6jGIlXC/E9A=,hw9tELHdrfwkPdcH32rTcjYee20=
-2,55,XvB2ISHOk353k4+S6jGIlXC/E9A=,hw9tELHdrfwkPdcH32rTcjYee20=
-3,55,XvB2ISHOk353k4+S6jGIlXC/E9A=,hw9tELHdrfwkPdcH32rTcjYee20=
-4,55,XvB2ISHOk353k4+S6jGIlXC/E9A=,hw9tELHdrfwkPdcH32rTcjYee20=
-6,48,XvB2ISHOk353k4+S6jGIlXC/E9A=,hw9tELHdrfwkPdcH32rTcjYee20=
-5,55,XvB2ISHOk353k4+S6jGIlXC/E9A=,hw9tELHdrfwkPdcH32rTcjYee20=
-6,55,XvB2ISHOk353k4+S6jGIlXC/E9A=,hw9tELHdrfwkPdcH32rTcjYee20=
-7,55,XvB2ISHOk353k4+S6jGIlXC/E9A=,hw9tELHdrfwkPdcH32rTcjYee20=
-7,48,XvB2ISHOk353k4+S6jGIlXC/E9A=,hw9tELHdrfwkPdcH32rTcjYee20=
-14,51,XvB2ISHOk353k4+S6jGIlXC/E9A=,hw9tELHdrfwkPdcH32rTcjYee20=
-9,55,XvB2ISHOk353k4+S6jGIlXC/E9A=,hw9tELHdrfwkPdcH32rTcjYee20=
-8,55,XvB2ISHOk353k4+S6jGIlXC/E9A=,hw9tELHdrfwkPdcH32rTcjYee20=
-10,55,XvB2ISHOk353k4+S6jGIlXC/E9A=,hw9tELHdrfwkPdcH32rTcjYee20=
-11,55,XvB2ISHOk353k4+S6jGIlXC/E9A=,hw9tELHdrfwkPdcH32rTcjYee20=
-12,55,XvB2ISHOk353k4+S6jGIlXC/E9A=,hw9tELHdrfwkPdcH32rTcjYee20=
-13,55,XvB2ISHOk353k4+S6jGIlXC/E9A=,hw9tELHdrfwkPdcH32rTcjYee20=
-14,55,XvB2ISHOk353k4+S6jGIlXC/E9A=,hw9tELHdrfwkPdcH32rTcjYee20=
-15,55,XvB2ISHOk353k4+S6jGIlXC/E9A=,hw9tELHdrfwkPdcH32rTcjYee20=
-10,49,XvB2ISHOk353k4+S6jGIlXC/E9A=,hw9tELHdrfwkPdcH32rTcjYee20=
-1,54,XvB2ISHOk353k4+S6jGIlXC/E9A=,hw9tELHdrfwkPdcH32rTcjYee20=
-2,54,XvB2ISHOk353k4+S6jGIlXC/E9A=,hw9tELHdrfwkPdcH32rTcjYee20=
-3,54,XvB2ISHOk353k4+S6jGIlXC/E9A=,hw9tELHdrfwkPdcH32rTcjYee20=
-4,54,XvB2ISHOk353k4+S6jGIlXC/E9A=,hw9tELHdrfwkPdcH32rTcjYee20=
-5,54,XvB2ISHOk353k4+S6jGIlXC/E9A=,hw9tELHdrfwkPdcH32rTcjYee20=
-6,54,XvB2ISHOk353k4+S6jGIlXC/E9A=,hw9tELHdrfwkPdcH32rTcjYee20=
-8,48,XvB2ISHOk353k4+S6jGIlXC/E9A=,hw9tELHdrfwkPdcH32rTcjYee20=
-15,51,XvB2ISHOk353k4+S6jGIlXC/E9A=,hw9tELHdrfwkPdcH32rTcjYee20=
-7,54,XvB2ISHOk353k4+S6jGIlXC/E9A=,hw9tELHdrfwkPdcH32rTcjYee20=
-8,54,XvB2ISHOk353k4+S6jGIlXC/E9A=,hw9tELHdrfwkPdcH32rTcjYee20=
-9,54,XvB2ISHOk353k4+S6jGIlXC/E9A=,hw9tELHdrfwkPdcH32rTcjYee20=
-10,54,XvB2ISHOk353k4+S6jGIlXC/E9A=,hw9tELHdrfwkPdcH32rTcjYee20=
-11,54,XvB2ISHOk353k4+S6jGIlXC/E9A=,hw9tELHdrfwkPdcH32rTcjYee20=
-12,54,XvB2ISHOk353k4+S6jGIlXC/E9A=,hw9tELHdrfwkPdcH32rTcjYee20=
-13,54,XvB2ISHOk353k4+S6jGIlXC/E9A=,hw9tELHdrfwkPdcH32rTcjYee20=
-14,54,XvB2ISHOk353k4+S6jGIlXC/E9A=,hw9tELHdrfwkPdcH32rTcjYee20=
-16,55,XvB2ISHOk353k4+S6jGIlXC/E9A=,hw9tELHdrfwkPdcH32rTcjYee20=
-15,54,XvB2ISHOk353k4+S6jGIlXC/E9A=,hw9tELHdrfwkPdcH32rTcjYee20=
-11,49,XvB2ISHOk353k4+S6jGIlXC/E9A=,hw9tELHdrfwkPdcH32rTcjYee20=
-16,54,XvB2ISHOk353k4+S6jGIlXC/E9A=,hw9tELHdrfwkPdcH32rTcjYee20=
-1,53,XvB2ISHOk353k4+S6jGIlXC/E9A=,hw9tELHdrfwkPdcH32rTcjYee20=
-2,53,XvB2ISHOk353k4+S6jGIlXC/E9A=,hw9tELHdrfwkPdcH32rTcjYee20=
-3,53,XvB2ISHOk353k4+S6jGIlXC/E9A=,hw9tELHdrfwkPdcH32rTcjYee20=
-4,53,XvB2ISHOk353k4+S6jGIlXC/E9A=,hw9tELHdrfwkPdcH32rTcjYee20=
-5,53,XvB2ISHOk353k4+S6jGIlXC/E9A=,hw9tELHdrfwkPdcH32rTcjYee20=
-9,48,XvB2ISHOk353k4+S6jGIlXC/E9A=,hw9tELHdrfwkPdcH32rTcjYee20=
-16,51,XvB2ISHOk353k4+S6jGIlXC/E9A=,hw9tELHdrfwkPdcH32rTcjYee20=
-12,49,XvB2ISHOk353k4+S6jGIlXC/E9A=,hw9tELHdrfwkPdcH32rTcjYee20=
-6,53,XvB2ISHOk353k4+S6jGIlXC/E9A=,hw9tELHdrfwkPdcH32rTcjYee20=
-7,53,XvB2ISHOk353k4+S6jGIlXC/E9A=,hw9tELHdrfwkPdcH32rTcjYee20=
-9,53,XvB2ISHOk353k4+S6jGIlXC/E9A=,hw9tELHdrfwkPdcH32rTcjYee20=
-10,53,XvB2ISHOk353k4+S6jGIlXC/E9A=,hw9tELHdrfwkPdcH32rTcjYee20=
-8,53,XvB2ISHOk353k4+S6jGIlXC/E9A=,hw9tELHdrfwkPdcH32rTcjYee20=
-11,53,XvB2ISHOk353k4+S6jGIlXC/E9A=,hw9tELHdrfwkPdcH32rTcjYee20=
-12,53,XvB2ISHOk353k4+S6jGIlXC/E9A=,hw9tELHdrfwkPdcH32rTcjYee20=
-14,53,XvB2ISHOk353k4+S6jGIlXC/E9A=,hw9tELHdrfwkPdcH32rTcjYee20=
-13,53,XvB2ISHOk353k4+S6jGIlXC/E9A=,hw9tELHdrfwkPdcH32rTcjYee20=
-15,53,XvB2ISHOk353k4+S6jGIlXC/E9A=,hw9tELHdrfwkPdcH32rTcjYee20=
-13,49,XvB2ISHOk353k4+S6jGIlXC/E9A=,hw9tELHdrfwkPdcH32rTcjYee20=
-16,53,XvB2ISHOk353k4+S6jGIlXC/E9A=,hw9tELHdrfwkPdcH32rTcjYee20=
-2,52,XvB2ISHOk353k4+S6jGIlXC/E9A=,hw9tELHdrfwkPdcH32rTcjYee20=
-3,52,XvB2ISHOk353k4+S6jGIlXC/E9A=,hw9tELHdrfwkPdcH32rTcjYee20=
-4,52,XvB2ISHOk353k4+S6jGIlXC/E9A=,hw9tELHdrfwkPdcH32rTcjYee20=
-10,48,XvB2ISHOk353k4+S6jGIlXC/E9A=,hw9tELHdrfwkPdcH32rTcjYee20=
-16,48,XvB2ISHOk353k4+S6jGIlXC/E9A=,hw9tELHdrfwkPdcH32rTcjYee20=
-5,52,XvB2ISHOk353k4+S6jGIlXC/E9A=,hw9tELHdrfwkPdcH32rTcjYee20=
-1,52,XvB2ISHOk353k4+S6jGIlXC/E9A=,hw9tELHdrfwkPdcH32rTcjYee20=
-6,52,XvB2ISHOk353k4+S6jGIlXC/E9A=,hw9tELHdrfwkPdcH32rTcjYee20=
-7,52,XvB2ISHOk353k4+S6jGIlXC/E9A=,hw9tELHdrfwkPdcH32rTcjYee20=
-8,52,XvB2ISHOk353k4+S6jGIlXC/E9A=,hw9tELHdrfwkPdcH32rTcjYee20=
-9,52,XvB2ISHOk353k4+S6jGIlXC/E9A=,hw9tELHdrfwkPdcH32rTcjYee20=
-10,52,XvB2ISHOk353k4+S6jGIlXC/E9A=,hw9tELHdrfwkPdcH32rTcjYee20=
-11,52,XvB2ISHOk353k4+S6jGIlXC/E9A=,hw9tELHdrfwkPdcH32rTcjYee20=
-13,52,XvB2ISHOk353k4+S6jGIlXC/E9A=,hw9tELHdrfwkPdcH32rTcjYee20=
-12,52,XvB2ISHOk353k4+S6jGIlXC/E9A=,hw9tELHdrfwkPdcH32rTcjYee20=
-14,52,XvB2ISHOk353k4+S6jGIlXC/E9A=,hw9tELHdrfwkPdcH32rTcjYee20=
-15,52,XvB2ISHOk353k4+S6jGIlXC/E9A=,hw9tELHdrfwkPdcH32rTcjYee20=
-14,49,XvB2ISHOk353k4+S6jGIlXC/E9A=,hw9tELHdrfwkPdcH32rTcjYee20=
-11,48,XvB2ISHOk353k4+S6jGIlXC/E9A=,hw9tELHdrfwkPdcH32rTcjYee20=
-16,52,XvB2ISHOk353k4+S6jGIlXC/E9A=,hw9tELHdrfwkPdcH32rTcjYee20=
-1,51,XvB2ISHOk353k4+S6jGIlXC/E9A=,hw9tELHdrfwkPdcH32rTcjYee20=
-2,51,XvB2ISHOk353k4+S6jGIlXC/E9A=,hw9tELHdrfwkPdcH32rTcjYee20=
-1,50,XvB2ISHOk353k4+S6jGIlXC/E9A=,hw9tELHdrfwkPdcH32rTcjYee20=
-3,50,XvB2ISHOk353k4+S6jGIlXC/E9A=,hw9tELHdrfwkPdcH32rTcjYee20=
-13,48,XvB2ISHOk353k4+S6jGIlXC/E9A=,hw9tELHdrfwkPdcH32rTcjYee20=
-1,47,RF34vtVCXS/6H4DEhcjD/beONsc=,VJXKvqak+olYOJOquUpcO+FjabE=
-13,32,RF34vtVCXS/6H4DEhcjD/beONsc=,VJXKvqak+olYOJOquUpcO+FjabE=
-2,47,RF34vtVCXS/6H4DEhcjD/beONsc=,VJXKvqak+olYOJOquUpcO+FjabE=
-3,34,RF34vtVCXS/6H4DEhcjD/beONsc=,VJXKvqak+olYOJOquUpcO+FjabE=
-2,34,RF34vtVCXS/6H4DEhcjD/beONsc=,VJXKvqak+olYOJOquUpcO+FjabE=
-3,47,RF34vtVCXS/6H4DEhcjD/beONsc=,VJXKvqak+olYOJOquUpcO+FjabE=
-4,47,RF34vtVCXS/6H4DEhcjD/beONsc=,VJXKvqak+olYOJOquUpcO+FjabE=
-5,47,RF34vtVCXS/6H4DEhcjD/beONsc=,VJXKvqak+olYOJOquUpcO+FjabE=
-7,47,RF34vtVCXS/6H4DEhcjD/beONsc=,VJXKvqak+olYOJOquUpcO+FjabE=
-8,47,RF34vtVCXS/6H4DEhcjD/beONsc=,VJXKvqak+olYOJOquUpcO+FjabE=
-9,47,RF34vtVCXS/6H4DEhcjD/beONsc=,VJXKvqak+olYOJOquUpcO+FjabE=
-10,47,RF34vtVCXS/6H4DEhcjD/beONsc=,VJXKvqak+olYOJOquUpcO+FjabE=
-11,47,RF34vtVCXS/6H4DEhcjD/beONsc=,VJXKvqak+olYOJOquUpcO+FjabE=
-6,47,RF34vtVCXS/6H4DEhcjD/beONsc=,VJXKvqak+olYOJOquUpcO+FjabE=
-1,33,RF34vtVCXS/6H4DEhcjD/beONsc=,VJXKvqak+olYOJOquUpcO+FjabE=
-2,33,RF34vtVCXS/6H4DEhcjD/beONsc=,VJXKvqak+olYOJOquUpcO+FjabE=
-3,33,RF34vtVCXS/6H4DEhcjD/beONsc=,VJXKvqak+olYOJOquUpcO+FjabE=
-5,33,RF34vtVCXS/6H4DEhcjD/beONsc=,VJXKvqak+olYOJOquUpcO+FjabE=
-4,33,RF34vtVCXS/6H4DEhcjD/beONsc=,VJXKvqak+olYOJOquUpcO+FjabE=
-7,33,RF34vtVCXS/6H4DEhcjD/beONsc=,VJXKvqak+olYOJOquUpcO+FjabE=
-6,33,RF34vtVCXS/6H4DEhcjD/beONsc=,VJXKvqak+olYOJOquUpcO+FjabE=
-12,47,RF34vtVCXS/6H4DEhcjD/beONsc=,VJXKvqak+olYOJOquUpcO+FjabE=
-8,33,RF34vtVCXS/6H4DEhcjD/beONsc=,VJXKvqak+olYOJOquUpcO+FjabE=
-13,47,RF34vtVCXS/6H4DEhcjD/beONsc=,VJXKvqak+olYOJOquUpcO+FjabE=
-14,47,RF34vtVCXS/6H4DEhcjD/beONsc=,VJXKvqak+olYOJOquUpcO+FjabE=
-15,47,RF34vtVCXS/6H4DEhcjD/beONsc=,VJXKvqak+olYOJOquUpcO+FjabE=
-15,33,RF34vtVCXS/6H4DEhcjD/beONsc=,VJXKvqak+olYOJOquUpcO+FjabE=
-9,33,RF34vtVCXS/6H4DEhcjD/beONsc=,VJXKvqak+olYOJOquUpcO+FjabE=
-10,33,RF34vtVCXS/6H4DEhcjD/beONsc=,VJXKvqak+olYOJOquUpcO+FjabE=
-11,33,RF34vtVCXS/6H4DEhcjD/beONsc=,VJXKvqak+olYOJOquUpcO+FjabE=
-12,33,RF34vtVCXS/6H4DEhcjD/beONsc=,VJXKvqak+olYOJOquUpcO+FjabE=
-13,33,RF34vtVCXS/6H4DEhcjD/beONsc=,VJXKvqak+olYOJOquUpcO+FjabE=
-1,34,RF34vtVCXS/6H4DEhcjD/beONsc=,VJXKvqak+olYOJOquUpcO+FjabE=
-16,35,RF34vtVCXS/6H4DEhcjD/beONsc=,VJXKvqak+olYOJOquUpcO+FjabE=
-15,35,RF34vtVCXS/6H4DEhcjD/beONsc=,VJXKvqak+olYOJOquUpcO+FjabE=
-16,47,RF34vtVCXS/6H4DEhcjD/beONsc=,VJXKvqak+olYOJOquUpcO+FjabE=
-14,35,RF34vtVCXS/6H4DEhcjD/beONsc=,VJXKvqak+olYOJOquUpcO+FjabE=
-16,34,RF34vtVCXS/6H4DEhcjD/beONsc=,VJXKvqak+olYOJOquUpcO+FjabE=
-12,32,RF34vtVCXS/6H4DEhcjD/beONsc=,VJXKvqak+olYOJOquUpcO+FjabE=
-13,35,RF34vtVCXS/6H4DEhcjD/beONsc=,VJXKvqak+olYOJOquUpcO+FjabE=
-12,35,RF34vtVCXS/6H4DEhcjD/beONsc=,VJXKvqak+olYOJOquUpcO+FjabE=
-11,35,RF34vtVCXS/6H4DEhcjD/beONsc=,VJXKvqak+olYOJOquUpcO+FjabE=
-10,35,RF34vtVCXS/6H4DEhcjD/beONsc=,VJXKvqak+olYOJOquUpcO+FjabE=
-8,35,RF34vtVCXS/6H4DEhcjD/beONsc=,VJXKvqak+olYOJOquUpcO+FjabE=
-7,35,RF34vtVCXS/6H4DEhcjD/beONsc=,VJXKvqak+olYOJOquUpcO+FjabE=
-9,35,RF34vtVCXS/6H4DEhcjD/beONsc=,VJXKvqak+olYOJOquUpcO+FjabE=
-6,35,RF34vtVCXS/6H4DEhcjD/beONsc=,VJXKvqak+olYOJOquUpcO+FjabE=
-1,46,RF34vtVCXS/6H4DEhcjD/beONsc=,VJXKvqak+olYOJOquUpcO+FjabE=
-5,35,RF34vtVCXS/6H4DEhcjD/beONsc=,VJXKvqak+olYOJOquUpcO+FjabE=
-14,33,RF34vtVCXS/6H4DEhcjD/beONsc=,VJXKvqak+olYOJOquUpcO+FjabE=
-4,35,RF34vtVCXS/6H4DEhcjD/beONsc=,VJXKvqak+olYOJOquUpcO+FjabE=
-3,35,RF34vtVCXS/6H4DEhcjD/beONsc=,VJXKvqak+olYOJOquUpcO+FjabE=
-14,32,RF34vtVCXS/6H4DEhcjD/beONsc=,VJXKvqak+olYOJOquUpcO+FjabE=
-2,46,RF34vtVCXS/6H4DEhcjD/beONsc=,VJXKvqak+olYOJOquUpcO+FjabE=
-4,34,RF34vtVCXS/6H4DEhcjD/beONsc=,VJXKvqak+olYOJOquUpcO+FjabE=
-3,46,RF34vtVCXS/6H4DEhcjD/beONsc=,VJXKvqak+olYOJOquUpcO+FjabE=
-15,34,RF34vtVCXS/6H4DEhcjD/beONsc=,VJXKvqak+olYOJOquUpcO+FjabE=
-1,35,RF34vtVCXS/6H4DEhcjD/beONsc=,VJXKvqak+olYOJOquUpcO+FjabE=
-16,32,RF34vtVCXS/6H4DEhcjD/beONsc=,VJXKvqak+olYOJOquUpcO+FjabE=
-4,46,RF34vtVCXS/6H4DEhcjD/beONsc=,VJXKvqak+olYOJOquUpcO+FjabE=
-5,46,RF34vtVCXS/6H4DEhcjD/beONsc=,VJXKvqak+olYOJOquUpcO+FjabE=
-16,36,RF34vtVCXS/6H4DEhcjD/beONsc=,VJXKvqak+olYOJOquUpcO+FjabE=
-6,46,RF34vtVCXS/6H4DEhcjD/beONsc=,VJXKvqak+olYOJOquUpcO+FjabE=
-15,36,RF34vtVCXS/6H4DEhcjD/beONsc=,VJXKvqak+olYOJOquUpcO+FjabE=
-7,46,RF34vtVCXS/6H4DEhcjD/beONsc=,VJXKvqak+olYOJOquUpcO+FjabE=
-14,36,RF34vtVCXS/6H4DEhcjD/beONsc=,VJXKvqak+olYOJOquUpcO+FjabE=
-13,36,RF34vtVCXS/6H4DEhcjD/beONsc=,VJXKvqak+olYOJOquUpcO+FjabE=
-8,46,RF34vtVCXS/6H4DEhcjD/beONsc=,VJXKvqak+olYOJOquUpcO+FjabE=
-9,46,RF34vtVCXS/6H4DEhcjD/beONsc=,VJXKvqak+olYOJOquUpcO+FjabE=
-14,34,RF34vtVCXS/6H4DEhcjD/beONsc=,VJXKvqak+olYOJOquUpcO+FjabE=
-10,46,RF34vtVCXS/6H4DEhcjD/beONsc=,VJXKvqak+olYOJOquUpcO+FjabE=
-11,32,RF34vtVCXS/6H4DEhcjD/beONsc=,VJXKvqak+olYOJOquUpcO+FjabE=
-11,46,RF34vtVCXS/6H4DEhcjD/beONsc=,VJXKvqak+olYOJOquUpcO+FjabE=
-12,36,RF34vtVCXS/6H4DEhcjD/beONsc=,VJXKvqak+olYOJOquUpcO+FjabE=
-12,46,RF34vtVCXS/6H4DEhcjD/beONsc=,VJXKvqak+olYOJOquUpcO+FjabE=
-11,36,RF34vtVCXS/6H4DEhcjD/beONsc=,VJXKvqak+olYOJOquUpcO+FjabE=
-13,46,RF34vtVCXS/6H4DEhcjD/beONsc=,VJXKvqak+olYOJOquUpcO+FjabE=
-10,36,RF34vtVCXS/6H4DEhcjD/beONsc=,VJXKvqak+olYOJOquUpcO+FjabE=
-14,46,RF34vtVCXS/6H4DEhcjD/beONsc=,VJXKvqak+olYOJOquUpcO+FjabE=
-9,36,RF34vtVCXS/6H4DEhcjD/beONsc=,VJXKvqak+olYOJOquUpcO+FjabE=
-8,36,RF34vtVCXS/6H4DEhcjD/beONsc=,VJXKvqak+olYOJOquUpcO+FjabE=
-15,46,RF34vtVCXS/6H4DEhcjD/beONsc=,VJXKvqak+olYOJOquUpcO+FjabE=
-16,46,RF34vtVCXS/6H4DEhcjD/beONsc=,VJXKvqak+olYOJOquUpcO+FjabE=
-7,36,RF34vtVCXS/6H4DEhcjD/beONsc=,VJXKvqak+olYOJOquUpcO+FjabE=
-1,45,RF34vtVCXS/6H4DEhcjD/beONsc=,VJXKvqak+olYOJOquUpcO+FjabE=
-6,36,RF34vtVCXS/6H4DEhcjD/beONsc=,VJXKvqak+olYOJOquUpcO+FjabE=
-16,33,RF34vtVCXS/6H4DEhcjD/beONsc=,VJXKvqak+olYOJOquUpcO+FjabE=
-5,36,RF34vtVCXS/6H4DEhcjD/beONsc=,VJXKvqak+olYOJOquUpcO+FjabE=
-4,36,RF34vtVCXS/6H4DEhcjD/beONsc=,VJXKvqak+olYOJOquUpcO+FjabE=
-2,45,RF34vtVCXS/6H4DEhcjD/beONsc=,VJXKvqak+olYOJOquUpcO+FjabE=
-3,45,RF34vtVCXS/6H4DEhcjD/beONsc=,VJXKvqak+olYOJOquUpcO+FjabE=
-3,36,RF34vtVCXS/6H4DEhcjD/beONsc=,VJXKvqak+olYOJOquUpcO+FjabE=
-2,36,RF34vtVCXS/6H4DEhcjD/beONsc=,VJXKvqak+olYOJOquUpcO+FjabE=
-1,32,RF34vtVCXS/6H4DEhcjD/beONsc=,VJXKvqak+olYOJOquUpcO+FjabE=
-5,34,RF34vtVCXS/6H4DEhcjD/beONsc=,VJXKvqak+olYOJOquUpcO+FjabE=
-4,45,RF34vtVCXS/6H4DEhcjD/beONsc=,VJXKvqak+olYOJOquUpcO+FjabE=
-5,45,RF34vtVCXS/6H4DEhcjD/beONsc=,VJXKvqak+olYOJOquUpcO+FjabE=
-6,45,RF34vtVCXS/6H4DEhcjD/beONsc=,VJXKvqak+olYOJOquUpcO+FjabE=
-7,45,RF34vtVCXS/6H4DEhcjD/beONsc=,VJXKvqak+olYOJOquUpcO+FjabE=
-8,45,RF34vtVCXS/6H4DEhcjD/beONsc=,VJXKvqak+olYOJOquUpcO+FjabE=
-9,45,RF34vtVCXS/6H4DEhcjD/beONsc=,VJXKvqak+olYOJOquUpcO+FjabE=
-10,45,RF34vtVCXS/6H4DEhcjD/beONsc=,VJXKvqak+olYOJOquUpcO+FjabE=
-11,45,RF34vtVCXS/6H4DEhcjD/beONsc=,VJXKvqak+olYOJOquUpcO+FjabE=
-12,45,RF34vtVCXS/6H4DEhcjD/beONsc=,VJXKvqak+olYOJOquUpcO+FjabE=
-13,45,RF34vtVCXS/6H4DEhcjD/beONsc=,VJXKvqak+olYOJOquUpcO+FjabE=
-14,45,RF34vtVCXS/6H4DEhcjD/beONsc=,VJXKvqak+olYOJOquUpcO+FjabE=
-15,45,RF34vtVCXS/6H4DEhcjD/beONsc=,VJXKvqak+olYOJOquUpcO+FjabE=
-15,32,RF34vtVCXS/6H4DEhcjD/beONsc=,VJXKvqak+olYOJOquUpcO+FjabE=
-16,45,RF34vtVCXS/6H4DEhcjD/beONsc=,VJXKvqak+olYOJOquUpcO+FjabE=
-1,36,RF34vtVCXS/6H4DEhcjD/beONsc=,VJXKvqak+olYOJOquUpcO+FjabE=
-10,32,RF34vtVCXS/6H4DEhcjD/beONsc=,VJXKvqak+olYOJOquUpcO+FjabE=
-16,37,RF34vtVCXS/6H4DEhcjD/beONsc=,VJXKvqak+olYOJOquUpcO+FjabE=
-15,37,RF34vtVCXS/6H4DEhcjD/beONsc=,VJXKvqak+olYOJOquUpcO+FjabE=
-13,37,RF34vtVCXS/6H4DEhcjD/beONsc=,VJXKvqak+olYOJOquUpcO+FjabE=
-14,37,RF34vtVCXS/6H4DEhcjD/beONsc=,VJXKvqak+olYOJOquUpcO+FjabE=
-12,37,RF34vtVCXS/6H4DEhcjD/beONsc=,VJXKvqak+olYOJOquUpcO+FjabE=
-13,34,RF34vtVCXS/6H4DEhcjD/beONsc=,VJXKvqak+olYOJOquUpcO+FjabE=
-1,44,RF34vtVCXS/6H4DEhcjD/beONsc=,VJXKvqak+olYOJOquUpcO+FjabE=
-9,32,RF34vtVCXS/6H4DEhcjD/beONsc=,VJXKvqak+olYOJOquUpcO+FjabE=
-2,44,RF34vtVCXS/6H4DEhcjD/beONsc=,VJXKvqak+olYOJOquUpcO+FjabE=
-3,44,RF34vtVCXS/6H4DEhcjD/beONsc=,VJXKvqak+olYOJOquUpcO+FjabE=
-11,37,RF34vtVCXS/6H4DEhcjD/beONsc=,VJXKvqak+olYOJOquUpcO+FjabE=
-10,37,RF34vtVCXS/6H4DEhcjD/beONsc=,VJXKvqak+olYOJOquUpcO+FjabE=
-4,44,RF34vtVCXS/6H4DEhcjD/beONsc=,VJXKvqak+olYOJOquUpcO+FjabE=
-9,37,RF34vtVCXS/6H4DEhcjD/beONsc=,VJXKvqak+olYOJOquUpcO+FjabE=
-2,32,RF34vtVCXS/6H4DEhcjD/beONsc=,VJXKvqak+olYOJOquUpcO+FjabE=
-8,37,RF34vtVCXS/6H4DEhcjD/beONsc=,VJXKvqak+olYOJOquUpcO+FjabE=
-6,34,RF34vtVCXS/6H4DEhcjD/beONsc=,VJXKvqak+olYOJOquUpcO+FjabE=
-7,37,RF34vtVCXS/6H4DEhcjD/beONsc=,VJXKvqak+olYOJOquUpcO+FjabE=
-5,44,RF34vtVCXS/6H4DEhcjD/beONsc=,VJXKvqak+olYOJOquUpcO+FjabE=
-6,37,RF34vtVCXS/6H4DEhcjD/beONsc=,VJXKvqak+olYOJOquUpcO+FjabE=
-6,44,RF34vtVCXS/6H4DEhcjD/beONsc=,VJXKvqak+olYOJOquUpcO+FjabE=
-5,37,RF34vtVCXS/6H4DEhcjD/beONsc=,VJXKvqak+olYOJOquUpcO+FjabE=
-7,44,RF34vtVCXS/6H4DEhcjD/beONsc=,VJXKvqak+olYOJOquUpcO+FjabE=
-4,37,RF34vtVCXS/6H4DEhcjD/beONsc=,VJXKvqak+olYOJOquUpcO+FjabE=
-8,44,RF34vtVCXS/6H4DEhcjD/beONsc=,VJXKvqak+olYOJOquUpcO+FjabE=
-3,37,RF34vtVCXS/6H4DEhcjD/beONsc=,VJXKvqak+olYOJOquUpcO+FjabE=
-2,37,RF34vtVCXS/6H4DEhcjD/beONsc=,VJXKvqak+olYOJOquUpcO+FjabE=
-9,44,RF34vtVCXS/6H4DEhcjD/beONsc=,VJXKvqak+olYOJOquUpcO+FjabE=
-1,37,RF34vtVCXS/6H4DEhcjD/beONsc=,VJXKvqak+olYOJOquUpcO+FjabE=
-10,44,RF34vtVCXS/6H4DEhcjD/beONsc=,VJXKvqak+olYOJOquUpcO+FjabE=
-11,44,RF34vtVCXS/6H4DEhcjD/beONsc=,VJXKvqak+olYOJOquUpcO+FjabE=
-16,38,RF34vtVCXS/6H4DEhcjD/beONsc=,VJXKvqak+olYOJOquUpcO+FjabE=
-12,44,RF34vtVCXS/6H4DEhcjD/beONsc=,VJXKvqak+olYOJOquUpcO+FjabE=
-15,38,RF34vtVCXS/6H4DEhcjD/beONsc=,VJXKvqak+olYOJOquUpcO+FjabE=
-13,44,RF34vtVCXS/6H4DEhcjD/beONsc=,VJXKvqak+olYOJOquUpcO+FjabE=
-14,38,RF34vtVCXS/6H4DEhcjD/beONsc=,VJXKvqak+olYOJOquUpcO+FjabE=
-14,44,RF34vtVCXS/6H4DEhcjD/beONsc=,VJXKvqak+olYOJOquUpcO+FjabE=
-13,38,RF34vtVCXS/6H4DEhcjD/beONsc=,VJXKvqak+olYOJOquUpcO+FjabE=
-15,44,RF34vtVCXS/6H4DEhcjD/beONsc=,VJXKvqak+olYOJOquUpcO+FjabE=
-12,38,RF34vtVCXS/6H4DEhcjD/beONsc=,VJXKvqak+olYOJOquUpcO+FjabE=
-16,44,RF34vtVCXS/6H4DEhcjD/beONsc=,VJXKvqak+olYOJOquUpcO+FjabE=
-11,38,RF34vtVCXS/6H4DEhcjD/beONsc=,VJXKvqak+olYOJOquUpcO+FjabE=
-1,43,RF34vtVCXS/6H4DEhcjD/beONsc=,VJXKvqak+olYOJOquUpcO+FjabE=
-12,34,RF34vtVCXS/6H4DEhcjD/beONsc=,VJXKvqak+olYOJOquUpcO+FjabE=
-2,43,RF34vtVCXS/6H4DEhcjD/beONsc=,VJXKvqak+olYOJOquUpcO+FjabE=
-10,38,RF34vtVCXS/6H4DEhcjD/beONsc=,VJXKvqak+olYOJOquUpcO+FjabE=
-3,43,RF34vtVCXS/6H4DEhcjD/beONsc=,VJXKvqak+olYOJOquUpcO+FjabE=
-8,32,RF34vtVCXS/6H4DEhcjD/beONsc=,VJXKvqak+olYOJOquUpcO+FjabE=
-4,43,RF34vtVCXS/6H4DEhcjD/beONsc=,VJXKvqak+olYOJOquUpcO+FjabE=
-5,43,RF34vtVCXS/6H4DEhcjD/beONsc=,VJXKvqak+olYOJOquUpcO+FjabE=
-9,38,RF34vtVCXS/6H4DEhcjD/beONsc=,VJXKvqak+olYOJOquUpcO+FjabE=
-8,38,RF34vtVCXS/6H4DEhcjD/beONsc=,VJXKvqak+olYOJOquUpcO+FjabE=
-3,32,RF34vtVCXS/6H4DEhcjD/beONsc=,VJXKvqak+olYOJOquUpcO+FjabE=
-7,38,RF34vtVCXS/6H4DEhcjD/beONsc=,VJXKvqak+olYOJOquUpcO+FjabE=
-7,34,RF34vtVCXS/6H4DEhcjD/beONsc=,VJXKvqak+olYOJOquUpcO+FjabE=
-6,38,RF34vtVCXS/6H4DEhcjD/beONsc=,VJXKvqak+olYOJOquUpcO+FjabE=
-6,43,RF34vtVCXS/6H4DEhcjD/beONsc=,VJXKvqak+olYOJOquUpcO+FjabE=
-5,38,RF34vtVCXS/6H4DEhcjD/beONsc=,VJXKvqak+olYOJOquUpcO+FjabE=
-7,43,RF34vtVCXS/6H4DEhcjD/beONsc=,VJXKvqak+olYOJOquUpcO+FjabE=
-4,38,RF34vtVCXS/6H4DEhcjD/beONsc=,VJXKvqak+olYOJOquUpcO+FjabE=
-8,43,RF34vtVCXS/6H4DEhcjD/beONsc=,VJXKvqak+olYOJOquUpcO+FjabE=
-9,43,RF34vtVCXS/6H4DEhcjD/beONsc=,VJXKvqak+olYOJOquUpcO+FjabE=
-3,38,RF34vtVCXS/6H4DEhcjD/beONsc=,VJXKvqak+olYOJOquUpcO+FjabE=
-10,43,RF34vtVCXS/6H4DEhcjD/beONsc=,VJXKvqak+olYOJOquUpcO+FjabE=
-2,38,RF34vtVCXS/6H4DEhcjD/beONsc=,VJXKvqak+olYOJOquUpcO+FjabE=
-11,43,RF34vtVCXS/6H4DEhcjD/beONsc=,VJXKvqak+olYOJOquUpcO+FjabE=
-12,43,RF34vtVCXS/6H4DEhcjD/beONsc=,VJXKvqak+olYOJOquUpcO+FjabE=
-13,43,RF34vtVCXS/6H4DEhcjD/beONsc=,VJXKvqak+olYOJOquUpcO+FjabE=
-14,43,RF34vtVCXS/6H4DEhcjD/beONsc=,VJXKvqak+olYOJOquUpcO+FjabE=
-15,43,RF34vtVCXS/6H4DEhcjD/beONsc=,VJXKvqak+olYOJOquUpcO+FjabE=
-16,43,RF34vtVCXS/6H4DEhcjD/beONsc=,VJXKvqak+olYOJOquUpcO+FjabE=
-1,42,RF34vtVCXS/6H4DEhcjD/beONsc=,VJXKvqak+olYOJOquUpcO+FjabE=
-3,42,RF34vtVCXS/6H4DEhcjD/beONsc=,VJXKvqak+olYOJOquUpcO+FjabE=
-2,42,RF34vtVCXS/6H4DEhcjD/beONsc=,VJXKvqak+olYOJOquUpcO+FjabE=
-1,38,RF34vtVCXS/6H4DEhcjD/beONsc=,VJXKvqak+olYOJOquUpcO+FjabE=
-4,42,RF34vtVCXS/6H4DEhcjD/beONsc=,VJXKvqak+olYOJOquUpcO+FjabE=
-16,39,RF34vtVCXS/6H4DEhcjD/beONsc=,VJXKvqak+olYOJOquUpcO+FjabE=
-5,42,RF34vtVCXS/6H4DEhcjD/beONsc=,VJXKvqak+olYOJOquUpcO+FjabE=
-15,39,RF34vtVCXS/6H4DEhcjD/beONsc=,VJXKvqak+olYOJOquUpcO+FjabE=
-6,42,RF34vtVCXS/6H4DEhcjD/beONsc=,VJXKvqak+olYOJOquUpcO+FjabE=
-14,39,RF34vtVCXS/6H4DEhcjD/beONsc=,VJXKvqak+olYOJOquUpcO+FjabE=
-4,32,RF34vtVCXS/6H4DEhcjD/beONsc=,VJXKvqak+olYOJOquUpcO+FjabE=
-13,39,RF34vtVCXS/6H4DEhcjD/beONsc=,VJXKvqak+olYOJOquUpcO+FjabE=
-8,34,RF34vtVCXS/6H4DEhcjD/beONsc=,VJXKvqak+olYOJOquUpcO+FjabE=
-12,39,RF34vtVCXS/6H4DEhcjD/beONsc=,VJXKvqak+olYOJOquUpcO+FjabE=
-7,42,RF34vtVCXS/6H4DEhcjD/beONsc=,VJXKvqak+olYOJOquUpcO+FjabE=
-11,39,RF34vtVCXS/6H4DEhcjD/beONsc=,VJXKvqak+olYOJOquUpcO+FjabE=
-8,42,RF34vtVCXS/6H4DEhcjD/beONsc=,VJXKvqak+olYOJOquUpcO+FjabE=
-10,39,RF34vtVCXS/6H4DEhcjD/beONsc=,VJXKvqak+olYOJOquUpcO+FjabE=
-9,42,RF34vtVCXS/6H4DEhcjD/beONsc=,VJXKvqak+olYOJOquUpcO+FjabE=
-11,34,RF34vtVCXS/6H4DEhcjD/beONsc=,VJXKvqak+olYOJOquUpcO+FjabE=
-10,42,RF34vtVCXS/6H4DEhcjD/beONsc=,VJXKvqak+olYOJOquUpcO+FjabE=
-9,39,RF34vtVCXS/6H4DEhcjD/beONsc=,VJXKvqak+olYOJOquUpcO+FjabE=
-11,42,RF34vtVCXS/6H4DEhcjD/beONsc=,VJXKvqak+olYOJOquUpcO+FjabE=
-7,32,RF34vtVCXS/6H4DEhcjD/beONsc=,VJXKvqak+olYOJOquUpcO+FjabE=
-12,42,RF34vtVCXS/6H4DEhcjD/beONsc=,VJXKvqak+olYOJOquUpcO+FjabE=
-8,39,RF34vtVCXS/6H4DEhcjD/beONsc=,VJXKvqak+olYOJOquUpcO+FjabE=
-13,42,RF34vtVCXS/6H4DEhcjD/beONsc=,VJXKvqak+olYOJOquUpcO+FjabE=
-14,42,RF34vtVCXS/6H4DEhcjD/beONsc=,VJXKvqak+olYOJOquUpcO+FjabE=
-7,39,RF34vtVCXS/6H4DEhcjD/beONsc=,VJXKvqak+olYOJOquUpcO+FjabE=
-6,39,RF34vtVCXS/6H4DEhcjD/beONsc=,VJXKvqak+olYOJOquUpcO+FjabE=
-15,42,RF34vtVCXS/6H4DEhcjD/beONsc=,VJXKvqak+olYOJOquUpcO+FjabE=
-5,39,RF34vtVCXS/6H4DEhcjD/beONsc=,VJXKvqak+olYOJOquUpcO+FjabE=
-4,39,RF34vtVCXS/6H4DEhcjD/beONsc=,VJXKvqak+olYOJOquUpcO+FjabE=
-16,42,RF34vtVCXS/6H4DEhcjD/beONsc=,VJXKvqak+olYOJOquUpcO+FjabE=
-3,39,RF34vtVCXS/6H4DEhcjD/beONsc=,VJXKvqak+olYOJOquUpcO+FjabE=
-1,41,RF34vtVCXS/6H4DEhcjD/beONsc=,VJXKvqak+olYOJOquUpcO+FjabE=
-2,39,RF34vtVCXS/6H4DEhcjD/beONsc=,VJXKvqak+olYOJOquUpcO+FjabE=
-1,39,RF34vtVCXS/6H4DEhcjD/beONsc=,VJXKvqak+olYOJOquUpcO+FjabE=
-16,40,RF34vtVCXS/6H4DEhcjD/beONsc=,VJXKvqak+olYOJOquUpcO+FjabE=
-2,41,RF34vtVCXS/6H4DEhcjD/beONsc=,VJXKvqak+olYOJOquUpcO+FjabE=
-15,40,RF34vtVCXS/6H4DEhcjD/beONsc=,VJXKvqak+olYOJOquUpcO+FjabE=
-3,41,RF34vtVCXS/6H4DEhcjD/beONsc=,VJXKvqak+olYOJOquUpcO+FjabE=
-14,40,RF34vtVCXS/6H4DEhcjD/beONsc=,VJXKvqak+olYOJOquUpcO+FjabE=
-13,40,RF34vtVCXS/6H4DEhcjD/beONsc=,VJXKvqak+olYOJOquUpcO+FjabE=
-4,41,RF34vtVCXS/6H4DEhcjD/beONsc=,VJXKvqak+olYOJOquUpcO+FjabE=
-12,40,RF34vtVCXS/6H4DEhcjD/beONsc=,VJXKvqak+olYOJOquUpcO+FjabE=
-5,41,RF34vtVCXS/6H4DEhcjD/beONsc=,VJXKvqak+olYOJOquUpcO+FjabE=
-11,40,RF34vtVCXS/6H4DEhcjD/beONsc=,VJXKvqak+olYOJOquUpcO+FjabE=
-10,40,RF34vtVCXS/6H4DEhcjD/beONsc=,VJXKvqak+olYOJOquUpcO+FjabE=
-6,41,RF34vtVCXS/6H4DEhcjD/beONsc=,VJXKvqak+olYOJOquUpcO+FjabE=
-9,40,RF34vtVCXS/6H4DEhcjD/beONsc=,VJXKvqak+olYOJOquUpcO+FjabE=
-5,32,RF34vtVCXS/6H4DEhcjD/beONsc=,VJXKvqak+olYOJOquUpcO+FjabE=
-10,34,RF34vtVCXS/6H4DEhcjD/beONsc=,VJXKvqak+olYOJOquUpcO+FjabE=
-8,40,RF34vtVCXS/6H4DEhcjD/beONsc=,VJXKvqak+olYOJOquUpcO+FjabE=
-7,41,RF34vtVCXS/6H4DEhcjD/beONsc=,VJXKvqak+olYOJOquUpcO+FjabE=
-6,32,RF34vtVCXS/6H4DEhcjD/beONsc=,VJXKvqak+olYOJOquUpcO+FjabE=
-7,40,RF34vtVCXS/6H4DEhcjD/beONsc=,VJXKvqak+olYOJOquUpcO+FjabE=
-8,41,RF34vtVCXS/6H4DEhcjD/beONsc=,VJXKvqak+olYOJOquUpcO+FjabE=
-6,40,RF34vtVCXS/6H4DEhcjD/beONsc=,VJXKvqak+olYOJOquUpcO+FjabE=
-9,41,RF34vtVCXS/6H4DEhcjD/beONsc=,VJXKvqak+olYOJOquUpcO+FjabE=
-5,40,RF34vtVCXS/6H4DEhcjD/beONsc=,VJXKvqak+olYOJOquUpcO+FjabE=
-10,41,RF34vtVCXS/6H4DEhcjD/beONsc=,VJXKvqak+olYOJOquUpcO+FjabE=
-4,40,RF34vtVCXS/6H4DEhcjD/beONsc=,VJXKvqak+olYOJOquUpcO+FjabE=
-11,41,RF34vtVCXS/6H4DEhcjD/beONsc=,VJXKvqak+olYOJOquUpcO+FjabE=
-3,40,RF34vtVCXS/6H4DEhcjD/beONsc=,VJXKvqak+olYOJOquUpcO+FjabE=
-12,41,RF34vtVCXS/6H4DEhcjD/beONsc=,VJXKvqak+olYOJOquUpcO+FjabE=
-2,40,RF34vtVCXS/6H4DEhcjD/beONsc=,VJXKvqak+olYOJOquUpcO+FjabE=
-13,41,RF34vtVCXS/6H4DEhcjD/beONsc=,VJXKvqak+olYOJOquUpcO+FjabE=
-15,41,RF34vtVCXS/6H4DEhcjD/beONsc=,VJXKvqak+olYOJOquUpcO+FjabE=
-16,41,RF34vtVCXS/6H4DEhcjD/beONsc=,VJXKvqak+olYOJOquUpcO+FjabE=
-14,41,RF34vtVCXS/6H4DEhcjD/beONsc=,VJXKvqak+olYOJOquUpcO+FjabE=
-1,40,RF34vtVCXS/6H4DEhcjD/beONsc=,VJXKvqak+olYOJOquUpcO+FjabE=
-9,34,RF34vtVCXS/6H4DEhcjD/beONsc=,VJXKvqak+olYOJOquUpcO+FjabE=
-2,35,RF34vtVCXS/6H4DEhcjD/beONsc=,VJXKvqak+olYOJOquUpcO+FjabE=
